image,emotion,text,source,split
"Invincible, Vol. 1.pdf_p0963_panel_1.jpg",neutral,,auto_ocr_sentiment,train
"Invincible, Vol. 1.pdf_p0953_panel_1.jpg",neutral,,auto_ocr_sentiment,train
"Invincible, Vol. 1.pdf_p0703_panel_1.jpg",neutral,"1U THINK,
THAT IT’S

I’ve BEEN
THINKING ABOUT
THIS ALREADY
AND I THINK I’ve
ALREADY PECIDED
ON A GOOD
NAME.

ITHINKI ~~
SHOULD MAKE
ABOUT SIX MORE
CLONES AND HAVE
YOU ALL BE MY
SLAVES--THAT WOULD
REALLY HELP US
ACHIEVE OUR--

. WELL, MY GOALS
Ss QUICKER.",auto_ocr_sentiment,train
"Invincible, Vol. 1.pdf_p0527_panel_5.jpg",neutral,"t WANT TO KNOW IF
THERE’S A TEMPER-
ATURE CHANGE, IF
THEIR ELECTRICITY
USAGE SPIES, IF

THEY SNEEZE-- «

WANT TO",auto_ocr_sentiment,train
"Invincible, Vol. 1.pdf_p1103_panel_0.jpg",neutral,,auto_ocr_sentiment,train
"Invincible, Vol. 1.pdf_p1011_panel_4.jpg",neutral,,auto_ocr_sentiment,train
"Invincible, Vol. 1.pdf_p0829_panel_0.jpg",neutral,"~ eo ee
en + ,
. ny
°
<—
~~

N\:
|

mm THE UNASSUMING TAILOR

Wl SHOP OF ARTHUR ROSENBAUM

SHO NNN

UNBEKNOWNST To HIS

CUSTOMERS, THE BULK

OF ART’S INCOME IS
GENERATEP BY PESIGNING
ANP CREATING COSTUMES
FOR SUPERHEROES.",auto_ocr_sentiment,train
"Invincible, Vol. 1.pdf_p0228_panel_4.jpg",neutral,"WELL... TO Be
HONEST, THIS NEW
GUARDIANS OF THE
GLOBE ISN’T NEARLY
DS EFFECTIVE OR
EFFICIENT AS THE",auto_ocr_sentiment,train
"Invincible, Vol. 1.pdf_p0178_panel_3.jpg",surprise,"TIMES DOT
HAVE TO TELL
You?!",auto_ocr_sentiment,train
"Invincible, Vol. 1.pdf_p0954_panel_0.jpg",anger,"I RESPECTFULLY \
DECLINE! |",auto_ocr_sentiment,train
"Invincible, Vol. 1.pdf_p0801_panel_1.jpg",neutral,,auto_ocr_sentiment,train
"Invincible, Vol. 1.pdf_p0068_panel_1.jpg",neutral,,auto_ocr_sentiment,train
"Invincible, Vol. 1.pdf_p0729_panel_3.jpg",neutral,,auto_ocr_sentiment,train
"Invincible, Vol. 1.pdf_p0322_panel_6.jpg",neutral,,auto_ocr_sentiment,train
"Invincible, Vol. 1.pdf_p0992_panel_5.jpg",neutral,"WHAIEVEK. ( —
>

THE GUY &
JUST SEEMS ¥",auto_ocr_sentiment,train
"Invincible, Vol. 1.pdf_p0188_panel_3.jpg",neutral,,auto_ocr_sentiment,train
"Invincible, Vol. 1.pdf_p0304_panel_1.jpg",neutral,,auto_ocr_sentiment,train
"Invincible, Vol. 1.pdf_p0347_panel_1.jpg",anger,"LETHAN!
DON’T SPEAK
TO YOUR FUTURE
KING THAT

WAY!",auto_ocr_sentiment,train
"Invincible, Vol. 1.pdf_p0132_panel_6.jpg",neutral,,auto_ocr_sentiment,train
"Invincible, Vol. 1.pdf_p0517_panel_3.jpg",neutral,"YOU’RE
RIGHT--T’LL
BE RIGHT
THERE.",auto_ocr_sentiment,train
"Invincible, Vol. 1.pdf_p0378_panel_4.jpg",neutral,"PREACH ON,
SISTER! I’M NOT
READY TO Give UV
EITHER. THERE’S

TOO MUCH AT :
STAKE! y

PEOPLE |
ARE COUNTING |
ON US! p",auto_ocr_sentiment,train
"Invincible, Vol. 1.pdf_p1083_panel_2.jpg",neutral,,auto_ocr_sentiment,train
"Invincible, Vol. 1.pdf_p0176_panel_1.jpg",neutral,,auto_ocr_sentiment,train
"Invincible, Vol. 1.pdf_p0777_panel_0.jpg",neutral,,auto_ocr_sentiment,train
"Invincible, Vol. 1.pdf_p0153_panel_8.jpg",neutral,,auto_ocr_sentiment,train
"Invincible, Vol. 1.pdf_p0944_panel_3.jpg",neutral,"Ll ont

hod isa fan",auto_ocr_sentiment,train
"Invincible, Vol. 1.pdf_p1010_panel_2.jpg",neutral,,auto_ocr_sentiment,train
"Invincible, Vol. 1.pdf_p0559_panel_4.jpg",anger,"PPEOPLE VY YOU'VE ALL

NGERED JUST GROWN

YEARS AGO ACCUSTOMED

ie KNOWS TO YOUR your
DANGER BACKWARPS = apccpne

   

-TION

METHOPS.

     
  
 
 

FACTORIES MAY
BE MORE
EFFICIENT BUT
I PROMISE
YOU THEY’RE

NOT AS
FUN.",auto_ocr_sentiment,train
"Invincible, Vol. 1.pdf_p0530_panel_3.jpg",neutral,,auto_ocr_sentiment,train
"Invincible, Vol. 1.pdf_p0345_panel_2.jpg",neutral,"JULD HAVE A

SELLING LIKE
SINCE HE",auto_ocr_sentiment,train
"Invincible, Vol. 1.pdf_p0022_panel_4.jpg",neutral,"YOU’RE NOT
INVINCIBLE
YOU KNOW.",auto_ocr_sentiment,train
"Invincible, Vol. 1.pdf_p0477_panel_5.jpg",surprise,"YEAH, IT KNOW.
IT’S JUST THAT--
OH, WAIT...

Be RIGHT
BACK.",auto_ocr_sentiment,train
"Invincible, Vol. 1.pdf_p0683_panel_6.jpg",neutral,"I KNOW THIS GOES FOR
JUST ABOUT ANYONE
AT THIS POINT--
BUT ISN’T SHE
ALITTLE YOUNG
FOR YOU?",auto_ocr_sentiment,train
"Invincible, Vol. 1.pdf_p0749_panel_0.jpg",neutral,,auto_ocr_sentiment,train
"Invincible, Vol. 1.pdf_p0249_panel_3.jpg",anger,"FOR THREE YEARS STRAIGHT I
ATTENDED AUDITIONS UNTIL AT
LAST... IT HAD PROVEN MYSELF.

I HAD IMPRESSED THE HEADS OF
RECRUITMENT SO MUCH THAT I GOT ONE OF THE
BEST POSTS IN THE CONQUERING COMMITTEE.

eee. et Se es a Sc i

I WAS STATIONED AT THE
FOREFRONT OF THE EXPANSION
EFFORTS... AT THE VERY EDGE

OF OUR EVER-GROWING EMPIRE.

Sa Sc
a

ws . a . A
eo Bd a",auto_ocr_sentiment,train
"Invincible, Vol. 1.pdf_p1080_panel_2.jpg",neutral,,auto_ocr_sentiment,train
"Invincible, Vol. 1.pdf_p0932_panel_2.jpg",neutral,"I LIKE YOU--
JUST NOT LIKE
THAT--",auto_ocr_sentiment,train
"Invincible, Vol. 1.pdf_p0143_panel_5.jpg",neutral,"ALL I KNOW FOR SURE IS
THAT SOMEONE WHO WAS
CRAZY ENOUGH TO BREAK
IN HERE AND ROB ME IS
ROAMING FREE OUT THERE
IN A SUIT THAT GIVES
THEM THE POWER TO
LEVEL CITES...

 

 

 

Ny ; ?",auto_ocr_sentiment,train
"Invincible, Vol. 1.pdf_p0957_panel_2.jpg",neutral,,auto_ocr_sentiment,train
"Invincible, Vol. 1.pdf_p0305_panel_5.jpg",neutral,,auto_ocr_sentiment,train
"Invincible, Vol. 1.pdf_p0572_panel_8.jpg",surprise,"WELL! I MEAN! ¥
UH! IT’s JUST |
THAT MY GIRL-

FRIEND AND I--
UM--NO, UH.",auto_ocr_sentiment,train
"Invincible, Vol. 1.pdf_p0029_panel_2.jpg",fear,"WITH NO CONFLICT AT HAND, OUR
HIGH COUNCIL REFUSED TO LET OUR
SOCIETY BECOME COMPLACENT.

 

   
 
 
 
 
 
  

COUNCIL MEMBERS ARGUED THAT
RATHER THAN REVEL IN OUR NEWFOUND
PERFECTION, We SHOULD TAKE IT UPON
OURSELVES TO ENSURE THAT OTHER
RACES, LESSER DEVELOPED THAN OUR
OWN, SHOULD BE ALLOWED TO DEVELOP
TO OUR LEVEL OF ADVANCEMENT. iP",auto_ocr_sentiment,train
"Invincible, Vol. 1.pdf_p0215_panel_4.jpg",neutral,ai :,auto_ocr_sentiment,train
"Invincible, Vol. 1.pdf_p0864_panel_0.jpg",fear,"AN UNDISCLOSED
LOCATION IN UTAH.

  

THE SECKET MOUNTAIN
BASE OF THE GUARDIANS |
OF THE GLOBE.",auto_ocr_sentiment,train
"Invincible, Vol. 1.pdf_p0232_panel_0.jpg",fear,"rT LAY IT ON Me,
V KIPPO. YOU PAIC

HARD EARNED
MONEY FOR THE

STUFF... THE

LEAST I CAN
IT WITH MY
ILLEGIBLE
SCRIBBLE.

    
     

HI, MISTER SCHAFF...
IT'S GREAT TO MEET
YOU. I BROUGHT A LOT
\ OF STUFF... YOU DON’T

 
  

    
    
    
 
 

  
 

eT
HAVE TO SIGN IT ALL

et
ev Ta",auto_ocr_sentiment,train
"Invincible, Vol. 1.pdf_p0834_panel_6.jpg",anger,"YOUR MOTHER
TOLD Me YOUR
HOUSE WAS
ATTACKED.

   
   
 
    

  

THAT’S
HORRIBLE.",auto_ocr_sentiment,train
"Invincible, Vol. 1.pdf_p0071_panel_2.jpg",neutral,,auto_ocr_sentiment,train
"Invincible, Vol. 1.pdf_p1065_panel_4.jpg",anger,"I'M ALREADY FAILING
EVERYTHING.
APPARENTLY THERE’S
NOTHING I CAN DO
TO NOT FAIL BIOLOGY...

THE JERK.
1’M |

QUITTING. THAT’S
ALL THERE IS TO IT.
I CAN MAKE MONEY
OFF MY POWERS-—-
WORKING FOR THE
GOVERNMENT--
WHATEVER.",auto_ocr_sentiment,train
"Invincible, Vol. 1.pdf_p0721_panel_7.jpg",neutral,,auto_ocr_sentiment,train
"Invincible, Vol. 1.pdf_p1104_panel_2.jpg",fear,"I'M NOT SAYING YOU
DID ANYTHING WRONG,
I’M SAYING THIS--
GOING STRAIGHT,
ABIDING THE LAW--IS
NOT WORKING
FOR US.

 
 
 
 
 
  
 
  
 
 
   
   
  
       
 
  
 

IT JUST AIN’T!

YOU--BUT THIS IS
KILLING ME. LOOK AT
THIS PLACE! LOOK
AT HOW WE’RE
LIVING!

  

WE TRIED...
Zy AND IT DIDN'T
WORK. HOW LONG

DO WE KEEP
FAILING BEFORE
WE JUST GIVE
up?!",auto_ocr_sentiment,train
"Invincible, Vol. 1.pdf_p0723_panel_7.jpg",neutral,,auto_ocr_sentiment,train
"Invincible, Vol. 1.pdf_p0351_panel_0.jpg",anger,"FINALLY! WITH THIS EQUIPMENT YES, AND THEN We’LL BE ABLE
LL BE ABLE TO DECIPHER WHICH TO TURN OUR ATTENTION TO MORE
ONE OF US IS THE ORIGINAL-- IMPORTANT MATTERS, SUCH AS

AND WHICH IS THE WORLP CONQUEST ANP REVENGE
CLONE. AGAINST THOSE WHO HAVE
THWARTED OUR PLANS!",auto_ocr_sentiment,train
"Invincible, Vol. 1.pdf_p1067_panel_2.jpg",anger,"HE DION'T THING
IT WAS TOO SOON...
AFTER YOUR
HUSBAND...2

 
    
   
      

THAT WAS
YOUR MAIN
. CONCERN.",auto_ocr_sentiment,train
"Invincible, Vol. 1.pdf_p0506_panel_7.jpg",neutral,,auto_ocr_sentiment,train
"Invincible, Vol. 1.pdf_p0988_panel_1.jpg",neutral,,auto_ocr_sentiment,train
"Invincible, Vol. 1.pdf_p0252_panel_0.jpg",neutral,,auto_ocr_sentiment,train
"Invincible, Vol. 1.pdf_p0639_panel_8.jpg",anger,"ARE YOU OFF
TO IN SUCH A
HURRY #",auto_ocr_sentiment,train
"Invincible, Vol. 1.pdf_p0299_panel_2.jpg",anger,"GOUQV FOR HER
N THE LONG RUN
TO HAVE HEARD
EVERYTHING

YOUR FATHER",auto_ocr_sentiment,train
"Invincible, Vol. 1.pdf_p0060_panel_3.jpg",neutral,"ANYWAY, AS 1 WAS SAYING... YOUVE PONG
ALOT OF GOOP THESE PAST THREE
MONTHS. TO BE QUITE HONEST,

I’M IMPRESSED.",auto_ocr_sentiment,train
"Invincible, Vol. 1.pdf_p0824_panel_1.jpg",neutral,,auto_ocr_sentiment,train
"Invincible, Vol. 1.pdf_p0667_panel_2.jpg",fear,"FOR NOW--THE MAIN PRIORITY
IS KEEPING ANPRESSA AND THE
BABY SAFE. THE VILTRUMITES
WILL TARGET THEM FIRST IF
THEY THINK I’M ATTACHED TO
THEM EMOTIONALLY.

   
     
   
     
 
   
    

STAY LOW
TO THE GROUND
SO THEY DON’T
SPOT YOU. THEY’RE
ATTACKING FROM THE
SOUTH SIDE OF THE
CITY ANP THE CAVES
ARE NORTH--THEY

SHOULON’T SEE
YOU.

 
   
    
 
   
   
 
    
  
 

   
  

BUT GO
ANP GO NOW.
I’LL MEET YOU
THERE--THEN
We CAN PLAN
OUR ATTACK.",auto_ocr_sentiment,train
"Invincible, Vol. 1.pdf_p1068_panel_0.jpg",neutral,"- ad 7

fd ee . 7
7 A oe an
- AT ae
ai a

—_
ceed

VILTRUMITE PRISON, I

EXACT LOCATION | ri geey: il

ee | Pc gre
a - ‘ NN am - ) .

i. Le

b
r f —
F -
oe oC",auto_ocr_sentiment,train
"Invincible, Vol. 1.pdf_p0578_panel_3.jpg",neutral,"a

“s-
id a ~ ny WAnD\",auto_ocr_sentiment,train
"Invincible, Vol. 1.pdf_p0771_panel_0.jpg",neutral,"AN UNDISCLOSEP
LOCATION.",auto_ocr_sentiment,train
"Invincible, Vol. 1.pdf_p0904_panel_0.jpg",neutral,,auto_ocr_sentiment,train
"Invincible, Vol. 1.pdf_p0015_panel_1.jpg",neutral,,auto_ocr_sentiment,train
"Invincible, Vol. 1.pdf_p0144_panel_0.jpg",neutral,,auto_ocr_sentiment,train
"Invincible, Vol. 1.pdf_p0520_panel_4.jpg",neutral,"OUK
PLEASURE, IN
THE END. We've

LEARNED A
GREAT PEAL

ON THIS
PROVECT.",auto_ocr_sentiment,train
"Invincible, Vol. 1.pdf_p0212_panel_1.jpg",neutral,"I’M SURE
REX WILL TELL
YOU ABOUT IT

HOW
GO THE
2 AUDITIONS 2",auto_ocr_sentiment,train
"Invincible, Vol. 1.pdf_p0188_panel_5.jpg",neutral,,auto_ocr_sentiment,train
"Invincible, Vol. 1.pdf_p0685_panel_0.jpg",neutral,"ee ee
\ | . ere ’
\ —

‘\

    

a |

=e a
x 7 a )

 

GIRLFRIEND, AMBER

ACROSS TOWN.
THE COLLEGE OF
INVINGIBLE’S
BENNETT.",auto_ocr_sentiment,train
"Invincible, Vol. 1.pdf_p0093_panel_0.jpg",neutral,,auto_ocr_sentiment,train
"Invincible, Vol. 1.pdf_p0396_panel_3.jpg",neutral,,auto_ocr_sentiment,train
"Invincible, Vol. 1.pdf_p0406_panel_1.jpg",neutral,"I WISH YOU
WOULDN’T EAT
S0 FAST. THAT
CAN'T BE GOOD

FOR YOU.",auto_ocr_sentiment,train
"Invincible, Vol. 1.pdf_p0462_panel_4.jpg",neutral,"A TWO-WEEK TRIP
TO MARS, FOLLOWED
BY THIS. I GOTTA
EARN THAT PAY
SOMEHOW,
RIGHT",auto_ocr_sentiment,train
"Invincible, Vol. 1.pdf_p0043_panel_1.jpg",neutral,"WHY ARE WE GOING OUT
HERE 4 DO YOU TAKE THE
BUS TO YOUR TEAN’S
SECRET BASE?",auto_ocr_sentiment,train
"Invincible, Vol. 1.pdf_p0629_panel_5.jpg",neutral,,auto_ocr_sentiment,train
"Invincible, Vol. 1.pdf_p0609_panel_1.jpg",anger,"4 CAN HANYLE
OCTOBOSS! You
NEED TO STOY
THE SQUIDMEN!
THEY’RE STEALING
THE PLUTONIUM!",auto_ocr_sentiment,train
"Invincible, Vol. 1.pdf_p0372_panel_3.jpg",neutral,,auto_ocr_sentiment,train
"Invincible, Vol. 1.pdf_p1098_panel_6.jpg",neutral,,auto_ocr_sentiment,train
"Invincible, Vol. 1.pdf_p0906_panel_2.jpg",neutral,,auto_ocr_sentiment,train
"Invincible, Vol. 1.pdf_p0682_panel_6.jpg",neutral,"YOU HAVE TO REALIZE.
I REMEMBER EVERY
ONE OF THEM--EVERY
LAST ONE. I REMEMBER
THE SOUND OF THEIR
VOICES, THE SMELL OF
THEIR HAIR, THEIR
FAVORITE THINGS,

EVERYTHING. I HAVEN'T

FORGOTTEN. THE
YEARS CONTINUE ON--
AND SO DO T, UNCHANGED...
BUT THE PEOPLE AROUND
ME--THEY TOUCH MY LIFE,
I EXPERIENCE THEM,
THEY BECOME A PART
OF MY LIFE.",auto_ocr_sentiment,train
"Invincible, Vol. 1.pdf_p0747_panel_7.jpg",anger,"FEED YOUR —
BROTHER WHILE
I GO GET YOUR

HES.",auto_ocr_sentiment,train
"Invincible, Vol. 1.pdf_p0596_panel_1.jpg",anger,"‘ ¥: °

HE WAS BORN INTO | ”

A POOR FAMILY. HE |:. .

HAP NO FOOD, NO ANP NO [eg e ~

MONEY, NO T_ = FUTURE. —
\

FRIENDS...",auto_ocr_sentiment,train
"Invincible, Vol. 1.pdf_p0760_panel_9.jpg",neutral,,auto_ocr_sentiment,train
"Invincible, Vol. 1.pdf_p0272_panel_3.jpg",neutral,,auto_ocr_sentiment,train
"Invincible, Vol. 1.pdf_p0251_panel_1.jpg",neutral,,auto_ocr_sentiment,train
"Invincible, Vol. 1.pdf_p0115_panel_4.jpg",neutral,,auto_ocr_sentiment,train
"Invincible, Vol. 1.pdf_p0470_panel_6.jpg",neutral,,auto_ocr_sentiment,train
"Invincible, Vol. 1.pdf_p0469_panel_3.jpg",neutral,,auto_ocr_sentiment,train
"Invincible, Vol. 1.pdf_p0028_panel_0.jpg",neutral,"OKAY, SON. YOU
MAY HAVE NOTICED
BY NOW THAT I’M NOT
LIKE NORMAL DADS. I’ve...
AVOIDED THE SUBUECT
FOR FAR TOO MANY YEARS,
AND YOUR MOTHER AND I
HAVE DECIDED THAT IT’S
TIME YOU KNEW
THE TRUTH.

WE
THINK YOU’RE
OLD ENOUGH
FOR Me TO TELL
YOU WHERE I
REALLY COME

FROM.",auto_ocr_sentiment,train
"Invincible, Vol. 1.pdf_p0457_panel_1.jpg",neutral,,auto_ocr_sentiment,train
"Invincible, Vol. 1.pdf_p0544_panel_7.jpg",fear,"UNPER-
STOOP. SO
EARLIER TONIGHT
WHEN I THOUGHT
YOU WERE
TALKING TO
YOURSELF 4",auto_ocr_sentiment,train
"Invincible, Vol. 1.pdf_p1012_panel_5.jpg",anger,"NEEP YOU
IN SPACE,
KIP--RIGHT

AGAIN
I THOUGHT
HEY FINISHED
THE SPACE &f
STATION
ALREADY. |,
aa

WE CAN FINISH
THIS LATER. GO
ON--BE A HERO...
MAKE ME

Lo PROUD.
a",auto_ocr_sentiment,train
"Invincible, Vol. 1.pdf_p0739_panel_9.jpg",fear,"7 HE } T NEED

  
    
 
 
 

 

--SPEAK OF
THE DEVIL. LOOKS
LIKE I’VE GOT TO

RUN. I’LL SEE YOU
TOMORROW?",auto_ocr_sentiment,train
"Invincible, Vol. 1.pdf_p0059_panel_1.jpg",neutral,"I’M JUST
GETTING READY TO
GO OUT ON PATROL.
I FIGURED T’D TAKE
A STROLL AROUNP THE
CITY BY AIR AND MAKE
SURE EVERYTHING’S
ON THE UP AND
UP.

YOU
MINE IF I TAG
ALONG? I THINK
We’RE ABOUT
DUE FOR A
TEAM- UP.",auto_ocr_sentiment,train
"Invincible, Vol. 1.pdf_p0030_panel_1.jpg",neutral,"THE FIRST STEP OF THE INITIATIVE WAS PLANETS THAT WERE FARK ENOUGH ALONG
TO LOCATE OTHER PLANETS THAT WERE THAT THE POSSIBILITY OF GREATNESS WAS
IN A CRUCIAL STAGE OF PEVELOPMENT... THERE, BUT WERE NOT SO FAR ALONG THAT

THEIR OUTCOME WAS ALREADY DECIDED.",auto_ocr_sentiment,train
"Invincible, Vol. 1.pdf_p0805_panel_2.jpg",neutral,"SPLENPID-- *
ALTHOUGH, WE’RE
STILL UNCERTAIN
EXACTLY WHY YOU
DION’T ALLOW YOUR
CLONED BODY TO
- MATURE TO ADULTHOOD
m (IT WOULD HAVE BEEN
VEOY CAGY TO DO.",auto_ocr_sentiment,train
"Invincible, Vol. 1.pdf_p0397_panel_4.jpg",neutral,"rr

Wh
EO
yr
Way
=z
-—

ARE OUT. SHE
MIGHT Be
ASLEEP",auto_ocr_sentiment,train
"Invincible, Vol. 1.pdf_p0329_panel_1.jpg",neutral,"OKAY,

ENOUGH: “Léi’s
GET TO THE GOOD
STUFF. YOU AND
EVE... WHAT’S
UP WITH
THAT?",auto_ocr_sentiment,train
"Invincible, Vol. 1.pdf_p0735_panel_0.jpg",neutral,,auto_ocr_sentiment,train
"Invincible, Vol. 1.pdf_p1020_panel_5.jpg",neutral,"I DON'T °
THAEDUS ¢
YOU A GRE.
THINK HE
RISK T
AG:",auto_ocr_sentiment,train
"Invincible, Vol. 1.pdf_p0143_panel_1.jpg",neutral,"I... I WAS DEVELOPING
A SUIT THAT WOULD
RESTORE BLACK
SAMSON'S POWERS.
YOU KNEW ABOUT HIS
INCIDENT, RIGHT?

YEAH, THE
GUARDIANS
TOLD Me THEY
HAD TO LET
HIM GO.

  
 

WELL
APPARENTLY
HE WANTED BACK
IN, AND CONTRACTED }
ME TO BUILD HIM A
SUPER-SUIT... NOW J
IT’S GONE.",auto_ocr_sentiment,train
"Invincible, Vol. 1.pdf_p0508_panel_4.jpg",neutral,"Al MY AGe 4
YOU'D BE
SURPRISED.

CECIL
STEDMAN,

PLEASE REPORT
TO CONTROL
CENTER C.

 

I’VE GOT TO BE
GOING, ANYWAY.
I’VE GOT CLASSES

TOMORROW.",auto_ocr_sentiment,train
"Invincible, Vol. 1.pdf_p1020_panel_6.jpg",neutral,"INK SO. NO.

EMS TO VALUE

DEAL. I DON’T PL
WANT ME TO L KING
2NING YOU YOU.",auto_ocr_sentiment,train
"Invincible, Vol. 1.pdf_p0619_panel_2.jpg",neutral,"I SEE YOU--
YOU'RE THERE--
BUT YOU’RE NOT
SCIENCE
POG!!!

SCIE
POG
COMIC
CHARA",auto_ocr_sentiment,train
"Invincible, Vol. 1.pdf_p0716_panel_1.jpg",sadness,"<
EN
; i

VERY GOOD, MARK. THIS BEAM
WILL BE THE SUPPORT STRUCTURE
FOR A GRAND PALACE THAT WILL
BE BUILT HERE. I CAN’T THANK
YOU ENOUGH FOR ALL YOU’VE

DONE.

 

 
   
 
 
    
 
 
 
 
      
 
     
 
 
    
   

 
 

 
 

WITHOUT YOU--
THIS CLEANUP WOULD
HAVE TAKEN
GENERATIONS, BUT
WITH YOUR HELP I
MAY VERY WELL SEE
THE REBIRTH OF OUR
GREAT CITY IN MY
LIFETIME.

I’M JUST
GLAD I COULD
HELP--AFTER

EVERYTHING YOUR
PEOPLE HAVE GONE
THROUGH, IT’S
THE LEAST I
COULD DO.

 

I’M SORRY FOR THE INTERRUPTION,
QUEEN ANPRESSA--BUT YOU TOLD ME
TO INFORM YOU THE MINUTE A NEw
SPACE VESSEL WAS COMPLETED
THAT COULD RETURN THE MARK
GRAYSON TO HIS

PLANET.",auto_ocr_sentiment,train
"Invincible, Vol. 1.pdf_p1084_panel_6.jpg",neutral,,auto_ocr_sentiment,train
"Invincible, Vol. 1.pdf_p0152_panel_1.jpg",neutral,,auto_ocr_sentiment,train
"Invincible, Vol. 1.pdf_p0023_panel_0.jpg",neutral,,auto_ocr_sentiment,train
"Invincible, Vol. 1.pdf_p0975_panel_2.jpg",neutral,,auto_ocr_sentiment,train
"Invincible, Vol. 1.pdf_p0681_panel_4.jpg",neutral,"ah
Ov
> 2
Ww
wv Ww
q

a",auto_ocr_sentiment,train
"Invincible, Vol. 1.pdf_p0761_panel_3.jpg",neutral,,auto_ocr_sentiment,train
"Invincible, Vol. 1.pdf_p0127_panel_4.jpg",neutral,,auto_ocr_sentiment,train
"Invincible, Vol. 1.pdf_p0657_panel_2.jpg",surprise,"PONALD!!
YOU'RE A
ROBOT?!",auto_ocr_sentiment,train
"Invincible, Vol. 1.pdf_p1063_panel_1.jpg",neutral,,auto_ocr_sentiment,train
"Invincible, Vol. 1.pdf_p0984_panel_5.jpg",neutral,,auto_ocr_sentiment,train
"Invincible, Vol. 1.pdf_p0421_panel_2.jpg",neutral,,auto_ocr_sentiment,train
"Invincible, Vol. 1.pdf_p0986_panel_6.jpg",neutral,,auto_ocr_sentiment,train
"Invincible, Vol. 1.pdf_p0519_panel_0.jpg",neutral,,auto_ocr_sentiment,train
"Invincible, Vol. 1.pdf_p0885_panel_5.jpg",neutral,"wy UEKY COWL. XN
B gd! Pressive--

VERY
IMPRESSIVE. (oy

NOT
REALLY.

IT WAS JUST A
SIMPLE MATTER
OF MAPPING
POSSIBLE
OUTCOMES AND
WEIGHING THE
PROBABILITIES OF
SAID OUTCOMES--
AND MAPPING THE
MOST LIKELY
SITUATION THAT

WOULP YIELD
PR, THE DESIRED
me A RESULTS ANP

/ THEN--

 
  
 
 
 
 
 
 
 
     
       

©",auto_ocr_sentiment,train
"Invincible, Vol. 1.pdf_p0427_panel_1.jpg",fear,"ISOTOPE HERE TELLS ME
YOU HAVEN’T BEEN EARNING
LIKE YOU USED TO... SAYS THERE
ARE EVEN REPORTS OF YOU
WORKING ALONGSIDE SOME
COSTUMED CLOWN NAMED
INVINCIBLE SHORTLY AFTER
THE INVASION... I FING
THIS TO BE VERY
UNUSUAL.

   
   
   
   
   
   
   
   
   
   
 
    
   
  

eh
PN pLeasep.

  

 

  

I KNOW,

TITA
KNOW YOU'RE
SORRY.

 
    

   

I’M SORRY,
MACHINE HEAP.
I’LL TURN IT
AROUNP--YOU’LL
SEE.

  
 
      
 

I JUST
PRAY YOU

LIVE LONG

ENOUGH TO
MAZE IT UP TO
wet 6OME. ONE NEVER
WE Knows THESE",auto_ocr_sentiment,train
"Invincible, Vol. 1.pdf_p0704_panel_0.jpg",neutral,"OKAY, I CAN IMAGINE
YOU’RE NOT TOO
PLEASED WITH THIS
SITUATION BUT THIS
FALSE SERVITUDE IS
STARTING TO GET
ANNOYING.

      

a

~ ri
Ad AS

Co
an aff",auto_ocr_sentiment,train
"Invincible, Vol. 1.pdf_p0446_panel_0.jpg",neutral,"1a,. ‘
Pees taste

.~ t
. BEER",auto_ocr_sentiment,train
"Invincible, Vol. 1.pdf_p0192_panel_0.jpg",neutral,"WHY

Are we
DOING THIS BECAUSE,

THE

I READ ON
a
AGAIN? INTERNET THAT IE
YOU PRINK FROM
THE IMMORTAL’S
SKULL YOU'LL
LIVE FOREVER.",auto_ocr_sentiment,train
"Invincible, Vol. 1.pdf_p0506_panel_4.jpg",neutral,,auto_ocr_sentiment,train
"Invincible, Vol. 1.pdf_p0560_panel_2.jpg",neutral,"AL
MONTHS I’VE WAITED
FOR THIS?",auto_ocr_sentiment,train
"Invincible, Vol. 1.pdf_p0504_panel_2.jpg",neutral,"BUT THAT’S JUST
THE BEGINNING OF
MY POWERS.",auto_ocr_sentiment,train
"Invincible, Vol. 1.pdf_p0440_panel_2.jpg",neutral,,auto_ocr_sentiment,train
"Invincible, Vol. 1.pdf_p0010_panel_2.jpg",neutral,,auto_ocr_sentiment,train
"Invincible, Vol. 1.pdf_p0610_panel_4.jpg",neutral,,auto_ocr_sentiment,train
"Invincible, Vol. 1.pdf_p0783_panel_3.jpg",surprise,"i ae Ne
2

A |
SAPIEN?!

WS REALLY?! Me

 

 

a",auto_ocr_sentiment,train
"Invincible, Vol. 1.pdf_p0262_panel_2.jpg",neutral,,auto_ocr_sentiment,train
"Invincible, Vol. 1.pdf_p0783_panel_1.jpg",neutral,,auto_ocr_sentiment,train
"Invincible, Vol. 1.pdf_p0770_panel_0.jpg",neutral,,auto_ocr_sentiment,train
"Invincible, Vol. 1.pdf_p0202_panel_1.jpg",neutral,"VO YOU WANT
TO PO SOME
PATROLLING OR
PO YOU NEED TO
GO STRAIGHT
HOME?",auto_ocr_sentiment,train
"Invincible, Vol. 1.pdf_p0252_panel_2.jpg",neutral,,auto_ocr_sentiment,train
"Invincible, Vol. 1.pdf_p0262_panel_1.jpg",neutral,,auto_ocr_sentiment,train
"Invincible, Vol. 1.pdf_p0792_panel_3.jpg",neutral,"Rell ool Weel leteeeleel Bsanen

Poe tT tt

NO,

YOU PRESS LIKE A
BAT AND YOUR NAME
IS--I MEAN, DON’T
YOU THINK THAT’S ,

KINDPALAZY? @

NEVER
MIND--I'/VeE

CONVERSATION

|
XQ

rintf

 

ONCE TOPAY.

 

 

 

     

      

amm {",auto_ocr_sentiment,train
"Invincible, Vol. 1.pdf_p0898_panel_2.jpg",neutral,,auto_ocr_sentiment,train
"Invincible, Vol. 1.pdf_p0358_panel_3.jpg",neutral,,auto_ocr_sentiment,train
"Invincible, Vol. 1.pdf_p0046_panel_0.jpg",neutral,,auto_ocr_sentiment,train
"Invincible, Vol. 1.pdf_p0420_panel_2.jpg",neutral,,auto_ocr_sentiment,train
"Invincible, Vol. 1.pdf_p0130_panel_1.jpg",fear,"WELL... WE'VE
GOT TEN MINUTES
TO GET WHERE
We NEED TO Be.

 
 
 
     

   
    
    
 
   
   
   

  

WHERE IS IT WE'RE
THAT WE NEED SUPPOSED TO
TO BE? MEET HER AT
THE ADMISSIONS
OFFICE... WHICH
IS THIS WAY...

I THINK,",auto_ocr_sentiment,train
"Invincible, Vol. 1.pdf_p1015_panel_1.jpg",disgust,"SO... THIS IS YOUR ae
LAST CHANCE TO Oe
SURRENPER.

I
SUGGEST
You JAKE",auto_ocr_sentiment,train
"Invincible, Vol. 1.pdf_p0689_panel_9.jpg",neutral,,auto_ocr_sentiment,train
"Invincible, Vol. 1.pdf_p0317_panel_0.jpg",sadness,"Tt

U

KEEPING THEM .

HERE WOULD BEA \f

DEATH SENTENCE.
HOPEFULLY THEY’VE
LEARNED THEIR
LESSON.

 

MOE ZAP OA .,) yy’ I’M
Sie i acne

YEE \L NEW GUY.

lt Det",auto_ocr_sentiment,train
"Invincible, Vol. 1.pdf_p0892_panel_2.jpg",neutral,"OUR BEST GUYS ARE * BUT H

GOING TO WORK ON REMEMBER.
HIM--RESTORE HIM.
WHEN WE’RE DONE...

YOU WON’T BE ABLE

TO TELL ANYTHING

WAS EVER DONE
%",auto_ocr_sentiment,train
"Invincible, Vol. 1.pdf_p0182_panel_3.jpg",anger,"PLEASE CONTINUE...

WE DO NOT WISH
TO CAUSE A

SCENE.

   
   
   
   
  
   
     

  

WE ARE
HERE TO PAY OUR
RESVECTS TO A WORTHY
APVERSARY. NOTHING
MORE, We WILL NOT
INTERFERE WITH THE
PROCEEDINGS.",auto_ocr_sentiment,train
"Invincible, Vol. 1.pdf_p0833_panel_3.jpg",anger,"THEN I

HINK BACK

UT THAT LOOK
Ve'S FACE...

ONE FROM THE
URE... WHEN

 

TOLD ME SHE §

OVED ME.",auto_ocr_sentiment,train
"Invincible, Vol. 1.pdf_p0432_panel_0.jpg",surprise,"OH CRAP!

WHERE DID

I WAS
GONE FOR
TWO SECONDS!
WHAT COULD
HAVE--2!",auto_ocr_sentiment,train
"Invincible, Vol. 1.pdf_p0944_panel_4.jpg",neutral,"nee | EVEKYONG-- Faas
3 my, Close TO
ME--",auto_ocr_sentiment,train
"Invincible, Vol. 1.pdf_p0008_panel_3.jpg",neutral,"NO, HE’S
HAD ALOT OF
TROUBLE AT WORK,

LATELY. IT JUST WISH
I KNEW WHERE HE WAS.",auto_ocr_sentiment,train
"Invincible, Vol. 1.pdf_p0281_panel_0.jpg",neutral,"i !

WES

ae: RA SAL vA
Free eA

»
\i

Hy
sf

BE
par
A kd

A N aM .

. Oy it An ba lO ! ane Min

; Ni AN A SoS Rare 6 Tor

deny OOH Se |
(UA.",auto_ocr_sentiment,train
"Invincible, Vol. 1.pdf_p0582_panel_1.jpg",anger,"YOU THINK
I CAN'T HURT
YOU?! YOU THIN

READY FOR
WHAT'S COMING.
I PROMISE YOU

I’VE BEEN

A Ay t |

YOU’VE GOT
Kip--Give It
TO US! DON’T

\ CHALLENGE!
. A

a

F A we

)
)) r
i a

oe Bd
ae
tf
™/™

y A

QUICKLY--
BEFORE HE

NOW! ALL AT ¢
ONCE!! DON’T
GIVE HIM TIME
TO FIGHT be

satay

/

eRe",auto_ocr_sentiment,train
"Invincible, Vol. 1.pdf_p0227_panel_9.jpg",neutral,,auto_ocr_sentiment,train
"Invincible, Vol. 1.pdf_p1083_panel_3.jpg",neutral,,auto_ocr_sentiment,train
"Invincible, Vol. 1.pdf_p0172_panel_2.jpg",fear,"DO YOU THINK
SAMSON WAS
CAPABLE OF
SOMETHING LIKE
THIS

AT ALL. HE WASN’T
POWERFUL ENOUGH TO
TAKE ON ANY OF THE

 

GUARDIANS ALONE WHEN
HE HAP HIS POWERS.",auto_ocr_sentiment,train
"Invincible, Vol. 1.pdf_p0638_panel_3.jpg",neutral,"MV WV Nee

gyeus |

fy

Xf

Y]
ME
x",auto_ocr_sentiment,train
"Invincible, Vol. 1.pdf_p0322_panel_1.jpg",surprise,"OH, MARK... I
DION’T KNOW

YOM yaar

YOU BEEN
OKAY 4",auto_ocr_sentiment,train
"Invincible, Vol. 1.pdf_p0783_panel_2.jpg",neutral,,auto_ocr_sentiment,train
"Invincible, Vol. 1.pdf_p0062_panel_0.jpg",fear,"AS YOU GET
OLPER ANP YOUR
POWERS INCREASE,
YOU SHOULD BE

   

$0... |S THAT
GOING TO COME
NATURALLY OR
AM I GOING TO

   
     
     
     
  

     
       
  

 
  
     
 

HAVE TO ABLE TO FLY

PRACTICE? I FASTER. TO BE

MEAN, I COULD HONEST, I
BARELY KEEP & DON’T KNOW HOW ALL
UP WITH YOU THIS IS GOING TO WORK.
ON THE WAY YOU MAY NEVER GET

    
  

  
 
 

HERE!

  

    

AS POWERFUL °8¢ aaa",auto_ocr_sentiment,train
"Invincible, Vol. 1.pdf_p0607_panel_0.jpg",neutral,"HAVEN’T SEEN YOU IN ina OH--HEY. YEAH--I/M ES
HERE FOR ALONG TIME-~ hf Sot {} AT UPSTATE UNIVERSITY \S
YOU USED TO COME | a | .
ERY WEEK.

(ep magene

MP 2. t_ st

Ft a
Oh al

(_{ /§

fot on.)
‘aan. ie - \F2 ae
- eae , C
\",auto_ocr_sentiment,train
"Invincible, Vol. 1.pdf_p0814_panel_4.jpg",neutral,,auto_ocr_sentiment,train
"Invincible, Vol. 1.pdf_p0192_panel_4.jpg",neutral,"ONES
y ow bw
‘ ne (Et

Lf Me, {"" PS {~ nN
Ns TF NN",auto_ocr_sentiment,train
"Invincible, Vol. 1.pdf_p0665_panel_8.jpg",neutral,,auto_ocr_sentiment,train
"Invincible, Vol. 1.pdf_p0125_panel_2.jpg",surprise,"YEP.
HE’S GOING TO
Be HERE ANY
MINUTE!",auto_ocr_sentiment,train
"Invincible, Vol. 1.pdf_p0725_panel_3.jpg",neutral,"THEN I
SUPPOSE WE
SHOULD GET

BACK TO

WORK.",auto_ocr_sentiment,train
"Invincible, Vol. 1.pdf_p0396_panel_1.jpg",anger,"OH, NOTHING. THE,
UH, THE MANAGER IS A
HUGE JERK. IT’S JUST
UNCOMFORTABLE
TO GO IN THERE.

YOU KNOW
I WORKEP
THERE FOR FIVE
MONTHS...",auto_ocr_sentiment,train
"Invincible, Vol. 1.pdf_p0794_panel_0.jpg",neutral,,auto_ocr_sentiment,train
"Invincible, Vol. 1.pdf_p0448_panel_0.jpg",anger,"7} DON’T SWEAT IT--
fF IT’S NOT A BIG DEAL.
BUT--IT’S NOT LI

T",auto_ocr_sentiment,train
"Invincible, Vol. 1.pdf_p0997_panel_9.jpg",neutral,,auto_ocr_sentiment,train
"Invincible, Vol. 1.pdf_p0760_panel_3.jpg",neutral,"AVES INTO
A COFFEE
REAM AND
zg. HOW’S
WORK?

f",auto_ocr_sentiment,train
"Invincible, Vol. 1.pdf_p0749_panel_2.jpg",neutral,"” GOOD MORNING.
LISTEN, YOU REALLY
SHOULD STOP LOCKING
YOUR WINDOW. I’M
GOING TO GET SPOTTED
OUT THERE WAITING FOR
YOU TO OVEN IT
ONE DAY.",auto_ocr_sentiment,train
"Invincible, Vol. 1.pdf_p0817_panel_2.jpg",surprise,"BUT Tre PHONE CALL-—
WHAT WAS THAT ABOUT
SOMETHING HAD TO HAVE
HAPPENED COMETHING' S
GOING ON.",auto_ocr_sentiment,train
"Invincible, Vol. 1.pdf_p0119_panel_1.jpg",neutral,"I’ve

GOT SCHOOL
TOMORROW ANP
I’M BEAT... I'M

GOING TO GO",auto_ocr_sentiment,train
"Invincible, Vol. 1.pdf_p1070_panel_1.jpg",neutral,,auto_ocr_sentiment,train
"Invincible, Vol. 1.pdf_p1035_panel_4.jpg",neutral,"FAILED MY
COURSE.",auto_ocr_sentiment,train
"Invincible, Vol. 1.pdf_p0357_panel_2.jpg",sadness,"LM SOKKY
YOU MISSED
YOUR
FLIGHT.

On, > NOT
A BIG DEAL. I LEFT
A MESSAGE
FOR MY SON. HE’LL
BE HERE AS SOON
AS HE GETS IT.",auto_ocr_sentiment,train
"Invincible, Vol. 1.pdf_p1078_panel_1.jpg",surprise,"IS IT
SOMETHING
{ BIG? YOU NEED",auto_ocr_sentiment,train
"Invincible, Vol. 1.pdf_p1114_panel_0.jpg",neutral,"Since first breaking in as the writer of his self-published Battle Pope, ROBERT KIRKMAN
has been a strident proponent of creator-owned comics. Making his home at Image Comics
early on, Kirkman is the creator and co-creator of some of the company’s most beloved
titles, including Invincible, The Walking Dead and The Astounding Wolf-Man. Based on the
strength of his creator-owned properties, the writer was offered work at Marvel Comics,
where he worked on popular characters such as the X-Men and Fantastic Four, while
launching the fan-favorite The Irredeemable Ant-Man and Destroyer MAX. More recently,
Kirkman has committed himself fully to creator-owned work, continuing his ongoing titles
and also acting as writer on new series Thief of Thieves under his Skybound imprint at
image.

The co-creator of Invincible. CORY WALKER was also the series’ original artist, drawing
issues #1-7 and setting the tone for the title. Since then, the talented artist has performed
art duties on numerous titles at both Marvel and DC Comics, including issues of Marvel
Team-Up, The Irredeemable Ant-Man, Punisher War Journal, and Shadowpact in addition
to acting as sole artist on the critically acclaimed Destroyer MAX, alongside writer and
Invincible co-creator Robert Kirkman. Walker has never forgotten his creation however,
and has contributed frequent guest spots on Invincible issues, covers and back-ups.",auto_ocr_sentiment,train
"Invincible, Vol. 1.pdf_p0228_panel_3.jpg",surprise,"SHEESH, WHAT

GIVES? YOU’VE

BEEN ALL OVER

THE PLACE ALL

THIS WEEK. I’Ve

BARELY SEEN
YOU.",auto_ocr_sentiment,train
"Invincible, Vol. 1.pdf_p0161_panel_3.jpg",neutral,"’S

SUCCESSOR FOR
4 REASON.

z
te
220
ga:
“s
224;
Sonu
42
a)
wo
>

AS MY FRIEND",auto_ocr_sentiment,train
"Invincible, Vol. 1.pdf_p1002_panel_1.jpg",neutral,"err

r'M
Nese

f",auto_ocr_sentiment,train
"Invincible, Vol. 1.pdf_p0012_panel_4.jpg",neutral,,auto_ocr_sentiment,train
"Invincible, Vol. 1.pdf_p0646_panel_3.jpg",neutral,"Va Ue oe

THEIR ELDERS ARE THE
RULING CLASS. THE ELDEST

KNOWN MEMBER OF THE
SPECIES IS CROWNED RULER

OF THE ENTIRE PLANET.

THEY CYCLED
THROUGH LEADERS
AT AVERY RAPID
PACE.",auto_ocr_sentiment,train
"Invincible, Vol. 1.pdf_p0676_panel_2.jpg",neutral,"WHAT WILL
YOU PO NOW Z
HOW WILL YOU

PROTECT

US?",auto_ocr_sentiment,train
"Invincible, Vol. 1.pdf_p0355_panel_0.jpg",neutral,"| BACK,
MONSTER!",auto_ocr_sentiment,train
"Invincible, Vol. 1.pdf_p0774_panel_1.jpg",neutral,,auto_ocr_sentiment,train
"Invincible, Vol. 1.pdf_p0621_panel_4.jpg",anger,"fe AKE NOT FULLY
AWARE OF YOUR
CUSTOMS AND
BEHAVIOR. WE
WERE NOT SURE
AOW YOU WOULD
REACT.",auto_ocr_sentiment,train
"Invincible, Vol. 1.pdf_p0410_panel_3.jpg",neutral,"OL’ SECRET
IDENTITY.

Ww
x
te
Zz
So
x
0
=)
So

w
wW
sy",auto_ocr_sentiment,train
"Invincible, Vol. 1.pdf_p0298_panel_1.jpg",anger,"YEAH... TO SAY THE LEAST. IT’S
PUBLIC KNOWLEDGE THAT YOU WERE
THE SON OF OMNI-MAN. NOW THE
PUBLIC SEES YOU AND OMNI-MAN IN
A KNOCK-DOWN, PRAG-OUT BRAWL
THAT RESULTED IN THOUSANDS
OF LOST LIVES, AND OVER

TWICE AS MANY C
INJURIES.
NOBOPY LBA

  
 
  
      

KNOWS WHY,
THOUGH. NOBODY KNOWS
YOU WERE PROTECTING

THIS PLANET FROM
YOUR FATHER. NOBODY
KNOWS THAT YOU Were
RISKING YOUR LIFE FoR
THE GOOD OF
US ALL.",auto_ocr_sentiment,train
"Invincible, Vol. 1.pdf_p0216_panel_3.jpg",neutral,,auto_ocr_sentiment,train
"Invincible, Vol. 1.pdf_p0524_panel_7.jpg",fear,"IF THAT IS YOUK WISH.
I WOULD Be HAPPY

  

YOU WOULD
STILL BE ABLE TO
TURN INTO YOUR

MONSTER FORM IF
YOU WERE IN ANY DAN-
GER IN THE SUIT--IF
THINGS GOT BAP--YOU
COULD CHANGE--BUT

 
    
   
  
 

POWERS MUCH
' LESS.

 

IT’S THE
ONLY SOLUTION
I CAN COME
UP WITH--
CONSIDERING

CECIL DENIED
YOU A LEAVE OF
ABSENCE, ,",auto_ocr_sentiment,train
"Invincible, Vol. 1.pdf_p0976_panel_3.jpg",neutral,"(\.
W
z
9

OKAY --

ey «WHO'S READY

=
w
tw
Ww
<
tw
o
u",auto_ocr_sentiment,train
"Invincible, Vol. 1.pdf_p0308_panel_1.jpg",neutral,"Sd...
YOU'RE A
VILTRUMITE?

     
  
      
   
 
    
   

 
 

: BUT
YOU DON’T
WORK FOR
THEM... AND
YOUR PAD
LEFT. HE
JUST",auto_ocr_sentiment,train
"Invincible, Vol. 1.pdf_p1057_panel_5.jpg",neutral,"TEACHING MY
BROTHER
ALL KINDS OF |",auto_ocr_sentiment,train
"Invincible, Vol. 1.pdf_p0568_panel_3.jpg",neutral,"OKAY --SORRY.
JUST, UH... LET
ME GET MY
CLOTHES

ON.",auto_ocr_sentiment,train
"Invincible, Vol. 1.pdf_p0013_panel_0.jpg",neutral,,auto_ocr_sentiment,train
"Invincible, Vol. 1.pdf_p0829_panel_4.jpg",anger,"FRAID THAT'S
ENTIAL, SON.
HAVE TO WAIT
E IT IN ACTION
KE EVERYONE
ELSE.

      

  
  

THIS
CLIENT IS

VE
PARTICULAR. 4",auto_ocr_sentiment,train
"Invincible, Vol. 1.pdf_p0007_panel_3.jpg",anger,"WeLL, YOU
NEED TO STOP
READING THAT

COMIC BOOK ANP
START GETTING
READY.

YOU’RE

GOING TO
Be LATE FOR
SCHOOL!",auto_ocr_sentiment,train
"Invincible, Vol. 1.pdf_p0131_panel_1.jpg",neutral,,auto_ocr_sentiment,train
"Invincible, Vol. 1.pdf_p0809_panel_3.jpg",neutral,"YOU’RE
SCREWED.",auto_ocr_sentiment,train
"Invincible, Vol. 1.pdf_p0916_panel_2.jpg",joy,"g. me.

 

a /
ad

t
_—

= yf
ae
!

aah

 

 

>
SK:
j
= , ¢ ;
I-31

LIZARD!

WW
i
Q
~
\",auto_ocr_sentiment,train
"Invincible, Vol. 1.pdf_p0762_panel_2.jpg",neutral,"YOU THINK He
REALLY CHANGED
HIS WAYS? YOUR
DAD, I MEAN. OR
PO YOU THINK HE
LIED TO YOU TO
GET YOU TO HELP
HIM?",auto_ocr_sentiment,train
"Invincible, Vol. 1.pdf_p0521_panel_9.jpg",neutral,,auto_ocr_sentiment,train
"Invincible, Vol. 1.pdf_p0217_panel_4.jpg",neutral,,auto_ocr_sentiment,train
"Invincible, Vol. 1.pdf_p0401_panel_5.jpg",anger,"HAD ASSUMEP
2 FREEDOM WOULD
NOUGH, BUT I CAN
AYS THREATEN TO
AVE YOU IN THIS
NSION IF YOU NEED
PED INCENTIVE.",auto_ocr_sentiment,train
"Invincible, Vol. 1.pdf_p0433_panel_0.jpg",neutral,,auto_ocr_sentiment,train
"Invincible, Vol. 1.pdf_p0210_panel_2.jpg",neutral,,auto_ocr_sentiment,train
"Invincible, Vol. 1.pdf_p1100_panel_4.jpg",neutral,,auto_ocr_sentiment,train
"Invincible, Vol. 1.pdf_p0118_panel_3.jpg",neutral,,auto_ocr_sentiment,train
"Invincible, Vol. 1.pdf_p1090_panel_2.jpg",neutral,,auto_ocr_sentiment,train
"Invincible, Vol. 1.pdf_p0624_panel_3.jpg",neutral,"NO--I/M NOT. N
PLEASE, GIVE wie, A
MINUTE OF PEACE So T

CAN TELL MY GiRL-
FRIEND WHAT'S GOING
ON. I DON’T HAVE
MUCH TIME.",auto_ocr_sentiment,train
"Invincible, Vol. 1.pdf_p0965_panel_0.jpg",neutral,"ITIS ONLY A MATTER OF
TIME UNTIL YOUR LITTLE
BARRIER COLLAPSES--
ALREADY WE FEEL IT
BEGINNING TO STRAIN
AND BUCKLE UNDER

IT'S INEVITABLE
SOLIPS--SOON, WE
WILL ARRIVE AT YOUR
PLANET--AND MY
HOSTILE TAKEOVER WILL 0 Meine wl TH
BE SUPPEN AND

YOUR PEOPLE- -
COMPLETE. TO FORM ONE

BEING- -ONE RACE.
YOUR CONSCIOUSNESS
WILL BEND TO 0URS--

TOGETHER WE WILL

EXIST IN GLORIOUS JS

UNITY. S

<sS

ce

YW

77 e
tS EEE ch Oe Vy
‘ ‘EEX L
9 &
Cc ay fC vy YU ‘of

t

THERE IS
NOTHING
YOU CAN BO

. “4 sph et
a (QSMARE AEE",auto_ocr_sentiment,train
"Invincible, Vol. 1.pdf_p0752_panel_1.jpg",fear,"RUS LIVINGSTON. TI
WONPER WHAT KIND
JF PERSON YOU WERE.
I HOPE YOU'RE POING
OKAY BACK ON MY
HOME WORLD.

   
     
  
    
     
   
   
   
   
   
   

I DON’T
EVEN KNOW
WHAT THAT
MEANS.

 
     

WHAT HAVE
I DONE? I SHOULD
HAVE NEVER LEFT YOU
THERE--SWITCHING
PLACES WITH YOU. T
HAVE GOTTEN YOU
FIRED FROM NASA AND
NOW THEY TELL Me",auto_ocr_sentiment,train
"Invincible, Vol. 1.pdf_p0538_panel_6.jpg",neutral,,auto_ocr_sentiment,train
"Invincible, Vol. 1.pdf_p0582_panel_0.jpg",neutral,Zi <<,auto_ocr_sentiment,train
"Invincible, Vol. 1.pdf_p0886_panel_1.jpg",neutral,,auto_ocr_sentiment,train
"Invincible, Vol. 1.pdf_p1003_panel_0.jpg",surprise,"HEY, KIDDO. WY HELLO, BROTHER.
HOW You A J’MWELL. I TRUST |
‘BEEN? 4 YOU ARE WELL?

—

        

 

mod",auto_ocr_sentiment,train
"Invincible, Vol. 1.pdf_p0221_panel_2.jpg",neutral,"I

e
ee
ee) LL

Wey

   
 

[",auto_ocr_sentiment,train
"Invincible, Vol. 1.pdf_p0176_panel_5.jpg",neutral,,auto_ocr_sentiment,train
"Invincible, Vol. 1.pdf_p0045_panel_4.jpg",neutral,"I DON’T THINK YOU REALIZE
HOW IMPORTANT OUR WORK
HERE IS. WE BAPLY NEED
THOSE EXTRA PROCESSORS.
THAT SHIPMENT IS ALREADY
IN STOCK BY NOW, ANP
THEY WON’T BE RECEIVING
ANOTHER FOR NEARLY
A MONTH.

       
    
 
  

      

  
    

EE]",auto_ocr_sentiment,train
"Invincible, Vol. 1.pdf_p0079_panel_5.jpg",neutral,"I JUST NEVER KNOW WHAT TO THINK... THERE’S
NO WAY OF TELLING HOW LONG HE’LL BE GONE.
DO YOU REMEMBER WHEN YOU WERE LITTLE...
AND He WAS GONE FOR ALMOST SIX
MONTHS? HE MISSED YOUR
BIRTHDAY THAT
YEAR.

 

(IT’S
GOING TO
BE OKAY, MOM.
DON’T WORRY
ABOUT PAP.
HE’LL BE
BACK...",auto_ocr_sentiment,train
"Invincible, Vol. 1.pdf_p0999_panel_0.jpg",neutral,"Ss _ © an eae ; ""'"" — i mm
N UPSTATE UNIVERSITY. P ie ss

THE DORM ROOM OF ; ela a
inti ce 7 act mT ue Tm
| tt e im",auto_ocr_sentiment,train
"Invincible, Vol. 1.pdf_p0899_panel_2.jpg",neutral,,auto_ocr_sentiment,train
"Invincible, Vol. 1.pdf_p0263_panel_2.jpg",neutral,"SON,

YOU DON’T
UNDERSTANP

INTERFERE.",auto_ocr_sentiment,train
"Invincible, Vol. 1.pdf_p0423_panel_1.jpg",neutral,,auto_ocr_sentiment,train
"Invincible, Vol. 1.pdf_p1067_panel_1.jpg",neutral,"SO HE TOOK IT WELL?
THAT'S GREAT. HE
SOUNDS LIKE SUCH

A NICE BOY. I CAN’T

WAIT TO MEET

HIM,

}

 
  
  
   
    

HE IS, HE’S SO NICE.
HE SAYS HE’S JUST
HAPPY THAT I’M
HAPPY. IT WAS
VERY SWEET.",auto_ocr_sentiment,train
"Invincible, Vol. 1.pdf_p0509_panel_3.jpg",neutral,". FOK NOW, WL - Y
STICK TO THIS LOCATION LIKE
GLUE. I DON’T WANT TO TIP

OUR HAND UNTIL WE KNOW ,
WHAT THEY’RE 4

ALERT ME ,
IMMEDIATELY
IF THERE ARE ANY
DEVELOPMENTS.",auto_ocr_sentiment,train
"Invincible, Vol. 1.pdf_p0899_panel_3.jpg",neutral,"THAT--
MANIAC! TL |
HE FRIES FOR
HE’S DONE--k
THOSE OTHER PF
HE'S INSANE--
A MONSTE

BE GLAD
IvIP. ABROKE
JAW IS ENOUGH
FOR HIM Now.
DON’T WORRY,
MARK--HE’LL
GET WHAT HE

: . PESERVES.

~~ rd",auto_ocr_sentiment,train
"Invincible, Vol. 1.pdf_p0879_panel_2.jpg",neutral,,auto_ocr_sentiment,train
"Invincible, Vol. 1.pdf_p0739_panel_4.jpg",surprise,"YEAH, HE
‘PORTED OVER
WHILE YOU
WERE WITH YOUR
GIRLFRIEND.",auto_ocr_sentiment,train
"Invincible, Vol. 1.pdf_p0125_panel_0.jpg",neutral,"IS WILLIAM
SUPPOSED",auto_ocr_sentiment,train
"Invincible, Vol. 1.pdf_p0184_panel_5.jpg",anger,"UNLESS YOUR
TAILORING SKILLS MAKE
YOU INVULNEKABLE,
I’ve GOT TO GET",auto_ocr_sentiment,train
"Invincible, Vol. 1.pdf_p0040_panel_4.jpg",anger,"GOT THAT
. RIGHT!",auto_ocr_sentiment,train
"Invincible, Vol. 1.pdf_p0126_panel_3.jpg",neutral,,auto_ocr_sentiment,train
"Invincible, Vol. 1.pdf_p0023_panel_4.jpg",neutral,,auto_ocr_sentiment,train
"Invincible, Vol. 1.pdf_p0581_panel_4.jpg",neutral,,auto_ocr_sentiment,train
"Invincible, Vol. 1.pdf_p0213_panel_0.jpg",neutral,"D HAVE EVEN DEEN re Ne
eth Aah TO Z—_|\ ALLOWED To TO ANNOUNCE OUR i
WASTE MY TIME. LINE UP FOR THE Ss J
N
y

 
 
 
 

YOU KNOW WHO NEW GUARDIAN’S
mony OF YoUwHo YOU ARE. OF THE GLOBE.

HAP CONFLICTING
POWERS THAT WOULD
HAVE MADE YOUR
INCLUSION ON THE TEAM |
REPUNDANT... AND
WHILE YOU WERE
QUALIFIED WE WENT
WITH SOMEONE WITH
MORE EXPERIENCE
bh WHO HAD SIMILAR
. POWERS.

   

 

 
   
    
 
   
   
   
   
   

a)
ee",auto_ocr_sentiment,train
"Invincible, Vol. 1.pdf_p0674_panel_4.jpg",neutral,"I'M JUST...
STUNNED. THIS

IS JUST...
UNBELIEVABLE.",auto_ocr_sentiment,train
"Invincible, Vol. 1.pdf_p0368_panel_6.jpg",neutral,,auto_ocr_sentiment,train
"Invincible, Vol. 1.pdf_p0482_panel_1.jpg",anger,"$0 FAK SO GOOV. ITS
ONLY BEEN ONE DAY BUT
MY CLASSES SEEM OKAY--
NOTHING TOO TERRIBLY
DIFFICULT AND I‘/M STARTING
TO GET MY BEARINGS ON
THE CAMPUS, SO THINGS
ARE GOOD.

IT’S GOING
TO SUCK WHEN

if DRIVE. WOULDN’T
BE SUCH A BIG",auto_ocr_sentiment,train
"Invincible, Vol. 1.pdf_p1032_panel_1.jpg",neutral,,auto_ocr_sentiment,train
"Invincible, Vol. 1.pdf_p0232_panel_1.jpg",surprise,"L GOTTA SAY, MAN...
I’M AMAZED AT HOW
YOU GET THESE
THINGS OUT ON A
MONTHLY BASIS. IT
SEEMS LIKE SO MUCH
WORK TO PO IN SUCH

A SHORT AMOUNT
OF TIME... AND
YOU'RE NEVER
LATE.",auto_ocr_sentiment,train
"Invincible, Vol. 1.pdf_p0188_panel_6.jpg",neutral,,auto_ocr_sentiment,train
"Invincible, Vol. 1.pdf_p0659_panel_1.jpg",neutral,,auto_ocr_sentiment,train
"Invincible, Vol. 1.pdf_p0979_panel_1.jpg",neutral,,auto_ocr_sentiment,train
"Invincible, Vol. 1.pdf_p0844_panel_3.jpg",neutral,,auto_ocr_sentiment,train
"Invincible, Vol. 1.pdf_p0528_panel_2.jpg",neutral,". AND
I SAID, “IT
SMELLS LIKE
WE'RE STILL
SHOOTING
MONKEYS INTO
SPACE INSIDE
iT!”",auto_ocr_sentiment,train
"Invincible, Vol. 1.pdf_p0951_panel_0.jpg",neutral,", eS —

A ee!
er Sr)
a i re

 

BULLETPROOF

HAS REVEALED
THEIR VULNERABILITY. ¥
lF-F THESE CKEATURES §",auto_ocr_sentiment,train
"Invincible, Vol. 1.pdf_p0739_panel_7.jpg",fear,"YEAH--I GOT TO SPEND
TIME WITH HIM ON THE
PLANET A LITTLE BIT,
BUT I WAS WITH HIM
IN THE SHIP FOR SIX
PAYS ON THE WAY
HERE.

    

C
Be",auto_ocr_sentiment,train
"Invincible, Vol. 1.pdf_p0824_panel_9.jpg",neutral,"OLIVEK.
HE’S GOING
TO BE NAMED
OLIVER.

THAT
WAS MY
FATHER’S
NAME.",auto_ocr_sentiment,train
"Invincible, Vol. 1.pdf_p0126_panel_0.jpg",neutral,,auto_ocr_sentiment,train
"Invincible, Vol. 1.pdf_p0817_panel_4.jpg",neutral,,auto_ocr_sentiment,train
"Invincible, Vol. 1.pdf_p0401_panel_2.jpg",neutral,,auto_ocr_sentiment,train
"Invincible, Vol. 1.pdf_p0275_panel_2.jpg",neutral,,auto_ocr_sentiment,train
"Invincible, Vol. 1.pdf_p0320_panel_2.jpg",neutral,"-FERENCE TO HIS NAME, HIS Jd
NY LOCATIONS... NOTHING WAS
SPECIFICALLY MENTIONED.",auto_ocr_sentiment,train
"Invincible, Vol. 1.pdf_p0167_panel_0.jpg",neutral,,auto_ocr_sentiment,train
"Invincible, Vol. 1.pdf_p0232_panel_7.jpg",neutral,,auto_ocr_sentiment,train
"Invincible, Vol. 1.pdf_p0579_panel_0.jpg",neutral,,auto_ocr_sentiment,train
"Invincible, Vol. 1.pdf_p0349_panel_3.jpg",neutral,,auto_ocr_sentiment,train
"Invincible, Vol. 1.pdf_p0451_panel_0.jpg",neutral,"S50, WHAT DO YOU PLAN
TO DO AFTER THISZ YOU
COULP MAKE MONEY
WORKING FOR THE
GUARDIANS OF
THE GLOBE.",auto_ocr_sentiment,train
"Invincible, Vol. 1.pdf_p0519_panel_1.jpg",neutral,,auto_ocr_sentiment,train
"Invincible, Vol. 1.pdf_p0131_panel_4.jpg",neutral,"--t LL SHOW
YOU THE REST
FACILITY.

   

ss os
SEN Oe
NA \ tein JL”
A nN / Jk es
Sey mL, af A

 

ROSS Sry
RSE VU

Se

a",auto_ocr_sentiment,train
"Invincible, Vol. 1.pdf_p0514_panel_7.jpg",neutral,"any

ea

ry
|",auto_ocr_sentiment,train
"Invincible, Vol. 1.pdf_p0460_panel_0.jpg",neutral,wy Te pein DT,auto_ocr_sentiment,train
"Invincible, Vol. 1.pdf_p0404_panel_1.jpg",neutral,"SCHOOL.

   

  

ESPECIALLY
NOW THAT COLLEGE
IS ONLY A FEW
WEEKS AWAY.",auto_ocr_sentiment,train
"Invincible, Vol. 1.pdf_p0058_panel_3.jpg",neutral,"Ort. FINE. VO YOU
WANT TO WASH
OR RINSE?",auto_ocr_sentiment,train
"Invincible, Vol. 1.pdf_p0759_panel_8.jpg",neutral,,auto_ocr_sentiment,train
"Invincible, Vol. 1.pdf_p1011_panel_3.jpg",neutral,,auto_ocr_sentiment,train
"Invincible, Vol. 1.pdf_p0240_panel_0.jpg",neutral,,auto_ocr_sentiment,train
"Invincible, Vol. 1.pdf_p0761_panel_4.jpg",surprise,"YEAH, THe FLANET
WHERE MY BROTHER’S
MOTHER CAME FROM--
WHERE I GOT MY
LITTLE BROTHER...",auto_ocr_sentiment,train
"Invincible, Vol. 1.pdf_p0162_panel_1.jpg",neutral,"GUARVIANS
OF THE GLOBE

PRIORITY ALERT.
RETURN TO BASE
IMMEDIATELY.",auto_ocr_sentiment,train
"Invincible, Vol. 1.pdf_p0402_panel_1.jpg",neutral,,auto_ocr_sentiment,train
"Invincible, Vol. 1.pdf_p0934_panel_2.jpg",neutral,"OM VY MARK--DO YOU THI
HT? EVE'S SKIN IS STRO
{ZE ENOUGH TO WITHSTL

THE SEQUIDS—-—-TH«
THINGS YOU
ENCOUNTERED Ob

MARS?",auto_ocr_sentiment,train
"Invincible, Vol. 1.pdf_p0386_panel_3.jpg",neutral,,auto_ocr_sentiment,train
"Invincible, Vol. 1.pdf_p0032_panel_1.jpg",neutral,"5.

 

Soo =

Se",auto_ocr_sentiment,train
"Invincible, Vol. 1.pdf_p0542_panel_3.jpg",anger,"NO, I’M FING. THE
IMMORTAL, THE LEAPER
OF THE GUARDIANS
OF THE GLOBE, CAME
BACK TO LIFE.

NO PUH,
RIGHT? WITH
THAT NAME, TI",auto_ocr_sentiment,train
"Invincible, Vol. 1.pdf_p0551_panel_3.jpg",neutral,"STRUCTURE AND SOCIAL BEHAVIOR
IN UNOVAN SOCIETY.

Ga
C a
x

YS Sy
MENA
g VOB C .

y R ay

AN

Ld
KA )
( \\ Ja",auto_ocr_sentiment,train
"Invincible, Vol. 1.pdf_p0278_panel_4.jpg",neutral,,auto_ocr_sentiment,train
"Invincible, Vol. 1.pdf_p0091_panel_4.jpg",neutral,,auto_ocr_sentiment,train
"Invincible, Vol. 1.pdf_p0834_panel_8.jpg",neutral,,auto_ocr_sentiment,train
"Invincible, Vol. 1.pdf_p0484_panel_5.jpg",neutral,,auto_ocr_sentiment,train
"Invincible, Vol. 1.pdf_p0873_panel_1.jpg",fear,"IS NEVER GOING TO
WORK.

     
 
 
 
  
 
 
 
 
 
 
  

  

DUDE, LISTEN
TO Me. I TOLO YOU
THERE WAS A REPORT
ON THE LOCAL NEWS
ABOUT ALL THESE
MISSING BUMS AROUND

CAMPUS. HOMELESS
DUDES ARE GETTING
PRETTY SCARCE
AROUND HERE.

  
   
 

MOST OF
THEM STOLEN
RIGHT OUT
OCF THIS",auto_ocr_sentiment,train
"Invincible, Vol. 1.pdf_p0560_panel_1.jpg",neutral,"BUT IF I'M DISCOVERED--
I COULD BE STRIPPED OF MY
TITLE. I’VE GOT A DEPOSIT

CYCLE COMING UP. IF MY
LEVELS AREN’T ABOVE
STANDPARD--THEY’LL
REALIZE--",auto_ocr_sentiment,train
"Invincible, Vol. 1.pdf_p0895_panel_0.jpg",neutral,"se

* ey
Bie .
a

a Ge ll \
aU)

, bag: |
Pe NE
Po? Pe F- - =",auto_ocr_sentiment,train
"Invincible, Vol. 1.pdf_p0818_panel_0.jpg",neutral,"MOMENTS LATER,
AT THE PENTAGON.

WHERE CECIL STEPMAN
RUNS THE GLOBAL
PEFENSE AGENCY.",auto_ocr_sentiment,train
"Invincible, Vol. 1.pdf_p0566_panel_0.jpg",fear,"LATER--MUCH LATER--
AT THE MEDICAL CENTER
OF TALESCRIA.

   
 

HOURS AFTER ALLEN’S

— BODY WAS RECOVEKED.",auto_ocr_sentiment,train
"Invincible, Vol. 1.pdf_p0085_panel_3.jpg",neutral,,auto_ocr_sentiment,train
"Invincible, Vol. 1.pdf_p1086_panel_5.jpg",neutral,,auto_ocr_sentiment,train
"Invincible, Vol. 1.pdf_p0626_panel_4.jpg",neutral,,auto_ocr_sentiment,train
"Invincible, Vol. 1.pdf_p0546_panel_1.jpg",surprise,"WHAT?
YOU WANT Me
TO TAKE YOU
FLYING NOW?
WILLIAM ALWAYS
WANTS ME TO
TAKE HIM
FLYING...",auto_ocr_sentiment,train
"Invincible, Vol. 1.pdf_p0817_panel_5.jpg",neutral,"THEY
WERE HERE.

THEY'RE
AT THE
PENTAGON,
KID. We’Re |
WAITING FOR f
) YOU. 4",auto_ocr_sentiment,train
"Invincible, Vol. 1.pdf_p0023_panel_2.jpg",neutral,,auto_ocr_sentiment,train
"Invincible, Vol. 1.pdf_p0753_panel_5.jpg",neutral,,auto_ocr_sentiment,train
"Invincible, Vol. 1.pdf_p0040_panel_2.jpg",neutral,"WE HAD cue
ELEMENT OF
SURPRISE.

SORRY, ‘BOT.

IT SEEMED LiKE
A GOOD IDEA AT

\ THE TIME. ff

WELL,
TRY TO LEAVE
THE GOOD IDEAS
UP TO NE. ;",auto_ocr_sentiment,train
"Invincible, Vol. 1.pdf_p0380_panel_5.jpg",neutral,,auto_ocr_sentiment,train
"Invincible, Vol. 1.pdf_p0404_panel_4.jpg",neutral,,auto_ocr_sentiment,train
"Invincible, Vol. 1.pdf_p1046_panel_6.jpg",neutral,,auto_ocr_sentiment,train
"Invincible, Vol. 1.pdf_p0368_panel_5.jpg",neutral,"I KNOW EXACTLY WHAT
YOU MEAN. WHEN TI HAVE
THE COSTUME ON AND I’M
OUT FIGHTING BAD GUYS

I FORGET ALL ABOUT
DAD... I ALMOST FEEL
NORMAL FOR ALITTLE
WHILE.

JUST
ALITTLE
WHILE,
THOUGH.

MOM,
I DON’T
THINK I’M

EVER GOING
TO BE OKAY.

YOU'LL
BE FINE,
MARK. WE'LL
GET THROUGH
THIS. IF I CAN,
YOU CAN.",auto_ocr_sentiment,train
"Invincible, Vol. 1.pdf_p0018_panel_5.jpg",surprise,"NO.

I HAVEN’T
EVEN REALLY
THOUGHT

ABOUT IT. |",auto_ocr_sentiment,train
"Invincible, Vol. 1.pdf_p0669_panel_0.jpg",neutral,"THESE ARE THE CAVES
OF ROCLAINE--ONCE EVERY

GENERATION OUR PLANET IS” §
FORCED TO ENPURE MASSIVE §

LIGHTNING STORMS. IT HAS &

BEEN THIS WAY FORALL 4

OF RECORDED
HISTORY.

ROCLAING
DISCOVERED
THIS CAVE
SYSTEM AND LED
OUR PEOPLE HERE

FOR SHELTER
AGAINST THE STORM
MANY, MANY
AGES AGO.",auto_ocr_sentiment,train
"Invincible, Vol. 1.pdf_p1098_panel_0.jpg",neutral,"4

\ .
aa
bi

WHERE MARK GRAYSON
ANP WILLIAM CLOCKWELL

| cla OO He Oe A
See UNIVERSITY,
CURRENTLY ATTEND
CLASSES

“of

a

i

‘
<a 6 \
—
=
ale

N =
a
ny

fl

cy
1

r L

=
= Ji
a.

| je

y

r

AA D - ”
ae f AS » j
a {; Uf

Ph

TT TN
i
7

C4",auto_ocr_sentiment,train
"Invincible, Vol. 1.pdf_p0251_panel_0.jpg",sadness,"—TF
RE UNSTOPPABLE. ih 7

im td

  
   
   

 
      

  

f
-

       
 
   
  
 
   
   
 
    
 

 

 

 
 

   
   

 

  

  
   

   

   
  
 

   
  
   
 

      

      
  
    
 

  
 
  

ION Pe
rom ny ny
COT ‘ Tins a : ey,
MTEC iT LIT
mom LTT TT
TTT MPF
Mh A Y Wy
PT nn ve 7
OI es fa
eam WITT Phot
UU | | (LCEIICECTOTIN
A lt, RP er yi

fe KA ys
Rhys

‘
Var",auto_ocr_sentiment,train
"Invincible, Vol. 1.pdf_p0934_panel_6.jpg",fear,"NEED TO CALL
MY GIRLFRIEND
ANP MY MOM AND
LET THEM KNOW
WHAT’S UP--DO
I HAVE TIME

FOR THAT? A

 

wo MW
SOON DO We ji
LEAVE?",auto_ocr_sentiment,train
"Invincible, Vol. 1.pdf_p0541_panel_0.jpg",anger,"I FACED A FEW GOoP
ONES: THE MAULER
TWINS, TITAN, POC

SEISMIC, THE LIZARD

LEAGUE, AND THIS ONE
DUDE CALLED ""THE
ELEPHANT"" BUT HE

WAS REALLY JUST A

LAME RIP-OFF OF
“THE RHINO.""

  
 
    

THAT
GUY KINPA
SUCKED. &",auto_ocr_sentiment,train
"Invincible, Vol. 1.pdf_p0208_panel_3.jpg",neutral,"DROPPED
ME OFF. I’M
TRYING OUT.",auto_ocr_sentiment,train
"Invincible, Vol. 1.pdf_p0451_panel_2.jpg",neutral,"LISTEN--YOU NEVER
CARRIED ANYONE

HEAVY, HAVE YOU?
THIS AIN’T EXACTLY
COMFORTABLE,
Y'KNOW?",auto_ocr_sentiment,train
"Invincible, Vol. 1.pdf_p1037_panel_3.jpg",joy,"GKEAT, MOM.
I’M HAPPY

FOR YOU. ~»",auto_ocr_sentiment,train
"Invincible, Vol. 1.pdf_p0801_panel_4.jpg",fear,"WHEN We Gel [HekKe-—
YOU THINK YOU CAN
STOP BY DEBBIE’S
VLACE? I WANT TO

CHECK IN, SEE WHAT’S

GOING ON.

   
  
   
 

  

I’M WORRIED.
MARK WOULDN’T
HAVE LEFT INA
HURRY LIKE THAT
IF IT WASN/T
INPORTANT.",auto_ocr_sentiment,train
"Invincible, Vol. 1.pdf_p0964_panel_2.jpg",disgust,"SAFETY, HIPPEN UNTIL
THE BATTLE IS OVER AND
THE VICTOR IS EITHER ON
YOUR SIDE OR TOO WEARY ff
' AND INJURED TO
PUT UP MUCH OF

A FIGHT2

HOW
CAN THAT
BE ANYTHING

I
SUGGEST
YOU SAY A
PRAYER.",auto_ocr_sentiment,train
"Invincible, Vol. 1.pdf_p0381_panel_3.jpg",neutral,,auto_ocr_sentiment,train
"Invincible, Vol. 1.pdf_p0544_panel_1.jpg",sadness,"OH, SORRY. I GUESS
I GOT ALITTLE AHEAD
WAS THE GUY THAT
SAVED ME--AFTER MY
PAD LEFT ME FOR
DEAD, THAT Is.",auto_ocr_sentiment,train
"Invincible, Vol. 1.pdf_p0806_panel_1.jpg",neutral,"ITWASA
SUCCESS! THE
PROCESS HAS

WORKED. JUST AT WHAT

WE’VE
BECOME.",auto_ocr_sentiment,train
"Invincible, Vol. 1.pdf_p1018_panel_4.jpg",neutral,"YOU'RE
BEEFIER.",auto_ocr_sentiment,train
"Invincible, Vol. 1.pdf_p0222_panel_1.jpg",neutral,"5

MY “WITTY
‘. BANTER

I'M ST
WORKING ON

IT WAS A CHEESY
LINE ANYWAY

a
=)
W
3s
t
<q
WwW
Ss",auto_ocr_sentiment,train
"Invincible, Vol. 1.pdf_p0072_panel_4.jpg",neutral,,auto_ocr_sentiment,train
"Invincible, Vol. 1.pdf_p0997_panel_6.jpg",neutral,,auto_ocr_sentiment,train
"Invincible, Vol. 1.pdf_p0378_panel_2.jpg",neutral,"YEz
oe

SEE
r2Zzo",auto_ocr_sentiment,train
"Invincible, Vol. 1.pdf_p0119_panel_3.jpg",neutral,"SOUNDS 10 Me LIKE SOM
SITTING AT THIS TABLE SI
START USING HIS BRAIN
LITTLE MORE OFTEN TI
HIS BRAWN.",auto_ocr_sentiment,train
"Invincible, Vol. 1.pdf_p0473_panel_6.jpg",surprise,"HAL! My
ne
my
ial

i ?",auto_ocr_sentiment,train
"Invincible, Vol. 1.pdf_p0217_panel_5.jpg",neutral,,auto_ocr_sentiment,train
"Invincible, Vol. 1.pdf_p0165_panel_0.jpg",neutral,,auto_ocr_sentiment,train
"Invincible, Vol. 1.pdf_p0452_panel_0.jpg",neutral,"CAN YOU BRING © , CERTAINLY,
| ME THE SECOND SIZ. RIGHT
QUARTER REVENUE & ;

REPORTS? I NEED
| TO CHECK
| SOMETHING
OUT.

ad",auto_ocr_sentiment,train
"Invincible, Vol. 1.pdf_p0721_panel_3.jpg",neutral,"WHAT WAS HE
DOING?",auto_ocr_sentiment,train
"Invincible, Vol. 1.pdf_p0518_panel_5.jpg",surprise,"POWELLS
YOU IN HERE? \|
THE LIGHT'S =
OUT--WHAT
HAPPENED?",auto_ocr_sentiment,train
"Invincible, Vol. 1.pdf_p0327_panel_6.jpg",neutral,,auto_ocr_sentiment,train
"Invincible, Vol. 1.pdf_p1083_panel_0.jpg",neutral,,auto_ocr_sentiment,train
"Invincible, Vol. 1.pdf_p0893_panel_2.jpg",neutral,,auto_ocr_sentiment,train
"Invincible, Vol. 1.pdf_p0129_panel_3.jpg",neutral,"I NEEV THIS SUIT... IVE
GOT TO GET BACK IN THE
GAME... I’VE GOT TO
TAKE BACK MY",auto_ocr_sentiment,train
"Invincible, Vol. 1.pdf_p1039_panel_3.jpg",neutral,"YOU HAVE BEEN
PESIGNATED THE
VILTRUMITE AGENT
OF THIS PLANET.
WHAT STEPS HAVE
YOU TAKEN TO
PREPARE THIS
PLANET FOR
EVENTUAL
AT, I TAKEOVER?
SIZE.",auto_ocr_sentiment,train
"Invincible, Vol. 1.pdf_p0350_panel_6.jpg",neutral,"I’M NOT
GOING
ANYWHERE...

STUPID
DRESS.",auto_ocr_sentiment,train
"Invincible, Vol. 1.pdf_p1064_panel_5.jpg",neutral,,auto_ocr_sentiment,train
"Invincible, Vol. 1.pdf_p0732_panel_3.jpg",neutral,"TOO EXCITED
TO SEE",auto_ocr_sentiment,train
"Invincible, Vol. 1.pdf_p0133_panel_2.jpg",neutral,,auto_ocr_sentiment,train
"Invincible, Vol. 1.pdf_p0066_panel_4.jpg",neutral,,auto_ocr_sentiment,train
"Invincible, Vol. 1.pdf_p0047_panel_4.jpg",neutral,,auto_ocr_sentiment,train
"Invincible, Vol. 1.pdf_p0613_panel_1.jpg",neutral,,auto_ocr_sentiment,train
"Invincible, Vol. 1.pdf_p0048_panel_2.jpg",neutral,"Z| el Ne GAR

 

Ne
w\~

t
¢ °
; - F
rs t—- /
af
\ © bond {
'S . eg, Oe: C
= Nye = —
in aa TE :
. —~\ ¥",auto_ocr_sentiment,train
"Invincible, Vol. 1.pdf_p0458_panel_0.jpg",anger,"¢ _ a

fT!",auto_ocr_sentiment,train
"Invincible, Vol. 1.pdf_p0559_panel_2.jpg",neutral,"WHY MUST YOU
ALWAYS INSIST ON
THINGS YOU KNOW

I CAN’T 002
PHYSICAL LOVE IS
FORBIDDEN ANONG
MY PEOPLE.
ESPECIALLY
WITH OTHER",auto_ocr_sentiment,train
"Invincible, Vol. 1.pdf_p0936_panel_2.jpg",neutral,"T LIKE THE New .
LOOK, ROBOT--IT’S THIS IS A MODEL WHERE I GAN
HUZKY--CUTE. AGTUALLY BE INSIDE DRIVING IT.
I APPROVE. ' THE RANGE ON MY IMPLANTS
WON’T REAGH THAT FAR OFF PLANET

AND SO THE ONLY WAY FOR ME TO |

PARTICIPATE IN THIS MISSION
IS TO COME IN THE
FLESH, SO TO
SPEAK.

y so You're

INSIDE THERE }
. CUNOW?

UT

THE SEGUIDS WON’T

BE ABLE TO BREAK

MY OUTER LAYER--

EVEN If THEY THINK
TOTRY. I’Lt BE

' SAFE.",auto_ocr_sentiment,train
"Invincible, Vol. 1.pdf_p1112_panel_3.jpg",neutral,,auto_ocr_sentiment,train
"Invincible, Vol. 1.pdf_p0044_panel_1.jpg",neutral,"GOOD. OH, AND HE’S
WEARING A MUCH NICER
COSTUME. KATE AND REX

RRS ED ARE OUT ON ANOTHER
panned MISSION, HE’LL BE

| =\ OF GOaD USE,
LS

TONIGHT.

TEx UES UY
a: oft
.d am a",auto_ocr_sentiment,train
"Invincible, Vol. 1.pdf_p0478_panel_0.jpg",neutral,"OH, GOP!

""ae Sie ake?

THE PAUSES, PLEASE TELL
> es, Me YOU'RE

MARK?
NOT ON THE
CAN!

 

SRO OR OOF 7",auto_ocr_sentiment,train
"Invincible, Vol. 1.pdf_p0520_panel_0.jpg",neutral,,auto_ocr_sentiment,train
"Invincible, Vol. 1.pdf_p0009_panel_1.jpg",neutral,,auto_ocr_sentiment,train
"Invincible, Vol. 1.pdf_p0070_panel_4.jpg",neutral,,auto_ocr_sentiment,train
"Invincible, Vol. 1.pdf_p0930_panel_0.jpg",neutral,"YOULEFTAGOPPAMN ™
AMERICAN CITIZEN ON \",auto_ocr_sentiment,train
"Invincible, Vol. 1.pdf_p0095_panel_7.jpg",neutral,,auto_ocr_sentiment,train
"Invincible, Vol. 1.pdf_p0282_panel_1.jpg",neutral,,auto_ocr_sentiment,train
"Invincible, Vol. 1.pdf_p0517_panel_8.jpg",neutral,"i] TT i a i |

\

3
vw ZEN LF
< ey) Ae
7. \E — dD
sO
ry
v
w=
x,",auto_ocr_sentiment,train
"Invincible, Vol. 1.pdf_p0401_panel_4.jpg",neutral,,auto_ocr_sentiment,train
"Invincible, Vol. 1.pdf_p0406_panel_5.jpg",neutral,"ART WAS OVER VISITING
LAST NIGHT. WE WERE
TALKING--WE HAD A
FEW PRINKS. IT’S NOT

ILLEGAL.",auto_ocr_sentiment,train
"Invincible, Vol. 1.pdf_p1089_panel_0.jpg",neutral,"¢
re
vs

=
Ss
a5
=<
85

mm VY FF
VILTRUM
PRISON,

a",auto_ocr_sentiment,train
"Invincible, Vol. 1.pdf_p0786_panel_1.jpg",neutral,,auto_ocr_sentiment,train
"Invincible, Vol. 1.pdf_p0342_panel_3.jpg",anger,"IS THAT HIM 4! YOU SAID
YOU WOULD TURN HIM OVER
TO US. WE DEMAND YOU
ALLOW US TO LEAVE WITH
HIM AT ONCE!",auto_ocr_sentiment,train
"Invincible, Vol. 1.pdf_p1105_panel_6.jpg",neutral,"OH, HEY
OLIVER. I
THOUGHT YOU’?
Be WITH YOUR
TUTOR.

APRIL TOOK THE

GOING TO BE HERE
FOR ALITTLE BIT,
MARK 4

TELL Me ABOUT
MY FATHER?
MOTHER DEBBIE
DOESN’T LIKE TO",auto_ocr_sentiment,train
"Invincible, Vol. 1.pdf_p1034_panel_0.jpg",sadness,"THE GRAYSON HOUSE.
HOME OF MARK’S MOTHER,
PEBBIE GRAYSON ANP
MARK’S HALF-BROTHER
OLIVER GRAYSON.",auto_ocr_sentiment,train
"Invincible, Vol. 1.pdf_p0280_panel_2.jpg",neutral,,auto_ocr_sentiment,train
"Invincible, Vol. 1.pdf_p0304_panel_4.jpg",neutral,,auto_ocr_sentiment,train
"Invincible, Vol. 1.pdf_p0261_panel_2.jpg",neutral,"EVEKYTIHING
AND Love wiILt
BEFORE YOU L
YEARS OLD. Y
BELONG",auto_ocr_sentiment,train
"Invincible, Vol. 1.pdf_p0235_panel_1.jpg",neutral,,auto_ocr_sentiment,train
"Invincible, Vol. 1.pdf_p0647_panel_4.jpg",neutral,,auto_ocr_sentiment,train
"Invincible, Vol. 1.pdf_p0893_panel_3.jpg",neutral,,auto_ocr_sentiment,train
"Invincible, Vol. 1.pdf_p1050_panel_3.jpg",neutral,"W
a
33
°o
~$
<q
+

A HUGE
MISTAKE.",auto_ocr_sentiment,train
"Invincible, Vol. 1.pdf_p0453_panel_2.jpg",neutral,,auto_ocr_sentiment,train
"Invincible, Vol. 1.pdf_p0303_panel_4.jpg",surprise,"my = 9) MIAKK'S FINE F

7 GOOD. THAT'S GRE

NEws. MAN, I was

- SO worniev ABOU
. HIM.",auto_ocr_sentiment,train
"Invincible, Vol. 1.pdf_p0514_panel_3.jpg",neutral,"YOU’RE PROBABLY
RIGHT. THANKS
FOR THE ADVICE,
BILLY.",auto_ocr_sentiment,train
"Invincible, Vol. 1.pdf_p0701_panel_0.jpg",neutral,,auto_ocr_sentiment,train
"Invincible, Vol. 1.pdf_p0408_panel_3.jpg",neutral,"aly .
I=
WT
Wy
o

u
mw

S-
FO
9
Wy
WS
ar
we
ze
Ww

OKAY THEN.

S
OH.",auto_ocr_sentiment,train
"Invincible, Vol. 1.pdf_p0763_panel_0.jpg",neutral,,auto_ocr_sentiment,train
"Invincible, Vol. 1.pdf_p0727_panel_2.jpg",neutral,,auto_ocr_sentiment,train
"Invincible, Vol. 1.pdf_p0790_panel_2.jpg",neutral,,auto_ocr_sentiment,train
"Invincible, Vol. 1.pdf_p0832_panel_5.jpg",neutral,,auto_ocr_sentiment,train
"Invincible, Vol. 1.pdf_p0610_panel_5.jpg",neutral,,auto_ocr_sentiment,train
"Invincible, Vol. 1.pdf_p1025_panel_4.jpg",neutral,"THAN WHEN YOU’RE

, NOT EXPECTING
SOMETHING
LIKE THAT...",auto_ocr_sentiment,train
"Invincible, Vol. 1.pdf_p0155_panel_3.jpg",neutral,aN jig,auto_ocr_sentiment,train
"Invincible, Vol. 1.pdf_p0125_panel_6.jpg",neutral,,auto_ocr_sentiment,train
"Invincible, Vol. 1.pdf_p0792_panel_1.jpg",neutral,,auto_ocr_sentiment,train
"Invincible, Vol. 1.pdf_p0793_panel_7.jpg",neutral,,auto_ocr_sentiment,train
"Invincible, Vol. 1.pdf_p0174_panel_2.jpg",neutral,,auto_ocr_sentiment,train
"Invincible, Vol. 1.pdf_p1019_panel_0.jpg",neutral,"50, THAEPUS IS
THE GUY IN CHARGE
THERE? HE RUNS
THE COALITION OF
PLANETS. WHY DID
HE SEND YOU

HERE?",auto_ocr_sentiment,train
"Invincible, Vol. 1.pdf_p0739_panel_8.jpg",surprise,"= I’M GL
BROTHER!",auto_ocr_sentiment,train
"Invincible, Vol. 1.pdf_p0163_panel_1.jpg",anger,"YOU
MAY THINK
OF BI-PLANE
AS ASILLY VILLAIN
NOW, IMMORTAL...
BUT SOON YOU’LL
See THE DAMAGE

\

J ><""

¥
YY

|

PLEASE,
CHILD... THE
SUSPENSE
IS KILLING
Me.

 

}
P As Q
Ss, |
NG

A a] ae

  
     
 
 
 
 
 
   
   

  

THIS IS
IT FOR ME...

MY LAST
HURRAH! I’VE GOT
THE CANCER... IN
MY LYMPH NOPES...

I’M 4 GONER.
DOC SAYS I’VE GOT
LESS THAN A
MONTH.",auto_ocr_sentiment,train
"Invincible, Vol. 1.pdf_p0113_panel_1.jpg",neutral,"WELL,
YOU ARE
ENTITLED",auto_ocr_sentiment,train
"Invincible, Vol. 1.pdf_p1037_panel_7.jpg",neutral,,auto_ocr_sentiment,train
"Invincible, Vol. 1.pdf_p0796_panel_2.jpg",surprise,"DON'T EVER
THREATEN MY
FAMILY!!",auto_ocr_sentiment,train
"Invincible, Vol. 1.pdf_p0498_panel_2.jpg",neutral,"REALLY?
WHICH PART
WERE YOU
“AGREEING”

WITH 2",auto_ocr_sentiment,train
"Invincible, Vol. 1.pdf_p0120_panel_1.jpg",neutral,,auto_ocr_sentiment,train
"Invincible, Vol. 1.pdf_p0104_panel_3.jpg",fear,"Ca
i oe

 

ss",auto_ocr_sentiment,train
"Invincible, Vol. 1.pdf_p0634_panel_1.jpg",neutral,,auto_ocr_sentiment,train
"Invincible, Vol. 1.pdf_p0712_panel_1.jpg",neutral,,auto_ocr_sentiment,train
"Invincible, Vol. 1.pdf_p0623_panel_5.jpg",neutral,,auto_ocr_sentiment,train
"Invincible, Vol. 1.pdf_p0575_panel_5.jpg",surprise,"YOU SMILING
LICE THAT?",auto_ocr_sentiment,train
"Invincible, Vol. 1.pdf_p0760_panel_1.jpg",neutral,"T’VE BEEN
PRACTICING. THE
MORE I PO THIS...
THE MORE COMPLEX
THINGS T CAN DO. I’ve
ALWAYS BEEN ABLE TO
DO COMPLEX STUFF,
THOUGH--LIKE TURNING
WHATEVER I’M WEARING
INTO MY COSTUME.",auto_ocr_sentiment,train
"Invincible, Vol. 1.pdf_p0913_panel_0.jpg",anger,"Me? NOTHING.
I HAVEN’T EVEN
MET HIM.

 

THAT! THAT RIGHT THERE--
GOREY NAILEP IT! THAT’S YEAH,
WHAT L HAVE AGAINST HIM. BUT NOBODY
HOW LONG HAVE YOU BEEN LIKES
PATING HIM2 HOW MANY PAUL.
MONTHS--HAS IT
BEEN A YEAR
YET? HE HASN’T
EVEN BOTHERED To
MEET YOUR FRIENDS?
THAT’S TOTALLY WEIRepP!
I MEAN, HOW OFTEN DO
YOU GUYS SEE PAUL?
MY MAN IS ALWAYS
HAPPY TO SEE
YOU GUYS.",auto_ocr_sentiment,train
"Invincible, Vol. 1.pdf_p0200_panel_3.jpg",neutral,"OUR SUPER-HUMAN
LIAISON. HE’LL BE YOUR
CONTACT WITHIN THE

GOVERNMENT.
YOU’LL ONLY HAVE
TO PEAL WITH ME IF
SOMETHING GOES
HORRIBLY",auto_ocr_sentiment,train
"Invincible, Vol. 1.pdf_p1046_panel_0.jpg",neutral,WHATEVER.,auto_ocr_sentiment,train
"Invincible, Vol. 1.pdf_p1081_panel_0.jpg",neutral,,auto_ocr_sentiment,train
"Invincible, Vol. 1.pdf_p1030_panel_7.jpg",neutral,,auto_ocr_sentiment,train
"Invincible, Vol. 1.pdf_p0793_panel_8.jpg",neutral,,auto_ocr_sentiment,train
"Invincible, Vol. 1.pdf_p0546_panel_6.jpg",neutral,,auto_ocr_sentiment,train
"Invincible, Vol. 1.pdf_p0238_panel_1.jpg",neutral,"WHAT [S
CLEAR IS
THAT THE ATTACK
ON OMNI-MAN
WAS COMPLETELY
UNPROVOKED AND
UNEXPECTED.

AN
THAT WHOEVER
IS BEHIND THIS...
IMMORTAL OR
NOT... IS EVENLY
MATCHED WITH
OMNI-MAN.",auto_ocr_sentiment,train
"Invincible, Vol. 1.pdf_p0503_panel_3.jpg",neutral,"»
=
3
=
Dw

W
=
a .
bass
Zz >
S O

W
w
WwW
=
i
2
W
z
Qo",auto_ocr_sentiment,train
"Invincible, Vol. 1.pdf_p0458_panel_4.jpg",neutral,"OR
Nal

ih

AR
(\ cin",auto_ocr_sentiment,train
"Invincible, Vol. 1.pdf_p0067_panel_2.jpg",neutral,,auto_ocr_sentiment,train
"Invincible, Vol. 1.pdf_p0937_panel_3.jpg",neutral,,auto_ocr_sentiment,train
"Invincible, Vol. 1.pdf_p0683_panel_1.jpg",neutral,,auto_ocr_sentiment,train
"Invincible, Vol. 1.pdf_p0314_panel_2.jpg",neutral,,auto_ocr_sentiment,train
"Invincible, Vol. 1.pdf_p0813_panel_0.jpg",neutral,"WHAT ABOUT
THE ME WHO
LIVED HERE IN
THIS DIMENSION
FOR FIFTEEN
YEARS... WHAT
DIP YOU DO WITH
HIM?",auto_ocr_sentiment,train
"Invincible, Vol. 1.pdf_p0135_panel_5.jpg",neutral,,auto_ocr_sentiment,train
"Invincible, Vol. 1.pdf_p0116_panel_2.jpg",neutral,"AGAIN,
THANKS FOR
ALL THE HELP. MY
NAME’S ALLEN, I
DIPN’T CATCH",auto_ocr_sentiment,train
"Invincible, Vol. 1.pdf_p0273_panel_0.jpg",neutral,"=
2, ~
NS
\ . —~
a a ar
~~ j
y zt _ ; f '- a
“4 regs
7 J
Pi a
he!
5 ‘
‘|
~
XY we
1

“2D AAP

en | Ve
Sy CG
PPS cae

=
r — =A S| me eT LS a | \ hd

 

4 = . ® v
. Py ~
fi y 4 a | Lk &
i xh | ¥ a. > 4
man Pi i
“4 | i Att re ¥ ns
4 |",auto_ocr_sentiment,train
"Invincible, Vol. 1.pdf_p0114_panel_3.jpg",neutral,"MY JOB IS TO GO FKOM VLANET
TO PLANET ON SCHEDULED
ENCOUNTERS WITH THEIR
RESPECTIVE CHAMPIONS. IT END
UP HITTING EACH PLANET ONCE
EVERY THREE YEARS. WE DOA
LITTLE FIGHTING, AND LI
REPORT BACK ON WHETHER
OR NOT THEY’RE UP TO
THE COALITION’S
STANPARDS.

 
   

  

IT'S ALSO A GOOD
TRAINING EXERCISE
FOR THE CHAMPIONS,
I’VE GOT A BACKLOG

OF PLANETS
REQUESTING MY
SERVICES. YOU'RE

REALLY QUITE LUCKY.
I DON’T GET AN
ADJUSTMENT IN MY
SCHEPULE FOR
ANOTHER FIFTY",auto_ocr_sentiment,train
"Invincible, Vol. 1.pdf_p0937_panel_1.jpg",neutral,,auto_ocr_sentiment,train
"Invincible, Vol. 1.pdf_p0487_panel_1.jpg",surprise,"MAN! I WAS SO
WORKIE ABOUT YOU!
I PIDN’T KNOW WHERE
YOU WERE! I
COULDN'T
FIND You!

   
   
     
     

. seraratep J
AND--",auto_ocr_sentiment,train
"Invincible, Vol. 1.pdf_p0947_panel_0.jpg",neutral,,auto_ocr_sentiment,train
"Invincible, Vol. 1.pdf_p0425_panel_2.jpg",fear,"I’VE BEEN COLLECTING
MY OTHER-DIMENSIONAL
COUNTERPARTS. IT SEEMS WHAT THEY

     
    
 
     
       
     
      
 
   
   
 
 
     
     
     
     
 
      
     
     
     
   

THROUGH SOME LAW OF
COSMIC BALANCE I AM PO Ave TOT
THE ONLY VERSION OF KNOWLEDGE OF THEIZ

  
  

ME WITH MY UNIGUE HOME DIMENSIONS.

DIMENSION HOPPING SOMETHING L WISH

ABILITIES. TO HAVE--SOMETHING
THAT WOULD MAKE
MY POWERS MUCH

MORE USEFUL.

 
 

WHAT T
THEY HAVE NEEP YOU TO
ALL COME WILLINGLY-- PO IS FIGURE OUT
WITH FEW EXCEPTIONS-- AWAY TO TAKE

AND THEY’VE AGREED TO WHAT’S IN THEIR
HELP ME. OH, AND THIS ISN’T HEADS AND PUT

ALL OF THEM--NOT EVEN IT INTO .

CLOSE. I’VE GOT THEM MINE CAN

HOUSED IN THIS LOCATION YOU PO
IN A DOZEN DIFFERENT THAT?

DIMENSIONS.",auto_ocr_sentiment,train
"Invincible, Vol. 1.pdf_p0118_panel_2.jpg",sadness,"YEAH, HE
WON’T BE BACK.
TURNS OUT HE’S BEEN
COMING TO THE WRONG

PLANET THIS WHOLE TIME.
EVERY THREE YEARS FOR
NEARLY FIFTEEN YEARS...

I’M GLAD I TOOK THE

TIME TO TALK
TO HIM.",auto_ocr_sentiment,train
"Invincible, Vol. 1.pdf_p0911_panel_0.jpg",surprise,"YOU HAVE?! &
Bm REALLY? Sy :

 
  
   
  
  
  
 
 
 
  
 
 
  
  
 
 
 
 
  
 
 
 
 
 
 
   

YOU FINALLY PIP
Some CRAZY “iarrents-van
COLLEGE STUDENT?! VAN
LEARN THAT YOU'RE
YOU HAP YOUR WHOLE BARELY EVEN HUMAN--

BODY CUT UP AND

4 AND SOME GOVERNMENT
WATE ACHING SPOOKS PUT YOU BACK
OAPs! TOGETHER--MADE YOU

LOOK HUMAN--BUT YOU

FEEL DIFFERENT--
TURNeo nto YOU KNOW You'Re
ROBOT KILLING NOT--

MACHINE?! YoU AND YOU
WERE CONTROLLED FOR JUST CAN’T
MONTHS--SENT OUT TO-- STOP THINKING
TO--ABDUCT HOMELESS ABOUT {T--IT--
PEOPLE--NOT EVEN ABLE A. (TEATS YOU

TO THINK STRAIGHT-- \. UP INSIDE?!
OR REALIZE WHAT '
YOU WERE a

DOING 4!",auto_ocr_sentiment,train
"Invincible, Vol. 1.pdf_p0545_panel_9.jpg",surprise,"MY BOYFKIEND
IS A SUPER-
HERO.",auto_ocr_sentiment,train
"Invincible, Vol. 1.pdf_p1115_panel_1.jpg",neutral,"HARDCOVER

ISBN: 978-1-58240-426-0
$34.95

TRADE PAPERBACK

ISBN: 978-1-58240-394-6
$14.95

TECH JACKET =.
VOL. 1: THE BOY FROM EARTH TP
ISBN: 978-1-58240-77 1-5

 

ISBN: 978-1-60706-327-8
$34.99

BOOK SEVEN HC .
ISBN: 978-1-60706-439-8
$34.99
BOOK EIGHT HC
ISBN: 978-1-60706-593-7 ~
$34.99
COMPENDIUM TP, VOL. 1

ISBN: 978-1-60706-076-5
$59.99

COMPENDIOM TP, VOL. 2

ISBN: 978-1-60706-596-8
$59.99

DELOXE HARDCOVER, VOL. 1
ISBN: 978-1-58240-6 19-0)",auto_ocr_sentiment,train
"Invincible, Vol. 1.pdf_p0841_panel_0.jpg",neutral,,auto_ocr_sentiment,train
"Invincible, Vol. 1.pdf_p0542_panel_6.jpg",fear,"HE VIVUN T KNOW I WAS

THERE YET--T HEARD

THEM TALKING WHILE
THEY FOUGHT.

  
  
 
 
 
 

THAT’S WHEN
I FOUND OUT THAT
MY FATHER--MY
FATHER KILLED
THE GUARDIANS
OF THE GLOBE.",auto_ocr_sentiment,train
"Invincible, Vol. 1.pdf_p0787_panel_3.jpg",neutral,,auto_ocr_sentiment,train
"Invincible, Vol. 1.pdf_p0583_panel_0.jpg",neutral,,auto_ocr_sentiment,train
"Invincible, Vol. 1.pdf_p0260_panel_0.jpg",neutral,"... AND NOW IT’S TIME
FOR YOU TO JOIN ME
AND HELP ME PREPARE

THIS PLANET FOR ITS

IMMINENT TAKEOVER
AT THE HANDS OF

. OUR PEOPLE.",auto_ocr_sentiment,train
"Invincible, Vol. 1.pdf_p0501_panel_0.jpg",neutral,"TT | |

i “es el
Le ot

s*

Lal

-) ey ry
rl

\

I DON’T
KNOW... I’VE
BEEN HERE FOR
SEEING ANY SIGN
OF THE GUY. YOU
SURE THIS ISN'T A
HOAX LIKE THAT
RED RUSH
THING?",auto_ocr_sentiment,train
"Invincible, Vol. 1.pdf_p1024_panel_4.jpg",fear,"THERESA, PLEASE
SCHEDULE A MEETING
WITH ROBOT FOR =
MY EARLIEST y
POSSIBLE SLOT.",auto_ocr_sentiment,train
"Invincible, Vol. 1.pdf_p0376_panel_4.jpg",neutral,,auto_ocr_sentiment,train
"Invincible, Vol. 1.pdf_p0022_panel_2.jpg",neutral,,auto_ocr_sentiment,train
"Invincible, Vol. 1.pdf_p0135_panel_3.jpg",neutral,,auto_ocr_sentiment,train
"Invincible, Vol. 1.pdf_p0238_panel_2.jpg",neutral,"WITH
THE FIGHT
TAKEN TO THE
SKIES, THERE IS NO
WAY TO MONITOR
THE PROCEEDINGS.

We MAY NEVER
KNOW EXACTLY
WHAT’S GOING

ON TODAY.",auto_ocr_sentiment,train
"Invincible, Vol. 1.pdf_p0504_panel_4.jpg",neutral,"SAID
THAT, NOT THAT IT
HURT. DON’T GET TOO
RIED AWAY,
OKAY 2",auto_ocr_sentiment,train
"Invincible, Vol. 1.pdf_p0797_panel_6.jpg",surprise,"I THOUGHT
YOU WERE--

I
THOUGHT--

I THOUGHT
YOU WERE
STRONGER.",auto_ocr_sentiment,train
"Invincible, Vol. 1.pdf_p1003_panel_1.jpg",fear,"ME? IM
GOOD, THINGS
ARE GOOP.

 
     
 
    
   
   
 
 

  
 

a4 ¢

‘ oe RM Hh Cap tate
Why 4, 60%
Wi 4

   

WHEN DO
YOU THINK I
SHOULD GET MY
POWERS? YOU
GOT YOUR POWERS
FROM OUR FATHER.
I SHOULD HAVE
POWERS LIKE
YOU... PIGHT2",auto_ocr_sentiment,train
"Invincible, Vol. 1.pdf_p0445_panel_4.jpg",surprise,"swHewle

FINALLY...

0
poe
‘

     
 
    

Hy
t

     

ti",auto_ocr_sentiment,train
"Invincible, Vol. 1.pdf_p1010_panel_3.jpg",neutral,"Y You're
JUST STOPPING
BY ON YOUR
WAY TO VISIT
INVINCIBLE.
THAT'S IT

,",auto_ocr_sentiment,train
"Invincible, Vol. 1.pdf_p0537_panel_8.jpg",neutral,"WHILE HE WAS
TELLING ME THIS
STORY--HE TOLD ME
ABOUT HIS POWERS,
FLIGHT, SUPER-SPEED,
SUPER-STRENGTH. HE
SAID THERE WAS A
GOOD CHANCE THAT
I WOULD GET",auto_ocr_sentiment,train
"Invincible, Vol. 1.pdf_p0762_panel_10.jpg",neutral,"SHE

CERTAINLY

WASN’T HAPPY
ABOUT THAT.",auto_ocr_sentiment,train
"Invincible, Vol. 1.pdf_p0461_panel_2.jpg",neutral,,auto_ocr_sentiment,train
"Invincible, Vol. 1.pdf_p0512_panel_0.jpg",neutral,,auto_ocr_sentiment,train
"Invincible, Vol. 1.pdf_p0970_panel_2.jpg",anger,"WE'LL Set ABOUT
THAT! LET'S SEE
HOW YOU WITHSTAND
A DIRECT ATTACK!

FOOLISH
OLID! YOU
COULP BE MUCH
MORE USEFUL TO
ME AS A SLAVE--
BUT WE’LL GRANT
YOU YOUR DEATH
IF THAT’S
WHAT YOU’P
PREFER!",auto_ocr_sentiment,train
"Invincible, Vol. 1.pdf_p0910_panel_1.jpg",neutral,,auto_ocr_sentiment,train
"Invincible, Vol. 1.pdf_p0281_panel_3.jpg",neutral,,auto_ocr_sentiment,train
"Invincible, Vol. 1.pdf_p0214_panel_0.jpg",neutral,"$0 IS DAD
NOT GOING WHO KNOWS2 I
TO MAKE IT HAVEN’T HEARP
TONIGHT? FROM HIM. HE’S
OFF SAVING THE
WORLD, NO",auto_ocr_sentiment,train
"Invincible, Vol. 1.pdf_p0537_panel_9.jpg",neutral,,auto_ocr_sentiment,train
"Invincible, Vol. 1.pdf_p0190_panel_2.jpg",surprise,"SEVEN OF MY
COLLEAGUES
WERE JUST",auto_ocr_sentiment,train
"Invincible, Vol. 1.pdf_p0712_panel_2.jpg",neutral,,auto_ocr_sentiment,train
"Invincible, Vol. 1.pdf_p0994_panel_2.jpg",neutral,,auto_ocr_sentiment,train
"Invincible, Vol. 1.pdf_p0625_panel_5.jpg",neutral,"THAT’S WHY I
TOLP YOU ABOUT
MY POWERS. I DO
THIS SOMETIMES.
le I HADN'T TOLD

YOU--1’P JUST

DISAPPEAR AND
HAVE TO EXPLAIN

IT TO YOU
LATER.",auto_ocr_sentiment,train
"Invincible, Vol. 1.pdf_p0181_panel_0.jpg",neutral,"JEEZ, =
AND HERE —- we
GOMES THE my CURRENTLY
NUMBER ONG any hove I HAVE No REAL
SUSPECT... CHECKED HIM OUT SOO SING. ON

TODAY... IT WAS OBVIOUS LLAI

THAT HE HAPN’T LEFT HIS VON ie
HOUSE IN WEEKS. HE HAD MANY.

DION’T EVEN KNOW THEY

HAD PIEP UNTIL I TOLP

HIM. HIS GRIEF WAS
GENUINE... I'VE RULED
HIM OUT.",auto_ocr_sentiment,train
"Invincible, Vol. 1.pdf_p0763_panel_4.jpg",neutral,"-—T DON’T
CAN YOU
TO HER?
|, THERE
Lor or
2-ENCES
RE.

  
   

  

I
THINK THAT’S
WHAT MY MAIN
PROBLEM WITH
WILLIAM WAS.
WE DIDN'T RELATE..
YAZNOW... AT ALL.",auto_ocr_sentiment,train
"Invincible, Vol. 1.pdf_p0943_panel_1.jpg",neutral,,auto_ocr_sentiment,train
"Invincible, Vol. 1.pdf_p0869_panel_5.jpg",neutral,"HERE COMES
SHAPESMITH!!

LOGK CUT
. humanst) |",auto_ocr_sentiment,train
"Invincible, Vol. 1.pdf_p1040_panel_0.jpg",fear,"TO CLARIFY THINGS.
I BELIEVE YOU ARE
UNDER THE IMPRESSION
THAT VILTRUMITES ARE
WARMONGERS, A RAGE
TO BE FEARED,
OPPOSED, EVEN
DESTROYED.

      
  
       
  
 

oo

I’M HERE
TO Tell YOU
THAT YOU’RE
MISTAKEN.",auto_ocr_sentiment,train
"Invincible, Vol. 1.pdf_p0383_panel_0.jpg",neutral,"a od ra

\
7",auto_ocr_sentiment,train
"Invincible, Vol. 1.pdf_p0720_panel_0.jpg",neutral,,auto_ocr_sentiment,train
"Invincible, Vol. 1.pdf_p0449_panel_4.jpg",anger,"BOSS IN THE ENTIRE COUNTRY. NOT MUCH
HAPPENS WITHOUT HIS SAY SO. POLICE
CAN’T TOUCH HIM. HE’S GOT TOO MUCH
FIREVOWER--AND MANPOWER. HE JUST

SITS IN THERE DOING WHATEVER HE
PLEASES. MURDER, DRUGS,
EVERYT! HING... HE DOES",auto_ocr_sentiment,train
"Invincible, Vol. 1.pdf_p0988_panel_2.jpg",neutral,,auto_ocr_sentiment,train
"Invincible, Vol. 1.pdf_p0471_panel_3.jpg",neutral,,auto_ocr_sentiment,train
"Invincible, Vol. 1.pdf_p0613_panel_9.jpg",anger,"ALL RIGHT--
LET’S GO OVER
THERE. WE
COULD GRAB
A LATE LUNCH
AFTER WE
TALK TO
HIM.",auto_ocr_sentiment,train
"Invincible, Vol. 1.pdf_p0225_panel_3.jpg",neutral,,auto_ocr_sentiment,train
"Invincible, Vol. 1.pdf_p0461_panel_5.jpg",neutral,"ile YOU -
REALLY
THINK THIS
OULD
WORK2",auto_ocr_sentiment,train
"Invincible, Vol. 1.pdf_p0832_panel_2.jpg",surprise,"SHE’S NOTA
B SUPERHERO?",auto_ocr_sentiment,train
"Invincible, Vol. 1.pdf_p0072_panel_2.jpg",neutral,,auto_ocr_sentiment,train
"Invincible, Vol. 1.pdf_p0529_panel_5.jpg",neutral,,auto_ocr_sentiment,train
"Invincible, Vol. 1.pdf_p0096_panel_4.jpg",neutral,"ANYTHING ,
INTERESTING
TODAY 4
eo
|",auto_ocr_sentiment,train
"Invincible, Vol. 1.pdf_p0460_panel_6.jpg",neutral,,auto_ocr_sentiment,train
"Invincible, Vol. 1.pdf_p1114_panel_2.jpg",neutral,"BILL CRABTREE makes music, comics and love. Mostly love, though -- and let’s be
honest, if any of us had the choice to make any of those three things at any time on any
day... we’d always choose the love. Seriously, Bill can do those things at the drop of a hat if
he so chooses. At the local grocery store they call him “love maker” and they barely know
Bill Crabtree.",auto_ocr_sentiment,train
"Invincible, Vol. 1.pdf_p1088_panel_4.jpg",anger,"3 | STOPPED REX AND
Lys T FROM PREVENTING
A ROBBERY. HE
ENPANGERED
LIVES.",auto_ocr_sentiment,train
"Invincible, Vol. 1.pdf_p0319_panel_1.jpg",fear,"DON’T THAT'S NOT

 

 

MIND HIM... IMPORTANT. WE
HE’S AN HAVE A SITUATION
ENORMOUS HERE, MARK.
JERK. SOMETHING TRULY
UNFORTUNATE HAS
HAPPENED.

  
       
    

HOW DID
YOU GET IN
HERE?

 

 

ane",auto_ocr_sentiment,train
"Invincible, Vol. 1.pdf_p0337_panel_4.jpg",neutral,,auto_ocr_sentiment,train
"Invincible, Vol. 1.pdf_p0353_panel_5.jpg",fear,"I’M NOT ROYALTY.
YOUR SITUATION WIT
HER IS AN EXTENUATING
CIRCUMSTANCE. I WOULD
HAVE TO DO SOMETHING
IMMENSE TO ELEVATE
MY STATUS ENOUGH TO
Be WORTHY OF HER--
AND THE CROWN, IN
FRONT OF YOUR

 
 
 
 
 
 
 
   
 
    
 

IS THAT SO... WELL...

I THINK I’VE GOT A PLAN

THAT'LL HELP BOTH
OF US.",auto_ocr_sentiment,train
"Invincible, Vol. 1.pdf_p0738_panel_9.jpg",neutral,"HOW
COULD TI
SAY NO# OF
COURSE I’M
GOING TO
TAKE CARE

OF HIM.",auto_ocr_sentiment,train
"Invincible, Vol. 1.pdf_p0113_panel_2.jpg",neutral,,auto_ocr_sentiment,train
"Invincible, Vol. 1.pdf_p0552_panel_9.jpg",neutral,,auto_ocr_sentiment,train
"Invincible, Vol. 1.pdf_p0158_panel_2.jpg",neutral,"GUARDIANS
OF THE GLOBE
PRIORITY ALERT.
RETURN TO BASE

LAA ARPT TVIATITI VW

N",auto_ocr_sentiment,train
"Invincible, Vol. 1.pdf_p0987_panel_4.jpg",neutral,"SKOFFIL

SKOFFIL

ZKOFFIS",auto_ocr_sentiment,train
"Invincible, Vol. 1.pdf_p1098_panel_3.jpg",neutral,,auto_ocr_sentiment,train
"Invincible, Vol. 1.pdf_p0695_panel_0.jpg",fear,"THEY WERE INFERIOR TO
US. THEY WERE LESSER
BEINGS. THEIR PEATHS ARE
INCONSEQUENTIAL. THESE
ARE ALL THINGS I AM
COMPLETELY AWARE

   
   
   
 
 
 
  
  

 
 
 
 
  
  
 
 
 
 
 
 
  

I SHOULD
NOT CARE THAT
THEY ARE PEAD.
I’VE HAP BLOOD
ON MY HANDS
BEFORE--FAR

MORE THAN
THIS.

AND
YET. fT
CARE.",auto_ocr_sentiment,train
"Invincible, Vol. 1.pdf_p0729_panel_8.jpg",neutral,"HIS VERY

| HER. OR
? HELP YOU
A FOSTER",auto_ocr_sentiment,train
"Invincible, Vol. 1.pdf_p1008_panel_3.jpg",anger,"/

FEELING. I NEVER WANTED
TO STOP WHEN TI FIRST GOT
a MY POWERS. THIS ONE NIGHT
» I WAS LYING IN BED AND

I JUST HAP TO GET

OUT AND--

THIS IS
SERIOUS,
MARK--AND
YOU’RE NOT

HELPING.",auto_ocr_sentiment,train
"Invincible, Vol. 1.pdf_p0212_panel_0.jpg",neutral,,auto_ocr_sentiment,train
"Invincible, Vol. 1.pdf_p0514_panel_5.jpg",neutral,"(>i , J A}
UP, WILLIAM.
HE’S ONLY
MESSING
WITH
YOU.",auto_ocr_sentiment,train
"Invincible, Vol. 1.pdf_p0208_panel_7.jpg",neutral,"DECAUSE YOU'KE
SCAREP OF
MONSTERS? WHAT

ARE YOUR
POWERS?

T0 SEE?",auto_ocr_sentiment,train
"Invincible, Vol. 1.pdf_p0395_panel_0.jpg",anger,"Y IT'SGOING %
TO BE A WHILE
BEFORE THINGS
ARE BACK TO
NESSES:
LOT AND WHAT
OF DAMAGE. poyoy MEAN

""OKAY 2 THAT
MOVIE WHAT
GREAT!

IT HAD GOOD CHARACTER J
DEVELOPMENT AND THE PLOT ¥
WAS OKAY... BUT THE ENDING

WAS AWFUL. IT JUST KINDA
ENDEP. I THOUGHT WE WERE /
MISSING TWENTY MINUTES /™
OF THE MOVIE OR
SOMETHING.

MY CAR’S
PARKED THIS
WAY.",auto_ocr_sentiment,train
"Invincible, Vol. 1.pdf_p0303_panel_7.jpg",neutral,,auto_ocr_sentiment,train
"Invincible, Vol. 1.pdf_p1105_panel_3.jpg",neutral,,auto_ocr_sentiment,train
"Invincible, Vol. 1.pdf_p0618_panel_3.jpg",surprise,"WeL_tl, 1 HOrKeE YOU
<7 Now eaLize WHAT

YOU PUT POOR EVE _

THROUGH WHEN
YOU CHEATED
ER

, YEAH.
rF YOU’RE RIGHT.
OF COURSE
YOU’RE RIGHT.
I’M AN",auto_ocr_sentiment,train
"Invincible, Vol. 1.pdf_p0526_panel_9.jpg",neutral,,auto_ocr_sentiment,train
"Invincible, Vol. 1.pdf_p0876_panel_7.jpg",neutral,,auto_ocr_sentiment,train
"Invincible, Vol. 1.pdf_p0625_panel_6.jpg",sadness,"I--I’M
GOING TO BE
SO WORRIED
ABOUT
YOU.

      
     
 

  

  
     
 
     

I KNOW,
BUT DON'T
Be--1’M

INVINCIBLE

ANP ALL THAT.
YOU KNOW
THE DRILL. A",auto_ocr_sentiment,train
"Invincible, Vol. 1.pdf_p0138_panel_0.jpg",neutral,"= =>
“7, * .
ols

f

v
wi
e

 

A
Ky a .
A
\) SN
M4
e e A
S o =
or =F,
, = -
A . io }
g x
{ ~
> |
s ; az
2 -
Z Z o>
bad ry
@ r ae, ~

—~
ib

mf",auto_ocr_sentiment,train
"Invincible, Vol. 1.pdf_p0270_panel_0.jpg",neutral,"VEOPLE ARE BENEATH US. PLACE HAS

THEIR LIVES ARE
INSIGNIFICANT Nore Ne oR
AT BEST. ANY OF OUR KIND.
IT IS HERE TO BE
CONGUERED AND
IMPROVED. LEFT
TO ITS OWN DEVISES
(IT WOULD BE A
COMPLETE
WASTE.",auto_ocr_sentiment,train
"Invincible, Vol. 1.pdf_p0454_panel_2.jpg",neutral,,auto_ocr_sentiment,train
"Invincible, Vol. 1.pdf_p0598_panel_0.jpg",neutral,,auto_ocr_sentiment,train
"Invincible, Vol. 1.pdf_p0884_panel_3.jpg",neutral,,auto_ocr_sentiment,train
"Invincible, Vol. 1.pdf_p0304_panel_2.jpg",neutral,,auto_ocr_sentiment,train
"Invincible, Vol. 1.pdf_p0153_panel_6.jpg",neutral,,auto_ocr_sentiment,train
"Invincible, Vol. 1.pdf_p0382_panel_4.jpg",fear,"UP AT THE SCHOOL, SEE
HOW BAD THE DAMAGE IS
THERE. THEN I THINK EVE

ANP T ARE GOING TO,

Y‘KNOW--SUIT UP, AND
SEE WHAT WE CAN DO
TO HELP CLEAN UP.

       
     
     
  

y 1 _\ qT
PNAS",auto_ocr_sentiment,train
"Invincible, Vol. 1.pdf_p0783_panel_0.jpg",neutral,,auto_ocr_sentiment,train
"Invincible, Vol. 1.pdf_p0992_panel_4.jpg",neutral,"JUST STOPPED SOME
BIG ALIEN MENACE
FROM REACHING
EARTH AND TAKING
} OVER.

NOW He’S
HELPING US
PUT AN OUTPOST
ON THE MOON SO
WE CAN MONITOR
FOR MORE SPACE

BORNE THREATS
BEFORE THEY
REACH US.",auto_ocr_sentiment,train
"Invincible, Vol. 1.pdf_p0963_panel_4.jpg",neutral,,auto_ocr_sentiment,train
"Invincible, Vol. 1.pdf_p0231_panel_4.jpg",neutral,,auto_ocr_sentiment,train
"Invincible, Vol. 1.pdf_p0583_panel_6.jpg",neutral,,auto_ocr_sentiment,train
"Invincible, Vol. 1.pdf_p0915_panel_9.jpg",neutral,,auto_ocr_sentiment,train
"Invincible, Vol. 1.pdf_p0838_panel_2.jpg",anger,"ined the w:
e from. TI
yon are cc
the empire
its capabil
nation was
ands of
ewitness |
tifacts--ev!
3 pOWET--e""
e same Co
1--the infi
nergy wave
It was
his infinit
igh the
th through
ter. Plane
ling in the
A gain, this
one has ev
gh to st
or themsel
made sure
the story w
y mission.
the Spac
vhether or
5 weapon '
‘est him. |
or offense
Were his v
it was fab
ge threat.

as known :
r, where |
rant of s
all was a
come the
ries of hit
velve gala
be in two
es were cc
ther. Fin
) easy tasl
had to cor
my people
stake. Our

I studied tl
irities, ¢
nything th:
me to tell
ere was al
; In time
Space Rid
e very rea
as they >
were tha
it would
n years to

t clue cam
ted by ¢
of The Spi
ling to infc
whereabot",auto_ocr_sentiment,train
"Invincible, Vol. 1.pdf_p0284_panel_2.jpg",neutral,,auto_ocr_sentiment,train
"Invincible, Vol. 1.pdf_p0037_panel_1.jpg",neutral,,auto_ocr_sentiment,train
"Invincible, Vol. 1.pdf_p0762_panel_0.jpg",anger,"ONE HOUR ANP ALONG
EXPLANATION LATER.

 
    

| aft

STAND OPN Let
AND You oes
JUST LET THEM & FIGHT

5 ANYONE. I Was
TAKE HIM? T THE WORST EIGHT
1'Ve EVER BEEN IN, f
WORSE THAN THE ‘
ONE WITH MY
DAD.",auto_ocr_sentiment,train
"Invincible, Vol. 1.pdf_p0227_panel_7.jpg",neutral,"THE COMIC SHOP
AFTER SCHOOL TO
GET MY BOOKS. TI
COULD MEET YOU

GUYS THERE",auto_ocr_sentiment,train
"Invincible, Vol. 1.pdf_p0345_panel_4.jpg",sadness,"UM... SORRY.

1...

/

Is MY HUSBAND
\l’LL ONLY TAKE
A MINUTE.",auto_ocr_sentiment,train
"Invincible, Vol. 1.pdf_p0284_panel_0.jpg",neutral,,auto_ocr_sentiment,train
"Invincible, Vol. 1.pdf_p1097_panel_0.jpg",neutral,"YES. OF COURSE
I DO. WOULP I BE
L ANY GOOP AT THIS
: le I DION’T?

YOUR MAN
WILL Be
mn RECOVERED FOR
Le YOU. I SEEM TO RECALL
ep ALREADY TELLING YOU
THIS THROUGH AN
INTERMEDIARY. BUT
I PO APPRECIATE
THE VISIT.

IT’S GOOD
TO SEE YOUR
COLLEAGUES
FACE TO FACE

FROM TIME

Y ANLINGED TO TIME.
Is TIME. I’M NOT —
EVEN SURE WHERE
MULTI-PAUL IS
BEING HELD. ONCE
I DISCOVER THAT,
HE WILL BE
RECOVERED AND
DELIVERED

I APPRECIATE ""
EVERYTHING YOU’VE

DONE FOR ME IN THE
PAST DURING THE
TRANSITION PERIOD
AFTER IT TOOK OVER &
FOR MACHINE ‘

IT WILL
Be DONE. YOU
HAVE MY
WORD.
-
®

re

an

)

|

ri",auto_ocr_sentiment,train
"Invincible, Vol. 1.pdf_p0658_panel_4.jpg",neutral,,auto_ocr_sentiment,train
"Invincible, Vol. 1.pdf_p0412_panel_3.jpg",sadness,") ILIKE To
-E, = =9WATCH HER
COMING, BUT I
LOVE TO WATCH
HER WALK AWAY.
SO FINE, AND
ALL MINE.",auto_ocr_sentiment,train
"Invincible, Vol. 1.pdf_p0603_panel_5.jpg",neutral,,auto_ocr_sentiment,train
"Invincible, Vol. 1.pdf_p1067_panel_0.jpg",neutral,"CROCKETT’S GRILL AND
FING EATERY. WHERE
PEBBIE GRAYSON IS
ENJOYING A NICE
EVENING OUT.",auto_ocr_sentiment,train
"Invincible, Vol. 1.pdf_p1002_panel_0.jpg",sadness,"THE GRAYSON HOUSE
THE CHILPHOOP Home
OF MARK ANP CURRENT
HOME OF HIS MOTHER,
PEBBIE AND HALF-
BROTHER, OLIVER.",auto_ocr_sentiment,train
"Invincible, Vol. 1.pdf_p0626_panel_3.jpg",anger,"WHATEVEK, FINE.
JUST DON’T FORGET
TO TELL MY MOM
‘ WHAT’S GOING

       
     
     

>SauiTz
SSQUEEEL
SSK RIK",auto_ocr_sentiment,train
"Invincible, Vol. 1.pdf_p0153_panel_4.jpg",neutral,|,auto_ocr_sentiment,train
"Invincible, Vol. 1.pdf_p0530_panel_1.jpg",disgust,"THE ONE WHO V
CAUGHT OUR
PHYSICS

TEACHER.",auto_ocr_sentiment,train
"Invincible, Vol. 1.pdf_p0553_panel_1.jpg",neutral,"ond ea
Lae

ny ot
; ee

IF LT WERE TO CONTINUE I WOULD
TELL YOU OF THE TIMES NOLAN
GRAYSON HAD PEFEATED ALLEN
ON HIS ILL-FATED MISTAKEN
ENCOUNTERS WITH THE PLANET
EARTH.*

A

HOW DUE TO ALLEN’S

REPORTS, THE COALITION Im
HAD SCHEPULED HIM *.
MORE FREGUENT VISITS

TO THE PLANET URATH.

q oo
rr",auto_ocr_sentiment,train
"Invincible, Vol. 1.pdf_p0191_panel_0.jpg",neutral,,auto_ocr_sentiment,train
"Invincible, Vol. 1.pdf_p0403_panel_1.jpg",neutral,"WELL, NEVER

    
 
    
 
   
   
   
   
   
  
 
 
    
      
     
   
  

FEAR. {T’S JULY,
AS WE JUST SURVIVED
IN AN ALIEN INVASION
Ut, AND L DOUBT MOST

OF YOU SENIORS
WERE PLANNING ON
PAYING MUCH
ATTENTION IN THESE ,
LAST TWO WEEKS 4

ANYWAY... £4

EXAM TH THAT

> MACE

SURE YOU’ ee SCRE
RRIED THAT IT. We’Re

€ ALREADY / WATCHING |
OTTEN THE ff Movies. 4

‘TERIAL.",auto_ocr_sentiment,train
"Invincible, Vol. 1.pdf_p0242_panel_0.jpg",neutral,,auto_ocr_sentiment,train
"Invincible, Vol. 1.pdf_p1007_panel_4.jpg",neutral,,auto_ocr_sentiment,train
"Invincible, Vol. 1.pdf_p0380_panel_2.jpg",neutral,"SOMEONE ELSE MU:
BEATEN “HEM. IT’S Al

“ANP

IT’S DONE

PIDN’T STOYV

THEM.",auto_ocr_sentiment,train
"Invincible, Vol. 1.pdf_p0966_panel_1.jpg",neutral,"JUST HOLV IT
TOGETHER LONG PROTEC

ENOUGH FOR IF YOU LE
ROBOT TO FINISH COLLAPSE
HIS DEVICE-- Be ABLE
TO HIM

   

HEe’LL BE DONE
S00",auto_ocr_sentiment,train
"Invincible, Vol. 1.pdf_p0325_panel_5.jpg",neutral,,auto_ocr_sentiment,train
"Invincible, Vol. 1.pdf_p0800_panel_0.jpg",neutral,,auto_ocr_sentiment,train
"Invincible, Vol. 1.pdf_p0072_panel_7.jpg",neutral,,auto_ocr_sentiment,train
"Invincible, Vol. 1.pdf_p0789_panel_2.jpg",neutral,,auto_ocr_sentiment,train
"Invincible, Vol. 1.pdf_p0430_panel_2.jpg",surprise,"THERE'S
SOMETHING
ON THE--!

»)",auto_ocr_sentiment,train
"Invincible, Vol. 1.pdf_p0963_panel_2.jpg",neutral,,auto_ocr_sentiment,train
"Invincible, Vol. 1.pdf_p0931_panel_1.jpg",neutral,,auto_ocr_sentiment,train
"Invincible, Vol. 1.pdf_p0384_panel_2.jpg",sadness,"WE NEVER PO
ANYTHING. I KNOW IT
SEEMS SELFISH TO
BRING IT UP NOW BUT
I MISS YOU. IT’S BEEN
WEEKS SINCE I WAS

OVER AT YOUR
HOUSE.",auto_ocr_sentiment,train
"Invincible, Vol. 1.pdf_p0327_panel_4.jpg",neutral,,auto_ocr_sentiment,train
"Invincible, Vol. 1.pdf_p1076_panel_2.jpg",neutral,"N
GETTING STRONGER--L
DON’T KNOW HOW QUICKLY
IT ACTUALLY WORKS, IT
MAY ALL BE IN MY HEAD,
Pune Mage BET
ING-- THAT'S ‘Y
EASIER IT é THE PLAN--
GETS. LET’s HOPE
AFEW
HOURS ON THIS

THING EVERY
DAY--AND I’LL BE

W\ READY WHEN THE
VILTRUMITES COME
, TO EARTH. a",auto_ocr_sentiment,train
"Invincible, Vol. 1.pdf_p0103_panel_4.jpg",neutral,,auto_ocr_sentiment,train
"Invincible, Vol. 1.pdf_p0253_panel_3.jpg",fear,"LENE EN

 

IT WASN’T LONG BEFORE I REALIZED
THIS WOULD BE NO EASY ASSIGNMENT.

A
. 3

A

TTT TT EL LULL)

HAD THE WORLD CONQUERING
COMMITTEE KNOWN EARTH WAS

SUCH A VOLATILE ENVIRONMENT, Ih
THEY MAY NOT HAVE CHOSEN IT. Ne

nt Ty tT tth ty
AYVL LL AALS
AYVYVAVAVAS
eS Sh het ie

J",auto_ocr_sentiment,train
"Invincible, Vol. 1.pdf_p0606_panel_0.jpg",neutral,,auto_ocr_sentiment,train
"Invincible, Vol. 1.pdf_p0473_panel_2.jpg",neutral,"IT PROBABLY FELL
FROM & CARGO VPLANE--

AND WAS BLOWN HERE
BY UPPRAFTS. IT’S

HIS CAME FROM
h--",auto_ocr_sentiment,train
"Invincible, Vol. 1.pdf_p0161_panel_2.jpg",neutral,,auto_ocr_sentiment,train
"Invincible, Vol. 1.pdf_p0915_panel_2.jpg",neutral,"THAT CHIN
HAIR WITH NO
MUSTACHE
THING DOES
LOOK ALITTLE
SILLY.",auto_ocr_sentiment,train
"Invincible, Vol. 1.pdf_p0583_panel_3.jpg",neutral,,auto_ocr_sentiment,train
"Invincible, Vol. 1.pdf_p0458_panel_6.jpg",neutral,,auto_ocr_sentiment,train
"Invincible, Vol. 1.pdf_p0280_panel_1.jpg",neutral,,auto_ocr_sentiment,train
"Invincible, Vol. 1.pdf_p0919_panel_0.jpg",neutral,"{
i
~
2
ww
SS
X
Sa
q<
a
Ww
Ws
Wa",auto_ocr_sentiment,train
"Invincible, Vol. 1.pdf_p0252_panel_4.jpg",neutral,"I WAS ONE OF THE FIRST
CHOSEN FOR THIS ASSIGNMENT.

WE WERE TO ACCLIMATE
OURSELVES WITH THE PLANET’S
ENVIRONMENT... EVENTUALLY
BECOMING A MEMBER OF
SOCIETY.",auto_ocr_sentiment,train
"Invincible, Vol. 1.pdf_p0993_panel_1.jpg",neutral,,auto_ocr_sentiment,train
"Invincible, Vol. 1.pdf_p0564_panel_4.jpg",neutral,,auto_ocr_sentiment,train
"Invincible, Vol. 1.pdf_p0295_panel_1.jpg",fear,"AS FAR AS THE PUBLIC IS
CONCERNEP YOUR HUSBAND
DIEP IN A HORRIBLE CAR
CRASH LAST WEEK. WE
WANTED TO PRESERVE HIS

SECRET IDENTITY AND
KEEP YOU AND MARK
SAFE.

 
 
 
 
 
 
 
  
 
 
 
 
 
 
 
 
 
 
 

AUTt
INTER!
AFTER
ALWAYS
TO PROV

DECE
DEATH..
GONE It
Le",auto_ocr_sentiment,train
"Invincible, Vol. 1.pdf_p0235_panel_0.jpg",neutral,". > lig!
Ae
AN \ Ke

ew
be",auto_ocr_sentiment,train
"Invincible, Vol. 1.pdf_p0066_panel_0.jpg",neutral,,auto_ocr_sentiment,train
"Invincible, Vol. 1.pdf_p0725_panel_5.jpg",anger,"SO WHAT SHOULD WE DO--
JUST RETURN BACK TO OUR
INITIAL GOAL? AFTER OUR
ROBOTS WERE CONFISCATEP,
THE ATTEMPT TO USE THE
IMMORTAL TO RECOVER
THEM BACKFIRED-—AND
AFTER THAT WE WERE
SIPETRACKED BY THE
ANGSTROM LEVY

PICK UP WHERE
WE LEFT OFF
WITH THAT

_ OPERATION.

I AGREE,
BUT iN ORDER
TO PO THAT, WE
WOULD NEED TO
SECURE FUNDS--
We’LL HAVE TO TAKE
ON A FEW SIDE f
JOBS BEFORE WE &£
CAN RESUME ff
OUR WORK.",auto_ocr_sentiment,train
"Invincible, Vol. 1.pdf_p0207_panel_3.jpg",fear,"HIS ACTIONS TOWARDS
EVE AFFECT YOUR
OVINION OF
HIM.

    
  
 
  

     
 
 
  
   
  
  
 
 

  
  

t
JUST CAN'T a
BELIEVE ay
HE PIP THAT :
TO HER. }
wy

   

I CAN’T BELIEVE

A LOT OF WHAT YOU
PEOPLE DO, BUT IT TRY NOT
TO HOLD IT AGAINST YOU.",auto_ocr_sentiment,train
"Invincible, Vol. 1.pdf_p0639_panel_7.jpg",neutral,,auto_ocr_sentiment,train
"Invincible, Vol. 1.pdf_p0609_panel_2.jpg",fear,"F YOU SAY SO,

MAN--BUT YOU

WEREN’T DOING
TOO WELL AGAINST
THIS GUY
BEFORE.

  
   
    
 
     

 

FIGURED
YOU COULD
HANPLE THE
LITTLE
GUYS.",auto_ocr_sentiment,train
"Invincible, Vol. 1.pdf_p0261_panel_1.jpg",fear,"HIS MEANS YOU
L EVENTUALLY BE

TRONG AS ME. YOU
ULD POTENTIALLY
STRONGER... AND
1U WILL LIVE FOR
HOUSANDS OF

YEARS.

 
 
 
 
 
 
 
 
   
 
 

   
    

MEANS 4

DO YOU
UNDERSTAND
\ WHAT THIS",auto_ocr_sentiment,train
"Invincible, Vol. 1.pdf_p0908_panel_3.jpg",neutral,"HOW CAN YOU MAKE
SUCH A COMPARISON?
THE COALITION HAS NO
PEFINATIVE ecaree

ON THE STRENG

A VILTRUMITE
WHERE
ARE YOU

GETTING YOUR
INFORMATION?",auto_ocr_sentiment,train
"Invincible, Vol. 1.pdf_p0897_panel_4.jpg",anger,"WILLIAM

IS UP AND
ABOUT. WE CAN
SEND HIM HOME

BUT THOUGHT YOU

MIGHT WANT TO

TAKE HIM

YOURSELF.",auto_ocr_sentiment,train
"Invincible, Vol. 1.pdf_p0954_panel_2.jpg",neutral,,auto_ocr_sentiment,train
"Invincible, Vol. 1.pdf_p0804_panel_2.jpg",neutral,,auto_ocr_sentiment,train
"Invincible, Vol. 1.pdf_p0415_panel_0.jpg",neutral,,auto_ocr_sentiment,train
"Invincible, Vol. 1.pdf_p0729_panel_2.jpg",neutral,"&. VUT THAT

OUT OF YOUR

VHAT WE KNOW

-IF THEY SENT

tH AS FOUR

NITES TO THIS

{ERE WOULDN’T

AMN THING SOL
-OULP PO. WE CAN |

DO IS WAI
HOPE SON
COMES |
THAT AL
US TO Ff
THE",auto_ocr_sentiment,train
"Invincible, Vol. 1.pdf_p0796_panel_3.jpg",neutral,,auto_ocr_sentiment,train
"Invincible, Vol. 1.pdf_p0920_panel_3.jpg",neutral,,auto_ocr_sentiment,train
"Invincible, Vol. 1.pdf_p0069_panel_1.jpg",neutral,,auto_ocr_sentiment,train
"Invincible, Vol. 1.pdf_p1020_panel_7.jpg",neutral,,auto_ocr_sentiment,train
"Invincible, Vol. 1.pdf_p0231_panel_5.jpg",surprise,"| fe fd
. WHERE'D OZ
( Fcckis Y
I THOUGHT Z|

YOU JUST
LA Lert? ian
ff rd",auto_ocr_sentiment,train
"Invincible, Vol. 1.pdf_p0135_panel_2.jpg",neutral,"a2
- aS",auto_ocr_sentiment,train
"Invincible, Vol. 1.pdf_p0536_panel_0.jpg",surprise,"” MY
BOYFRIEND IS
A SUPERHERO.
I CAN'T BELIEVE
HOW UNBELIEVABLY
COOL THAT IS.
T’A STILL IN SHOCYL.",auto_ocr_sentiment,train
"Invincible, Vol. 1.pdf_p1008_panel_4.jpg",neutral,"THE BIG DEAL
IS THAT OLIVER
IS STILL VERY
YOUNG--HE’S
NOT REAPY TO

HAVE THESE I""
POWERS. PANG",auto_ocr_sentiment,train
"Invincible, Vol. 1.pdf_p0292_panel_1.jpg",neutral,,auto_ocr_sentiment,train
"Invincible, Vol. 1.pdf_p0338_panel_5.jpg",neutral,,auto_ocr_sentiment,train
"Invincible, Vol. 1.pdf_p0274_panel_0.jpg",neutral,,auto_ocr_sentiment,train
"Invincible, Vol. 1.pdf_p0431_panel_1.jpg",neutral,,auto_ocr_sentiment,train
"Invincible, Vol. 1.pdf_p0522_panel_2.jpg",surprise,"[YOU THINK--
-LAINING ABOUT
'WOULP BE A

ING TO DO. IT
FEW MONTHS
WAS OUT OF

FEW WEEKS,
{ HE CAME",auto_ocr_sentiment,train
"Invincible, Vol. 1.pdf_p0674_panel_0.jpg",neutral,"PREPARE FOR

&  VILTRUMITE. 4

TO GIVE YOUR

LIFE GLORY--

I AM ANXIOUS
IT WILL Be. 4",auto_ocr_sentiment,train
"Invincible, Vol. 1.pdf_p0728_panel_1.jpg",neutral,"LOOKS LIKE YOU
NEED TO GIVE YOUR
TAILOR FRIEND
A CALL.

 

NOT
EXACTLY, BUT
I’M ENT
IE THAT’S WHAT
YOU'RE

~~",auto_ocr_sentiment,train
"Invincible, Vol. 1.pdf_p0301_panel_2.jpg",neutral,,auto_ocr_sentiment,train
"Invincible, Vol. 1.pdf_p0737_panel_0.jpg",neutral,,auto_ocr_sentiment,train
"Invincible, Vol. 1.pdf_p0014_panel_2.jpg",surprise,"IT WAS A
DIAMOND HEIST!
We KNEW THERE
WOULD BE COPS
THERE! WHY DO

YOU THINK WE
BROUGHT YOU",auto_ocr_sentiment,train
"Invincible, Vol. 1.pdf_p1007_panel_2.jpg",neutral,,auto_ocr_sentiment,train
"Invincible, Vol. 1.pdf_p0685_panel_6.jpg",surprise,"A SMALL
TOWN
WITHOUT
PHONES?!",auto_ocr_sentiment,train
"Invincible, Vol. 1.pdf_p0212_panel_2.jpg",neutral,"WE’RE ABOUT DONE.
We’VE GOT A SOLID
LINE UV VICKED AND
WE'RE REVIEWING THE
LAST CANDIDATE NOW.
IT’S NOT GOING
WELL.

SEE FOR k
YOURSELF.

     
  
 
    
    
   

EE EEEanendiaadaenenel",auto_ocr_sentiment,train
"Invincible, Vol. 1.pdf_p0609_panel_3.jpg",neutral,,auto_ocr_sentiment,train
"Invincible, Vol. 1.pdf_p0120_panel_2.jpg",neutral,,auto_ocr_sentiment,train
"Invincible, Vol. 1.pdf_p0686_panel_1.jpg",neutral,,auto_ocr_sentiment,train
"Invincible, Vol. 1.pdf_p0894_panel_0.jpg",neutral,,auto_ocr_sentiment,train
"Invincible, Vol. 1.pdf_p0180_panel_6.jpg",neutral,,auto_ocr_sentiment,train
"Invincible, Vol. 1.pdf_p0767_panel_3.jpg",neutral,,auto_ocr_sentiment,train
"Invincible, Vol. 1.pdf_p0246_panel_1.jpg",anger,"THE FIRST STEP OF THE INITIATIVE WAS PLANETS THAT WERE FAR ENOUGH
TO LOCATE OTHER PLANETS THAT WERE IN

A CRUCIAL STAGE OF DEVELOPMENT...

ALONG THAT ADDING THEM TO THE
EMPIRE WOULD Be A WORTHWHILE
ENDEAVOR, BUT NOT SO FAR ALONG
THAT We WOULD Be UNABLE TO
OVERCOME THEIR DEFENSES.",auto_ocr_sentiment,train
"Invincible, Vol. 1.pdf_p0259_panel_0.jpg",anger,"I DECIDED THAT FOR A TIME
I WOULD TURN MY BACK ON
MY DUTIES AND FOCUS ON
RAISING YOU.",auto_ocr_sentiment,train
"Invincible, Vol. 1.pdf_p0155_panel_1.jpg",neutral,,auto_ocr_sentiment,train
"Invincible, Vol. 1.pdf_p0761_panel_6.jpg",neutral,"SO, UH...
LOOKS LIKE
I’VE GOTA

LITTLE
ee p
TOD

 

a8",auto_ocr_sentiment,train
"Invincible, Vol. 1.pdf_p0977_panel_1.jpg",joy,". RESTORED MY
W RULE OVER MY PEOPLE--

a” \) isserge\
ga... HALT! ger ‘\

   
 
   

 
 
         
      
 
  
    
 
  
 

  

      
 
  

7? mee AND FOR THAT, r. AM \ ay »

y . . GRATEFUL AND WILL HE WILL

*e | FOREVER BE IN YOUR WEL NOT BE REMAIN :
WILL ALWAYS BE LEAVE US. 4

 
 
  
     

REMEMBERED. y

AMONG YOU. HE IS
KESVONSIBLE FOR

” CS GREAT SHAME A”
- THRUST UPON
vy mv mw OUK PEOPLE.
v rm? Ve

WITH THE 4
GREAT BETRAYER lw 4
aoa

    

=—
Looe,

7 -_
ij 7 oA

7 a Os r

bed

ae nad",auto_ocr_sentiment,train
"Invincible, Vol. 1.pdf_p0760_panel_7.jpg",neutral,,auto_ocr_sentiment,train
"Invincible, Vol. 1.pdf_p1077_panel_0.jpg",surprise,"y OKAY, WHERE
EXACTLY IS THE
EXIT IN THIS
PLACES ICAN’T J
SEEM TO 7
FIND--

\ (i OH --HEY, ‘
Lh INVINCIBLE.",auto_ocr_sentiment,train
"Invincible, Vol. 1.pdf_p0505_panel_3.jpg",neutral,,auto_ocr_sentiment,train
"Invincible, Vol. 1.pdf_p0526_panel_8.jpg",fear,"SUPERHERO.
YOU’RE NOT THAT

     

JO
THOUGHT YOU
WERE TOO.",auto_ocr_sentiment,train
"Invincible, Vol. 1.pdf_p0874_panel_2.jpg",surprise,"YEAH--VERY

F
SO TOTALLY A
JOKING MATTER-
WAY TO KEEP
\ YOUR HEAD IN
be THE GAME!",auto_ocr_sentiment,train
"Invincible, Vol. 1.pdf_p0513_panel_0.jpg",neutral,,auto_ocr_sentiment,train
"Invincible, Vol. 1.pdf_p0575_panel_7.jpg",neutral,,auto_ocr_sentiment,train
"Invincible, Vol. 1.pdf_p0194_panel_0.jpg",neutral,,auto_ocr_sentiment,train
"Invincible, Vol. 1.pdf_p1039_panel_2.jpg",fear,"“OR THREATENING
YOUR MOTHER.
}THAT’S NOT HOW I
WANTED THIS TO
START. IT WAS THE
ONLY WAY TI
THOUGHT I COULD
GET YOU ALONE
QUICKLY.

   
 
  

FOR 7
APOL",auto_ocr_sentiment,train
"Invincible, Vol. 1.pdf_p0900_panel_0.jpg",neutral,"WHAT HE DID TO THOSE © re
PEOPLE--TOOK THEIR f pBestNnot 4
LIVES FROM THEM-- , TO DWELL ON }

TURNED THEM INTO Hae, (7, SON.

HE’S IN
CUSTODY--THE
MATTER’S BEEN
TAKEN CARE OF.

ITWON’T HAPrE

AGAIN. 44",auto_ocr_sentiment,train
"Invincible, Vol. 1.pdf_p0135_panel_4.jpg",neutral,"BETTER GET

THIS SUPER

SPEEP OUT
OF YOUR

SYSTEM
BEFORE--

rT fT}

?
‘

r
ir"")

‘
hb
Pag
z

ee

Se

i
»
UA
ral ne
——————— |)

 

aa Ce

— |",auto_ocr_sentiment,train
"Invincible, Vol. 1.pdf_p0504_panel_6.jpg",neutral,,auto_ocr_sentiment,train
"Invincible, Vol. 1.pdf_p0057_panel_4.jpg",neutral,,auto_ocr_sentiment,train
"Invincible, Vol. 1.pdf_p1102_panel_2.jpg",neutral,"IT UP. YOU WERE
PRETTY CLOSE
THAT TIME. YOU'RE £
IMPROVING. 4",auto_ocr_sentiment,train
"Invincible, Vol. 1.pdf_p0972_panel_3.jpg",anger,"STOP! I'M
EOING THIS! I’M",auto_ocr_sentiment,train
"Invincible, Vol. 1.pdf_p0254_panel_2.jpg",neutral,"WHEN IT EVENTUALLY CAME UP...
I TOLD HER THE VERSION OF MY
COMING TO EARTH THAT YOU HAVE
BEEN TOLD SINCE CHILDHOOD.

IT WAS CLEAR SHE WOULDN’T
APPROVE OF THE REAL
REASONS I WAS HERE.",auto_ocr_sentiment,train
"Invincible, Vol. 1.pdf_p0910_panel_4.jpg",neutral,"1 THAT
REPAIRS
. We’LL
ADY TO
STATE

      
   
     

  

OR WE
COULP TAKE
YOU TO YOUR
PARENTS’ HOME,
IF YOU’D
PREFER.",auto_ocr_sentiment,train
"Invincible, Vol. 1.pdf_p1013_panel_1.jpg",neutral,"OH, HEY THERE.
HAVE WE METZ
I DON’T THINK
WE HAVE.

CAN YOU a
HELP ME OUT? A

I’M LOOKING
FOR--",auto_ocr_sentiment,train
"Invincible, Vol. 1.pdf_p0768_panel_5.jpg",neutral,"HEAR WHAT4 j
DESPITE
CONTRARY
POPULAR
Beller—--L
DO NOT HAVE

SUPER-
HEARING.",auto_ocr_sentiment,train
"Invincible, Vol. 1.pdf_p0342_panel_5.jpg",neutral,,auto_ocr_sentiment,train
"Invincible, Vol. 1.pdf_p0719_panel_1.jpg",neutral,—,auto_ocr_sentiment,train
"Invincible, Vol. 1.pdf_p0834_panel_10.jpg",neutral,"I DON’T
WANT TO
TALK ABOUT
THAT.",auto_ocr_sentiment,train
"Invincible, Vol. 1.pdf_p0837_panel_4.jpg",anger,"REASON HE DIPN’T
LIKE TO TALK ABOUT
THESE BOS. HE
WAS EMBARRASSED

BY THEM... OR

SOMETHING. LiKe I

SAY, T REALLY LIKEP
THEM, SO I KEVT
THEM. 7",auto_ocr_sentiment,train
"Invincible, Vol. 1.pdf_p0282_panel_3.jpg",neutral,,auto_ocr_sentiment,train
"Invincible, Vol. 1.pdf_p0828_panel_5.jpg",fear,"IT'S NOT LIKE
I HAVE ANY
FRIENDS or J

 
     
 
   

ANYTHING.",auto_ocr_sentiment,train
"Invincible, Vol. 1.pdf_p0886_panel_2.jpg",neutral,,auto_ocr_sentiment,train
"Invincible, Vol. 1.pdf_p0952_panel_2.jpg",fear,"THE PLAN, MY MINIONS,
IS TO SIT TIGHT. THE
GOVERNMENT KNOWS WE'RE
HERE. THEY KNOW WHAT
WE NOW HAVE CONTROL
OVER--AND THEY'RE GOING
TO PO WHATEVER THEY
CAN TO GET IT
BACK.

  
  
 
 
  
  
   
 
 
     
 
    
  

  
  
 
    
     
  
     

ONCE THIS
ATTACK FAILS--
ONCE THEY KNOW
THEY CAN’T FORCE

US OUT OF HERE
OR STOP
US--

   

 
 
  

THEY'RE
GOING TO SEND
IN THEIR BEST LINE
OF PEFENSE--we’LL
BE UNDER ATTACK IN
AN HOUR OR LESS,

I’M SURE. ALL WE
NEED TO PO IS HOLD
OUR GROUNP.

  

  

THAT'S
WHEN THEY'LL
START
NEGOTIATING.",auto_ocr_sentiment,train
"Invincible, Vol. 1.pdf_p0390_panel_5.jpg",neutral,"ANGSTROM

LEVY. MEET

ANGSTROM
LEVY.",auto_ocr_sentiment,train
"Invincible, Vol. 1.pdf_p0788_panel_5.jpg",anger,"L
DIDN’T STOP
THAT MACHINE! I
WAS FIGHTING THE

MAULER TWINS--
THE ONES YOU
BROUGHT FROM

OTHER DIMENSIONS
TO ATTACK
Me!

         
         
   
 
   
     
      
 

y THEY

WY WERE KILLING

a Me! YOU HALTED

THE MACHINE
TO STOP

THEM!

  
  
 

  

YOU DIP
= THIS TO
YOURSELF!",auto_ocr_sentiment,train
"Invincible, Vol. 1.pdf_p1106_panel_2.jpg",neutral,"PEOPLE SAY OF HIM HERE.
I’VE READ COUNTLESS
REPORTS OF HIS BETRAYAL
AND HIS CONFLICT WITH YOU.

“EVEN NOW, THE MERE ie
MENTION OF HIS NAME

HAS MADE YOU NOTICEABLY [208
UNCOMFORTABLE. Ps

“WHAT I HAVE DISCOVERED IN MY
i STUDY OF THE MATTER IS WHAT
APPEARS TO BE TWO COMPLETELY |
SEPARATE PEOPLE. ONE YOU AND ons
I KNEW AS CHILDREN, AKIND, : :
CARING MAN... ANP THIS OTHER, “LOGIC WOULP DICTATE THAT
MORE SAVAGE MAN. ONE MUST BE AN ACT, THE
OTHER HIS TRUE NATURE.",auto_ocr_sentiment,train
"Invincible, Vol. 1.pdf_p0442_panel_0.jpg",neutral,,auto_ocr_sentiment,train
"Invincible, Vol. 1.pdf_p0501_panel_2.jpg",anger,"SECRETS TO

IMMORTALITY.

YOU GOT ANY
POINTERS?

I DON’T--
OH, YOU
THINK 1/M
HIM, DON’T
YOU?

I’M SIMPLY
CONTINUING THE
LEGACY. I
WAS NIGHT
BOY. HIS

ASSISTANT.

ING,
I PRESUME?
NIGE PLACE
YOU GOT HERE-- |
LOTS OF :
SHAPE. @",auto_ocr_sentiment,train
"Invincible, Vol. 1.pdf_p0002_panel_0.jpg",neutral,CONIPENDIUM ONE,auto_ocr_sentiment,train
"Invincible, Vol. 1.pdf_p0549_panel_4.jpg",neutral,Ut,auto_ocr_sentiment,train
"Invincible, Vol. 1.pdf_p0390_panel_3.jpg",neutral,,auto_ocr_sentiment,train
"Invincible, Vol. 1.pdf_p0660_panel_1.jpg",neutral,,auto_ocr_sentiment,train
"Invincible, Vol. 1.pdf_p0441_panel_0.jpg",neutral,,auto_ocr_sentiment,train
"Invincible, Vol. 1.pdf_p0420_panel_1.jpg",fear,"HE’S
DEALING
PRUGS.

    
     
    
 
     
   
 
 
    
 

I THINK
WE NEED TO
CONFRONT HIM,
CONVINCE HIM TO
GET HELP. I KNOW
HIS DAD’S BOOKS
ARE DOING REALLY
WELL, BUT MAYBE
THEY DON’T GET ALL
THAT MONEY--MAYBE
HE’S DOING THIS
TO SUPPORT
HIS MOM.

  

I MEAN--
I FIND IT AS
HARD TO BELIEVE
AS YOU PO--BUT
REALLY--IS THERE
ANY OTHER
EXPLANATION?",auto_ocr_sentiment,train
"Invincible, Vol. 1.pdf_p0438_panel_3.jpg",anger,"WILL BO,
BOSS!",auto_ocr_sentiment,train
"Invincible, Vol. 1.pdf_p0127_panel_3.jpg",neutral,,auto_ocr_sentiment,train
"Invincible, Vol. 1.pdf_p0546_panel_0.jpg",neutral,,auto_ocr_sentiment,train
"Invincible, Vol. 1.pdf_p0822_panel_0.jpg",neutral,,auto_ocr_sentiment,train
"Invincible, Vol. 1.pdf_p0583_panel_4.jpg",neutral,,auto_ocr_sentiment,train
"Invincible, Vol. 1.pdf_p0915_panel_6.jpg",neutral,,auto_ocr_sentiment,train
"Invincible, Vol. 1.pdf_p0089_panel_6.jpg",anger,"AKE YOU

KIDDING Me?
YOU/RE NOT
EVEN WEARING
A MASK.",auto_ocr_sentiment,train
"Invincible, Vol. 1.pdf_p0540_panel_7.jpg",sadness,"SHE'D BE REALLY
PISSED IF SHE
FOUND OUT T TOLD
Ou.",auto_ocr_sentiment,train
"Invincible, Vol. 1.pdf_p0365_panel_5.jpg",neutral,"J,

SENIOR YEAR ISN’T OVER JUST
YET. LOOK, I KNOW YOU’VE BEEN
GOING THROUGH A LOT LATELY,
AND I DON’T MEAN TO SOUND
INSENSITIVE. IT’S JUST THAT
I SEE YOU GOING DOWN A
WRONG PATH. EVER SINCE
YOUR DAD DIED IN THAT
CAR CRASH WE DON’T
KNOW WHAT TO DO
WITH YOU.",auto_ocr_sentiment,train
"Invincible, Vol. 1.pdf_p0203_panel_0.jpg",neutral,"‘ Y
H
L)
i
|
A
N
4
i}",auto_ocr_sentiment,train
"Invincible, Vol. 1.pdf_p0537_panel_2.jpg",surprise,"I DIDN’T FIND OUT
UNTIL I WAS ABOUT
SEVEN YEARS OLD. UP
UNTIL THAT POINT--TI
JUST THOUGHT MY

DAP WAS A
WRITER...",auto_ocr_sentiment,train
"Invincible, Vol. 1.pdf_p0914_panel_0.jpg",fear,"YEAH, UH... } SORRY IF I

CONSIDER IT \/ INTERRUPTED

PROPFEP. iy ANYTHING. THE
iii p

I",auto_ocr_sentiment,train
"Invincible, Vol. 1.pdf_p0728_panel_2.jpg",disgust,"AND YOU SAW
YOUR FATHER.
DO YOU FEEL LIKE
HE’S NO LONGER
A THREAT TO THIS
PLANET?",auto_ocr_sentiment,train
"Invincible, Vol. 1.pdf_p0557_panel_0.jpg",anger,"MY RECENTLY LIBERATED
HOME WORLD WAS UNDER
fa ATTACK FROM THE KRESH,
AN EMPIRE CHARGED BY
THE VILTRUMITES TO
OVERTAKE OUR

IF THE
VILTRUMITES
ARE ENLISTING THE
AID OF CONQUERED
RACES TO SPREAD
THEIR EMPIRE, IT IS
NOT INCONCEIVABLE
THAT THEY MAY
AL E

WEAKER THAN WE
REALIZE. ya
--

—_

RLD.",auto_ocr_sentiment,train
"Invincible, Vol. 1.pdf_p0667_panel_0.jpg",neutral,,auto_ocr_sentiment,train
"Invincible, Vol. 1.pdf_p0936_panel_7.jpg",neutral,,auto_ocr_sentiment,train
"Invincible, Vol. 1.pdf_p0627_panel_1.jpg",neutral,"Pa)

Pa >
al

   

| »)",auto_ocr_sentiment,train
"Invincible, Vol. 1.pdf_p1016_panel_2.jpg",neutral,,auto_ocr_sentiment,train
"Invincible, Vol. 1.pdf_p0486_panel_2.jpg",neutral,,auto_ocr_sentiment,train
"Invincible, Vol. 1.pdf_p0387_panel_0.jpg",neutral,"SO, HOW
ARE THINGS
GOING WITH

WILLIAM?

,

TURTLE ETT TT tT TTT as
;

,

peoeoo ye

Aa

ke

-_
° i Tn = \
a | Toy

~~: ion",auto_ocr_sentiment,train
"Invincible, Vol. 1.pdf_p0328_panel_5.jpg",neutral,"THAT MAY
BE TRUE... BUT
THE THING IS, WE’RE
ALL TOO YOUNG FOR ANY
OF THIS STUFF TO BE
HAPPENING TO US. WE’VE
GOT NO EXPERIENCE
DEALING WITH THESE
SITUATIONS. I CAN’T
REALLY BLAME YOU.
I DON’T REALLY KNOW
HOW I SHOULD BE

 

Ne
PVN SE",auto_ocr_sentiment,train
"Invincible, Vol. 1.pdf_p1074_panel_0.jpg",neutral,"THe Ls

es tay

THE PENTAGON, HOME OF ,
THE STRONGHOLD D COM a TL ry

DEFENSE AGENCY.",auto_ocr_sentiment,train
"Invincible, Vol. 1.pdf_p0995_panel_3.jpg",sadness,"HE’S
NOT KIDDING--
I SUGGEST
A HASTY",auto_ocr_sentiment,train
"Invincible, Vol. 1.pdf_p0303_panel_1.jpg",neutral,,auto_ocr_sentiment,train
"Invincible, Vol. 1.pdf_p0356_panel_3.jpg",neutral,,auto_ocr_sentiment,train
"Invincible, Vol. 1.pdf_p0032_panel_4.jpg",neutral,"WITH MY MISSION CLEARLY
AT HAND, I WENT TO WORK.

pS = EMA GE

THE PEOPLE OF EARTH NEEPED AY

SOMEONE TO KEEP THEM SAFE... Row 9 oS
r Saat: Al

 

x

Ve

ae, (4

  

  

a
*

Gre ge
ete Ae
A ibd ees

IT WAS LESS THAN A YEAR BEFORE
I MET YOUR MOTHER... BUT THAT’S
A STORY FOR ANOTHER TIME.",auto_ocr_sentiment,train
"Invincible, Vol. 1.pdf_p1065_panel_5.jpg",surprise,"THIS IS
A HUGE
WASTE OF
MY TIME.",auto_ocr_sentiment,train
"Invincible, Vol. 1.pdf_p1048_panel_0.jpg",neutral,,auto_ocr_sentiment,train
"Invincible, Vol. 1.pdf_p0162_panel_4.jpg",neutral,,auto_ocr_sentiment,train
"Invincible, Vol. 1.pdf_p1044_panel_1.jpg",fear,", NICE ONE.
Y. NOW

   
 

UH
RE

 

THAT BOAT IS WER
SINKING MARK. “=
THERE WAS TOO

WHAT
7 THE HELL AM
I SUPPOSED
TO DO NOW2

THERE'S
AN [ISLAND THREE
MILES SOUTH OR
YOUR LOCATION...
lI- YOU COULD BEACH
THE SHIP NEXT TO
IT, THAT'D KEEP THE
PEOPLE SAFE UNTIL
RESCUE CREWS
ARRIVE.

 

READY TO

TEST JUST

HOW STRONG
YOU REALLY",auto_ocr_sentiment,train
"Invincible, Vol. 1.pdf_p0088_panel_2.jpg",neutral,"T’LL TELL YOU ON THE
WAY. C’/MON, WE’VE
GOT 10 GET

TO THE",auto_ocr_sentiment,train
"Invincible, Vol. 1.pdf_p0204_panel_2.jpg",neutral,,auto_ocr_sentiment,train
"Invincible, Vol. 1.pdf_p0257_panel_0.jpg",neutral,"NA

I NEVER BECAME AN OFFICIAL
MEMBER BUT I WAS WELCOMED
INTO THE FOLD WITH OPEN ARMS.

na |",auto_ocr_sentiment,train
"Invincible, Vol. 1.pdf_p0957_panel_0.jpg",neutral,,auto_ocr_sentiment,train
"Invincible, Vol. 1.pdf_p0116_panel_1.jpg",sadness,"SORRY
TO HAVE TO

BREAK THE Pa:
News T0 YOu, aan
MAN. @&> mo adie

Las

 

 
 
 
 
 
 
   

DON’T WORRY ABOUT IT.
iF IT WASN’T FOR YOU TI
MIGHT HAVE BEEN FIRED
WHEN MY EVALUATION
CAME UP... COME TO
THINK OF IT, IT MIGHT
STILL BE...",auto_ocr_sentiment,train
"Invincible, Vol. 1.pdf_p0581_panel_3.jpg",joy,"HIM
CAN

FEEL THE MACHING
| WORKING--I CAN |
. FEEL MY MIND-- f
\ EXPANPING! 4",auto_ocr_sentiment,train
"Invincible, Vol. 1.pdf_p0455_panel_5.jpg",neutral,,auto_ocr_sentiment,train
"Invincible, Vol. 1.pdf_p0201_panel_3.jpg",neutral,,auto_ocr_sentiment,train
"Invincible, Vol. 1.pdf_p0696_panel_0.jpg",anger,"THERE’S
THE NOLAN
WE’VE HEARD
STORIES

I MUST
ADMIT. YOU HAD
Me WORRIED
FOR ALITTLE
WHILE",auto_ocr_sentiment,train
"Invincible, Vol. 1.pdf_p0128_panel_4.jpg",neutral,,auto_ocr_sentiment,train
"Invincible, Vol. 1.pdf_p0356_panel_2.jpg",fear,"OH, LETHAN. .
You HAVE PROVEN Y

TO BE OUR KING.
TALE ME Now!
I’M YOURS!

 
  
 
 
    
  
 

   
  
 

wN
ANG",auto_ocr_sentiment,train
"Invincible, Vol. 1.pdf_p0683_panel_0.jpg",neutral,,auto_ocr_sentiment,train
"Invincible, Vol. 1.pdf_p0831_panel_8.jpg",neutral,"THIS IS THE BLONDE

HAS SHOWN ME
PICTURES.",auto_ocr_sentiment,train
"Invincible, Vol. 1.pdf_p0830_panel_2.jpg",joy,"WELL, THEKE
AKE THESE TWO
GIRLS...

 
    
  

AMBER, MY
GIRLFRIEND.

       
       
 
  
 

AND Eve,
MY FRIEND,
AND FELLOW
SUPERHERO. £

|

  

Py

—
a

f
A",auto_ocr_sentiment,train
"Invincible, Vol. 1.pdf_p0200_panel_0.jpg",neutral,"Ce
UNITED STATES

vmaiTieo -

Parking in Rear ©)",auto_ocr_sentiment,train
"Invincible, Vol. 1.pdf_p0833_panel_6.jpg",sadness,"SO... YOU’VE
MAPE UP YOUR
MIND THEN?

I THINK
I HAVE. I’M
WITH AMBER...
I’M GOING TO

STAY WITH AMBER.

SHE’S PUT UP WITH
SO MUCH... BEEN
SO GOOD TO ME...
I CAN’T BETRAY
THAT.

{| BAD IDEA, I ;
\ SUPPOSE. GLAD ¥

I COULD

HELP.

I MIGHT...
I DON’T KNOW...
TALK TO Eve
EVENTUALLY.",auto_ocr_sentiment,train
"Invincible, Vol. 1.pdf_p0200_panel_2.jpg",neutral,,auto_ocr_sentiment,train
"Invincible, Vol. 1.pdf_p0077_panel_0.jpg",neutral,,auto_ocr_sentiment,train
"Invincible, Vol. 1.pdf_p0471_panel_7.jpg",neutral,"IT'S--IT'¢
NOTHING. I
SEE YOU LAT",auto_ocr_sentiment,train
"Invincible, Vol. 1.pdf_p0257_panel_1.jpg",neutral,"THEY HELPED ME ALONG IN THE
EARLY YEARS. THEY KNEW IT WAS
NEW TO ALL THIS AND Were ALL
TOO EAGER TO ASSIST ME.",auto_ocr_sentiment,train
"Invincible, Vol. 1.pdf_p0462_panel_1.jpg",neutral,,auto_ocr_sentiment,train
"Invincible, Vol. 1.pdf_p0563_panel_1.jpg",sadness,"AY -
ra ; a *
are
rn
a M
ao MUN You
os 7 WILL TELL ME
“es MW EVERYTHING YOU
Sg ee an m™ KNOW ABOUT YOUR ARECERTAINHE
err oy ; ‘ _ . ENCOUNTER WITH WAS VILTRUMITE? EE
i a 7 a . THE VILTRUMITE YOU ARE CERTAIN 4
7 - ae OF EARTH. HE SIRED AN HEIR?
7"" . ' | y es af YOU ARE CERTAIN
“ . ""= mig HE ABANPONEP
< We Po",auto_ocr_sentiment,train
"Invincible, Vol. 1.pdf_p0200_panel_4.jpg",neutral,,auto_ocr_sentiment,train
"Invincible, Vol. 1.pdf_p0813_panel_3.jpg",surprise,"f HOw I WOULD
HAVE SURVIVED
HERE.
THANKS.",auto_ocr_sentiment,train
"Invincible, Vol. 1.pdf_p0622_panel_0.jpg",neutral,"OKAY, THAT
PART, AT
LEAST, MAKES
SENSE.

   
   
 
  
    
   
   

   
 

JUST
WANT TO
LET YOU KNOW
I’M LISTENING
IN, KID.",auto_ocr_sentiment,train
"Invincible, Vol. 1.pdf_p0710_panel_3.jpg",neutral,"aE”
ac. :

re",auto_ocr_sentiment,train
"Invincible, Vol. 1.pdf_p0101_panel_3.jpg",anger,"ANYWAY, I JUST GOT

ALERTED TO A MAJOR

BAPPIE COMING INTO

OUR SOLAR SYSTEM,

HEADED STRAIGHT
FOR EARTH.

I’M NOT WORRIED.
WHAT PO YOU WANT
Me TO POF

 

JUST
BEAT THE
GUY UP, KEEP

HIM FROM
ENTERING EARTH’S
ATMOSPHERE AND

RUNNING AMOK.
IT’S NOT ROCKET TWELVE

GOT ABOUT

SCIENCE. MINUTES TO

GET INTO

 

T’VE FOUGHT THIS GUY
BEFORE, HE’S NOT OUT
OF YOUR LEAGUE, BUT
HE’S GOING TO BE
THE TOUGHEST GUY
YOU’VE FACED
SO FAR.",auto_ocr_sentiment,train
"Invincible, Vol. 1.pdf_p0041_panel_3.jpg",neutral,"yg YOU KNOW...
YOU PO LOOK
FAMILIAR...",auto_ocr_sentiment,train
"Invincible, Vol. 1.pdf_p0277_panel_2.jpg",neutral,,auto_ocr_sentiment,train
"Invincible, Vol. 1.pdf_p0867_panel_0.jpg",neutral,,auto_ocr_sentiment,train
"Invincible, Vol. 1.pdf_p0281_panel_2.jpg",neutral,"We
WILL SHARE
OUR TECHNOLOGY
WITH THEM! We’LL
BRING THEM UP TO
SPEED WITH THE
REST OF THE

UNIVERSE. IN TIME,
EARTH WILL Be
BETTER THAN

IT EVER
was!",auto_ocr_sentiment,train
"Invincible, Vol. 1.pdf_p0886_panel_0.jpg",anger,"ANY MINUTE Now...

 
 
   

BUSTING THROUGH
THAT WALL AND
, SAVE ME...",auto_ocr_sentiment,train
"Invincible, Vol. 1.pdf_p0706_panel_4.jpg",neutral,,auto_ocr_sentiment,train
"Invincible, Vol. 1.pdf_p0922_panel_4.jpg",neutral,,auto_ocr_sentiment,train
"Invincible, Vol. 1.pdf_p0806_panel_0.jpg",neutral,,auto_ocr_sentiment,train
"Invincible, Vol. 1.pdf_p0920_panel_6.jpg",anger,"On, OKIVGE!T WAS WA
THE MARK WITH THAT
I'VE GOT A PAPER TO |
YOU’VE GOT TO LEAVE
BUT I WANTED TO THAI
FORK DOING THIS. IK
YOU WERE NERVOL
AT FIRST. BUT
IT WAS FUN.",auto_ocr_sentiment,train
"Invincible, Vol. 1.pdf_p0658_panel_5.jpg",neutral,"I AM THE WORLD
SHAPER!! I CREATE
LIFE WHERE THERE /*
1S NONE!
Ja - aaa I
o- —

~ CREATE

Z WILL
PRAIN THIS

SOON I WILL BE

bh RESTORED!",auto_ocr_sentiment,train
"Invincible, Vol. 1.pdf_p0764_panel_0.jpg",surprise,"Ww
Oy
Wy
ra
2
Oo
>

OH, HEY
GUYS!",auto_ocr_sentiment,train
"Invincible, Vol. 1.pdf_p0318_panel_6.jpg",neutral,,auto_ocr_sentiment,train
"Invincible, Vol. 1.pdf_p0975_panel_5.jpg",neutral,,auto_ocr_sentiment,train
"Invincible, Vol. 1.pdf_p0338_panel_3.jpg",neutral,,auto_ocr_sentiment,train
"Invincible, Vol. 1.pdf_p0373_panel_5.jpg",neutral,"4ING I CAN.

l IMPOSSIBLE
S ON THE
EEDED.

 
 
 
  
    
 
 
 
 
 
   

YOU’RE PROVING
RE USELESS BY THE
Y. WERE IT NOT FOR
OBOT’S CONTINUED
IPPORT YOU WOULD
HAVE NO PLACE
HERE.",auto_ocr_sentiment,train
"Invincible, Vol. 1.pdf_p0844_panel_4.jpg",neutral,"SIT DOWN. THIS
GENTLEMAN HERE IS
MAYOR WILLIAMS FROM
TOOELE, A COUPLE
GOUNTIES OVER. HE’S
GOT A--FAVOR
TO ASK.

SON--I’M N/
JUST GOING
TO GET RIGHT
DOWN TO IT--
WE NEED YOUR
HELP IN A BIG
WAY.",auto_ocr_sentiment,train
"Invincible, Vol. 1.pdf_p0922_panel_0.jpg",neutral,"\
4
\
a \
a
WwW
>
l ‘ e \)

I HOPE
EVERYONE'S

z
Q
K
>
i
bo
Wy <
w5
Qe",auto_ocr_sentiment,train
"Invincible, Vol. 1.pdf_p0320_panel_1.jpg",neutral,,auto_ocr_sentiment,train
"Invincible, Vol. 1.pdf_p0561_panel_2.jpg",neutral,"AND PLEASE--
DON’T SPEAK OF
OUR--YOU KNOW--
IN PUBLIC. IT’S

TOO RISKY

YES OF COURSE--THAT...
AND YOU. I MEANT FOOP
SPECIFICALLY. I’M ALWAYS
THINKING ABOUT THALMUN
BAKS ANP OTHER SWEETS
BUT I NEVER THINK
ABOUT KANZLOK UNTIL
I GET BACK.",auto_ocr_sentiment,train
"Invincible, Vol. 1.pdf_p0709_panel_2.jpg",neutral,"NLS
od =
Ge

& >
7 | x
. A ko
“IY A
7. — ~ U
ca w CJ
tg LAE
4g. F :
Ca vs is
7
!",auto_ocr_sentiment,train
"Invincible, Vol. 1.pdf_p0733_panel_2.jpg",neutral,,auto_ocr_sentiment,train
"Invincible, Vol. 1.pdf_p0326_panel_0.jpg",neutral,"WILLIAM...

v",auto_ocr_sentiment,train
"Invincible, Vol. 1.pdf_p1103_panel_5.jpg",neutral,"IT'S OKAY... I
UNDERSTAND.
THIS IS VERY
IMPORTANT TO
You. I GET

       
     
 
   
 
    

YOU DON’T
HAVE TO
APOLOGIZE.",auto_ocr_sentiment,train
"Invincible, Vol. 1.pdf_p0375_panel_1.jpg",neutral,,auto_ocr_sentiment,train
"Invincible, Vol. 1.pdf_p0216_panel_1.jpg",anger,"w=, ~~ mi

HOw
MUCH MORE
TINKERING
MUST YOU DO?

I’M TIRED OF ff

ALL THIS
WAITING.

LS VVEUN | oe
TIRE OF THIS

SUBJECT.

YOU WANT
HIM TO WAKE UP
AND KILL US? I

HAVE TO MAKE

SURE THE CONTROL

BEACONS ARE
OPERATIONAL BEFORE
, LLOCK DOWN THE
& = s SEALS ON THE

IF HE
7 WEKES UP AND
y He’S NOT UNDER
y OUR CONTROL WE
WILL HAVE
SUCCEEDED ONLY
IN RESURRECTING
ONE OF OUR
\ WORST ENEMIES. J
\ I TRUST YOU
A DON’T WANT",auto_ocr_sentiment,train
"Invincible, Vol. 1.pdf_p0331_panel_3.jpg",fear,"THAT COUPLED WITH YOUK
PLACEMENT IN THE ORIGINAL
GUARDIANS’ BASE WITH THE

ADDED RESOURCES IT BRINGS
SHOULD IMPROVE THE OVERALL
DYNAMIC OF THIS
TEAM.

   
   
   
   
   
   
   
 
 
   
   
   
   
   
   
   

 
 

HOW PID We
SECURE THIS BASE?
I WAS UNDER THE
IMPRESSION THAT
THE REPRESENTATIVES
OF DARKWING AND WAR
WOMAN WOULD NOT
ALLOW US TO USE IT.",auto_ocr_sentiment,train
"Invincible, Vol. 1.pdf_p0808_panel_2.jpg",neutral,,auto_ocr_sentiment,train
"Invincible, Vol. 1.pdf_p1065_panel_7.jpg",neutral,,auto_ocr_sentiment,train
"Invincible, Vol. 1.pdf_p0109_panel_0.jpg",neutral,"SQ...
YOU’RE A
TALKER,",auto_ocr_sentiment,train
"Invincible, Vol. 1.pdf_p0186_panel_3.jpg",neutral,"THOSE TWO
ARE UP TO
SOMETHING.",auto_ocr_sentiment,train
"Invincible, Vol. 1.pdf_p0070_panel_0.jpg",neutral,,auto_ocr_sentiment,train
"Invincible, Vol. 1.pdf_p0174_panel_5.jpg",neutral,,auto_ocr_sentiment,train
"Invincible, Vol. 1.pdf_p0975_panel_1.jpg",surprise,": J? VIG A OD Fe
. co) — iin |

i ah",auto_ocr_sentiment,train
"Invincible, Vol. 1.pdf_p0761_panel_7.jpg",neutral,"Ve

CO?

MAY",auto_ocr_sentiment,train
"Invincible, Vol. 1.pdf_p0424_panel_5.jpg",anger,"ry SAMPLES OF MINERALS
AND THEN GET THE HELL
OUT OF THERE--SO YOU
SHOULDN’T SEE THEM
OR EVEN KNOW THEY’RE
THERE. BUT JUST",auto_ocr_sentiment,train
"Invincible, Vol. 1.pdf_p0494_panel_2.jpg",anger,"I UNDERSTAND
YOUR
FRUSTRATION.

HOW ARE
YOU DOING?
YOU SEEM
TO BE IN
FAIRLY GOOP
CONDITION.",auto_ocr_sentiment,train
"Invincible, Vol. 1.pdf_p0835_panel_6.jpg",fear,"JUST... 2 VON | KNOW,
CALL ME WHEN YOU'RE
DONE WITH IT? OR
MAYBE WE COULD MEET
SOMEWHERE AND
SHARE IT?

 
 
  

 

   

I REALLY
NEED THAT
BOOK.",auto_ocr_sentiment,train
"Invincible, Vol. 1.pdf_p1046_panel_3.jpg",neutral,,auto_ocr_sentiment,train
"Invincible, Vol. 1.pdf_p0901_panel_2.jpg",neutral,"I WOULDN'T MIND MAKING
ITA REGULAR THING. I
WAS MEANING TO ASK,

THOUGH--YOUR NEW
BOPY... -

DOES
IT, UH... AGE
NATURALLY?",auto_ocr_sentiment,train
"Invincible, Vol. 1.pdf_p0521_panel_10.jpg",neutral,,auto_ocr_sentiment,train
"Invincible, Vol. 1.pdf_p1079_panel_1.jpg",surprise,"OH,
YEAH?!",auto_ocr_sentiment,train
"Invincible, Vol. 1.pdf_p0103_panel_3.jpg",neutral,"HERE
GOES
NOTHING.",auto_ocr_sentiment,train
"Invincible, Vol. 1.pdf_p0345_panel_7.jpg",fear,"IW SECURITY
HASSLES ME
1E METAL
TECTOR.

al

 
 
 
  
  
  
 
 
 
 
 
   
  
  

ANYWAY... I
JUST WANTED
[oO LET YOU KNOW
AAT I GOT MOVIES
‘OR TONIGHT. YOU
GOING TO BE
PICKING UP

DINNER?

     
  
    

YOu,

ba

 
  

KIN

\",auto_ocr_sentiment,train
"Invincible, Vol. 1.pdf_p0762_panel_4.jpg",neutral,,auto_ocr_sentiment,train
"Invincible, Vol. 1.pdf_p0620_panel_1.jpg",neutral,"THIS IS NOT GOING THE
WAY IT’S SUPPOSED TO.
YOU ARE NOT SUPPOSED

O REACT TOM NONE
t tis MAY. e OF THIS WAS

SUPPOSED TO
HAPPEN--YOU
KNOW ME--YOU
KNOW WHO T AM.
YOU--THIS SHOULD
NOT HAVE
HAPPENED.",auto_ocr_sentiment,train
"Invincible, Vol. 1.pdf_p0022_panel_5.jpg",neutral,,auto_ocr_sentiment,train
"Invincible, Vol. 1.pdf_p0475_panel_2.jpg",neutral,,auto_ocr_sentiment,train
"Invincible, Vol. 1.pdf_p0608_panel_1.jpg",neutral,"L Pp Fi
OCTOBOSS,
RED ONE! “ag

T’LL FIND--

= SOMETHING!",auto_ocr_sentiment,train
"Invincible, Vol. 1.pdf_p0463_panel_4.jpg",neutral,,auto_ocr_sentiment,train
"Invincible, Vol. 1.pdf_p0559_panel_0.jpg",neutral,"I HAVE
see PF cee

HON’. YOU IN",auto_ocr_sentiment,train
"Invincible, Vol. 1.pdf_p1015_panel_0.jpg",anger,"THAT TOOK WORD TO THE

m Me OFF GUARD-- WISE--A FEW MORE
a BUT IT DIDN'T PUNCHES LIKE THAT
_ HURT.

AND ALL YOU’RE ete
YOU’RE GOING TO 00 IS PISS }
ME OFF.

TOUGHER AND I’M
STRONGER NOW
THAN T EVER WAS
A THEN--MUCH |
RB OSTRONGER. wd

ee",auto_ocr_sentiment,train
"Invincible, Vol. 1.pdf_p0169_panel_0.jpg",neutral,,auto_ocr_sentiment,train
"Invincible, Vol. 1.pdf_p0503_panel_2.jpg",joy,"RUN INTHE {|
FAMILY.",auto_ocr_sentiment,train
"Invincible, Vol. 1.pdf_p0505_panel_0.jpg",neutral,"I’M GOING
TO LEAVE YOU
HERE TO ROT,

MEDCLER.",auto_ocr_sentiment,train
"Invincible, Vol. 1.pdf_p0362_panel_4.jpg",joy,"; VE

pm we Oi
hj PTF bs",auto_ocr_sentiment,train
"Invincible, Vol. 1.pdf_p0377_panel_1.jpg",anger,"QUIET. I HAVE TO THINK.
I CAN’T DO ANOTHER JUMP
UNTIL I REST. WE’VE GOT
TO FIND A PLACE TO
HIDE FOR AFEW
HOURS!",auto_ocr_sentiment,train
"Invincible, Vol. 1.pdf_p1024_panel_3.jpg",neutral,,auto_ocr_sentiment,train
"Invincible, Vol. 1.pdf_p0148_panel_2.jpg",neutral,,auto_ocr_sentiment,train
"Invincible, Vol. 1.pdf_p0956_panel_3.jpg",anger,"WE KIL
LIKE THREE MORE
TO FILL THE
GAP!",auto_ocr_sentiment,train
"Invincible, Vol. 1.pdf_p0457_panel_4.jpg",neutral,"oes <

Set",auto_ocr_sentiment,train
"Invincible, Vol. 1.pdf_p0934_panel_1.jpg",joy,"SORRY--I
WAS VISITING
MY FRIEND IN
~ AFRICA.

   
     

SON
at Os oo",auto_ocr_sentiment,train
"Invincible, Vol. 1.pdf_p0729_panel_11.jpg",neutral,"IT HAP TO AMASS ALA
ENTIRE SUPERHERO 4
AND EVEN HIRE ON
CAPES BASTARDS
NEW YORK T
HELP OUT.",auto_ocr_sentiment,train
"Invincible, Vol. 1.pdf_p0225_panel_2.jpg",neutral,,auto_ocr_sentiment,train
"Invincible, Vol. 1.pdf_p0810_panel_6.jpg",neutral,"THERE’S GOT TO BE A
WAY TO GET BACK HOME...
THERE JUST HAS TO BE.
SOMEWHERE ON THIS = FS
PLANET... THERE’S MAYBE

GOTTA BE
le T EXAMINE
SOMETHING. 1 pNGSTRON’S... BODY.
MAYBE THAT WILL GIVE
ME SOME ANSWERS.

MAYBE HIS
BODY COULD
SOMEHOW--",auto_ocr_sentiment,train
"Invincible, Vol. 1.pdf_p0521_panel_2.jpg",neutral,"Fw
e
Boze 2
Roots sys
O95Wz> 82
v OSs5
QbES SE
Wy >
Od VOn",auto_ocr_sentiment,train
"Invincible, Vol. 1.pdf_p1029_panel_2.jpg",neutral,,auto_ocr_sentiment,train
"Invincible, Vol. 1.pdf_p0073_panel_2.jpg",fear,"ACTUALLY... PAV WAS SUCKED INTO A
PORTAL ABOUT FIFTEEN MINUTES AGO,
I DON’T THINK HE’LL BE HOME
TONIGHT.

   
  
    
 
  

IT WAS
SOME ALIENS WE
FOUGHT EARLIER TODAY...
T’M SURE HE’S FINE.",auto_ocr_sentiment,train
"Invincible, Vol. 1.pdf_p1016_panel_3.jpg",neutral,,auto_ocr_sentiment,train
"Invincible, Vol. 1.pdf_p0544_panel_6.jpg",anger,"OH, AND
DON’T EVER
SAY ANYTHING
ABOUT HIM TO
ANYONE. HE'S
WAY TOP SECRET.
I KNOW--I CAN
TRUST YOU.
JUST GOTTA
SAY IT
a: Y'KNOW2",auto_ocr_sentiment,train
"Invincible, Vol. 1.pdf_p1083_panel_1.jpg",anger,"WITH OUR SISTER'S
SUPERIOR FIGHTING SKILLS
ANP POWERS--YOU REALLY
EXPECT ME TO BELIEVE YOU
GOT OUT OF THERE ALIVE--
AND SHE DIDN’T--WITHOUT

ANY KIND OF INTERFERENCE
FROM YOU?!

WHOA,
Now!! Twas  ‘
SHOT IN THE Heap! }
I STILL DON’T
\ KNOW HOW I
SURVIVED! 4",auto_ocr_sentiment,train
"Invincible, Vol. 1.pdf_p0657_panel_4.jpg",neutral,,auto_ocr_sentiment,train
"Invincible, Vol. 1.pdf_p1078_panel_2.jpg",neutral,,auto_ocr_sentiment,train
"Invincible, Vol. 1.pdf_p0529_panel_2.jpg",neutral,,auto_ocr_sentiment,train
"Invincible, Vol. 1.pdf_p0626_panel_5.jpg",neutral,,auto_ocr_sentiment,train
"Invincible, Vol. 1.pdf_p1003_panel_5.jpg",neutral,,auto_ocr_sentiment,train
"Invincible, Vol. 1.pdf_p0918_panel_6.jpg",neutral,,auto_ocr_sentiment,train
"Invincible, Vol. 1.pdf_p0540_panel_2.jpg",disgust,"LIKE--FOUR
MONTHS. IT WAS

HORRIBLE.

THE WHOLE
THING--NOT JUST
THE MALL BEING
CLOSED--OF
COURSE.",auto_ocr_sentiment,train
"Invincible, Vol. 1.pdf_p1033_panel_4.jpg",anger,"I'M NOT ON ANOTHER
PLANET OP FIGHTING ALIENS
ON A GIANT SPACE SHIP. I’M
NOT TRAPPED IN ANOTHER
DIMENSION. I’M NOT FIGHTING
N GIANTS OR TRAVELING TO {= LI DON’T
oy THE BOTTOM OF THE GO TOMORROW
OCEAN. I MAY NEVER |",auto_ocr_sentiment,train
"Invincible, Vol. 1.pdf_p0738_panel_3.jpg",neutral,,auto_ocr_sentiment,train
"Invincible, Vol. 1.pdf_p0881_panel_4.jpg",neutral,,auto_ocr_sentiment,train
"Invincible, Vol. 1.pdf_p0670_panel_3.jpg",anger,"IT IS AN HONOR
TO BE COUPLED
WITH YOUR FATHER.
HE IS A GREAT
LEADER ANP HAS
DONE A GREAT
MANY THINGS
TO HELP MY
PEOPLE.

FROM
WHAT I HAVE
SEEN YOU
ARE VERY
MUCH HIS

   

I .
SUPPOSE--

YOU
ARE NEARLY
AS FAST AS
HIM, YES. THESE
CAVES ARE A DAY’S
TRAVEL FROM THE CITY
ANP YET YOU HAVE",auto_ocr_sentiment,train
"Invincible, Vol. 1.pdf_p0885_panel_4.jpg",fear,"FING, FINE-—
HERE YOU GO.
SORRY I
DOUBTEP

    
  
 
 
 

   
    

DON’T
WORRY ABOUT
IT. YOU’RE
JUST DOING
YOUR JOB.",auto_ocr_sentiment,train
"Invincible, Vol. 1.pdf_p0982_panel_3.jpg",surprise,"BOYFRIEN
YEAH, T HEAR
THIS GUY ALL T
THING ABOUT IT IS
WE'VE SPENTAL
TOGETHER THIS LAS

T NEVER ACTUALL",auto_ocr_sentiment,train
"Invincible, Vol. 1.pdf_p1003_panel_2.jpg",surprise,"I THINK $0, YEAH.
MING DION’T COME
UNTIL I WAS MUCH",auto_ocr_sentiment,train
"Invincible, Vol. 1.pdf_p0085_panel_5.jpg",neutral,,auto_ocr_sentiment,train
"Invincible, Vol. 1.pdf_p0871_panel_0.jpg",sadness,"oo

      

 

we , = ae
Z Ee 7 at
™ \ he .

BUT I WAS ABLE
TO POSE AS ONE OF
THOSE MAGMANITES
AND FOLLOW THEM
DOWN THAT HOLE AND
NAB THIS GUY.

       

   

   

A 7 Ye \ J
ek IVY NY

  

r

        
 

,

J},

I’M JUST
KIDDING

REALLY
fo

P
ap LCR

NO--NOT

eee a)",auto_ocr_sentiment,train
"Invincible, Vol. 1.pdf_p0541_panel_6.jpg",neutral,,auto_ocr_sentiment,train
"Invincible, Vol. 1.pdf_p0073_panel_3.jpg",neutral,,auto_ocr_sentiment,train
"Invincible, Vol. 1.pdf_p0314_panel_6.jpg",neutral,,auto_ocr_sentiment,train
"Invincible, Vol. 1.pdf_p0078_panel_4.jpg",sadness,"ANY
(DEA WHO’S
BEHIND ITZ

DO ABOUT THAT

NO, AND THERE’S
NOTHING WE CAN
TONIGHT.

I SUGGEST
YOU TWO GO HOME
OND GET SOME SLEEP.
THEN KEEP YOUR EYES
OPEN AT SCHOOL
TOMORROW. I’LL LET

YOU KNOW IF TeiGuRe #

OUT ANYTHING ON
Y OWN.

I THINK
THE MALL
BOMBINGS ARE
CONNECTED TO
MISSING KIDS AT
OUR SCHOOL.",auto_ocr_sentiment,train
"Invincible, Vol. 1.pdf_p0229_panel_4.jpg",neutral,,auto_ocr_sentiment,train
"Invincible, Vol. 1.pdf_p1030_panel_3.jpg",neutral,"OF COURSE, EVE.
LT HAVE FEELINGS
FOR YOU. I WAS
JUST TAKING
SOME TIME.

 
 
   
   
    
   

LOOK AT
YOU--WHERE’S
THAT NAME BRAND
ATOM EVE
CONFIDENCE? I’ve
NEVER SEEN YOU
LIKE THIS.",auto_ocr_sentiment,train
"Invincible, Vol. 1.pdf_p0126_panel_5.jpg",neutral,,auto_ocr_sentiment,train
"Invincible, Vol. 1.pdf_p0025_panel_1.jpg",neutral,,auto_ocr_sentiment,train
"Invincible, Vol. 1.pdf_p1009_panel_7.jpg",neutral,"YOU’RE
NOT
QUITTING
SCHOOL.",auto_ocr_sentiment,train
"Invincible, Vol. 1.pdf_p0367_panel_0.jpg",neutral,,auto_ocr_sentiment,train
"Invincible, Vol. 1.pdf_p0575_panel_8.jpg",neutral,,auto_ocr_sentiment,train
"Invincible, Vol. 1.pdf_p0555_panel_5.jpg",neutral,"ALL MEMBERS OF THE COUNCIL HAVE AN
EQUAL VOTE IN ALL MATTERS. EVERY
MATTER REGARDING THE COALITION MUST
BE BROUGHT BEFOKE THE COUNCIL

. 5 FOR A VOTE.
fF"" | r zi
ah

no

. THIS IS WHO ALLEN
ANSWERS TO.",auto_ocr_sentiment,train
"Invincible, Vol. 1.pdf_p1019_panel_1.jpg",neutral,,auto_ocr_sentiment,train
"Invincible, Vol. 1.pdf_p0374_panel_1.jpg",neutral,"NM
Qo
9
—)
O
a
2
9
+
Wn",auto_ocr_sentiment,train
"Invincible, Vol. 1.pdf_p0388_panel_3.jpg",anger,"JEEZ, MAN! WHAT AKE YOU
POING 2! LOOK AROUND You!
LOOK AT THIS MESS! YOU WERE
THROWING BOULDERS ASIDE
LIKE IT’S NOTHING! You
COULD BE HELPING.

INSTEAD
YOU'RE DIGGING
THROUGH RUBBLE--
TO STEAL!!",auto_ocr_sentiment,train
"Invincible, Vol. 1.pdf_p0542_panel_9.jpg",neutral,"THEN--
THEN HE
STARTED
TO TALK.",auto_ocr_sentiment,train
"Invincible, Vol. 1.pdf_p0321_panel_2.jpg",neutral,,auto_ocr_sentiment,train
"Invincible, Vol. 1.pdf_p0830_panel_10.jpg",neutral,,auto_ocr_sentiment,train
"Invincible, Vol. 1.pdf_p0319_panel_2.jpg",neutral,,auto_ocr_sentiment,train
"Invincible, Vol. 1.pdf_p0634_panel_3.jpg",neutral,,auto_ocr_sentiment,train
"Invincible, Vol. 1.pdf_p1105_panel_1.jpg",neutral,"OH, MARK...

THIS IS A
SURPRISE. WHAT
ARE YOU DAING Ak

HERE?

 

——

ell ge TT i
= Oa eee PT — aa",auto_ocr_sentiment,train
"Invincible, Vol. 1.pdf_p0416_panel_0.jpg",neutral,,auto_ocr_sentiment,train
"Invincible, Vol. 1.pdf_p0831_panel_1.jpg",neutral,,auto_ocr_sentiment,train
"Invincible, Vol. 1.pdf_p0528_panel_5.jpg",fear,"ANYWAY SO THEKE'S NO
NEED FOR ANY BIG LEAD-INS.
HERE WE ARE HOORAY FOR

 
 
 
  
  
  
   

 

OUR TRIP TO MARS. YOU'RE
ALL HEROES BUT We’ve
STILL GOT WORK RUS--T’ve

mq/ FORWARP TO YouR
IN PRESENTATION ON THE

  
 
    

NJ

MOISTURE IN THOSE
MARS ROCKS FOR
\ yy WEEKS. LET'S

TO DO. BEEN LOOKING
HAVE IT, SHALL
we?

h 4
""",auto_ocr_sentiment,train
"Invincible, Vol. 1.pdf_p0747_panel_11.jpg",neutral,,auto_ocr_sentiment,train
"Invincible, Vol. 1.pdf_p1105_panel_0.jpg",neutral,"y
:
2
g |
X
o
?
& |",auto_ocr_sentiment,train
"Invincible, Vol. 1.pdf_p1044_panel_0.jpg",neutral,,auto_ocr_sentiment,train
"Invincible, Vol. 1.pdf_p0411_panel_4.jpg",neutral,,auto_ocr_sentiment,train
"Invincible, Vol. 1.pdf_p0908_panel_1.jpg",neutral,,auto_ocr_sentiment,train
"Invincible, Vol. 1.pdf_p0065_panel_2.jpg",fear,"1 THINK WE'KE DEALING
WITH SOME SORT OF
OTHER -DIMENSIONAL
ARMY HERE. I
DON’T RECOGNIZE
THESE THINGS WHICH
AT ALL. MEANS THEY
COULD HAVE AN
ENTIRE UNIVERSE
WORTH OF SOLDIERS
READY TO SPILL
OUT OF THAT
THING!

   
   
   
   
 
      
     
   
   
   
   
   
  
 
  
   
   
   
   
   
   
   

 

  

WE’VE
GOT TO GET
THEM BACK IN
THAT PORTAL AND
FIGURE OUT A
WAY TO CLOSE
THAT THING
FAST!",auto_ocr_sentiment,train
"Invincible, Vol. 1.pdf_p0175_panel_1.jpg",neutral,,auto_ocr_sentiment,train
"Invincible, Vol. 1.pdf_p0824_panel_7.jpg",anger,"10 Be OFFICIAL AS
FAR AS THE PUBLIC
IS CONCERNED. WE'LL
FUDGE HIS RECORDS
AS HE GETS OLDER
WHEN NEEPED.",auto_ocr_sentiment,train
"Invincible, Vol. 1.pdf_p0236_panel_3.jpg",neutral,,auto_ocr_sentiment,train
"Invincible, Vol. 1.pdf_p0306_panel_2.jpg",neutral,,auto_ocr_sentiment,train
"Invincible, Vol. 1.pdf_p0009_panel_6.jpg",neutral,,auto_ocr_sentiment,train
"Invincible, Vol. 1.pdf_p0217_panel_1.jpg",neutral,"oS a
7 Pee",auto_ocr_sentiment,train
"Invincible, Vol. 1.pdf_p0538_panel_4.jpg",neutral,"ANT Me TO BE TOO
ASAPPOINTED IF
_ DIDN’T GET MY
POWERS.",auto_ocr_sentiment,train
"Invincible, Vol. 1.pdf_p0054_panel_7.jpg",fear,"COMPING 4

   
  
 
 

 

TRYING IS FIGURE OUT
WHO'S BEHIND THEM, BUT
THE BOMBS ARE SO POWERFUL
THEY ARE DISINTEGRATING ALL

THE EVIPENCE AT THE SCENE.",auto_ocr_sentiment,train
"Invincible, Vol. 1.pdf_p0192_panel_3.jpg",neutral,,auto_ocr_sentiment,train
"Invincible, Vol. 1.pdf_p0545_panel_10.jpg",neutral,"YOUK bOY-
FRIEND ISA
SUPER-
HERO.",auto_ocr_sentiment,train
"Invincible, Vol. 1.pdf_p1097_panel_2.jpg",neutral,"ISOTOPE,
MAKE SURE
MR. LIU MAKES
IT HOME
SAFELY.",auto_ocr_sentiment,train
"Invincible, Vol. 1.pdf_p0390_panel_2.jpg",disgust,"YOU REALLY DON’T
RECOGNIZE THIS PLACE?
SORRY. I FORGET THAT
SOMETIMES YOU DON’T
LEAD PARALLEL LIVES.
SOME OF THE OTHERS
HAVE NEAR IDENTICAL
EXPERIENCES
WITH ME.",auto_ocr_sentiment,train
"Invincible, Vol. 1.pdf_p0998_panel_6.jpg",anger,"I’M WELL AWARE OF BUTI
THE HORRIFIC ACTIONS DO WHAT I
OF MY FATHER. I KNOW DO--NOT AS
WHAT HIS PLANS FOR AN APOLOGY TO

THIS PLANET WERE-- THE HUMAN RACE--
AND I STOPPED HIM OR TO TRY AND
FROM CARRYING 4 ERASE THE
THEM OUT. ACTIONS OF MY
FATHER. I HELP
THE EVENTS Q PEOPLE BECAUSE
OF THAT PAY ARE I WANT To--
SOMETHING THAT BECAUSE I
ARE ALWAYS ONMY BELIEVE THATIT |
MIND. IT’S NOT IS THE RIGHT
SOMETHING T'LLEVER THING TO
FORGET AND IT POES pO.
GUIDE MY ACTIONS
TO A CERTAIN
EXTENT.

    

I’M ONLY
TRYING TO
DO WHAT’S

RIGHT.",auto_ocr_sentiment,train
"Invincible, Vol. 1.pdf_p0674_panel_1.jpg",anger,"ANDRESSA,
HEAD FOR THE
MOUTH OF THE

CAVE. QUICKLY,",auto_ocr_sentiment,train
"Invincible, Vol. 1.pdf_p0186_panel_1.jpg",anger,"JEEZ,
DON’T TELL
Me THAT!",auto_ocr_sentiment,train
"Invincible, Vol. 1.pdf_p1064_panel_3.jpg",neutral,,auto_ocr_sentiment,train
"Invincible, Vol. 1.pdf_p0085_panel_0.jpg",neutral,,auto_ocr_sentiment,train
"Invincible, Vol. 1.pdf_p0353_panel_2.jpg",neutral,"LETHAN...
YOU LOVE",auto_ocr_sentiment,train
"Invincible, Vol. 1.pdf_p0688_panel_1.jpg",neutral,,auto_ocr_sentiment,train
"Invincible, Vol. 1.pdf_p0839_panel_4.jpg",surprise,"YEAH. YOU KNOW, I
NEVER REALLY THOUGHT
ABOUT IT, BUT I WONDER

IF THESE WERE LIKE
VILTRUMITE FOLK LORE

OR SOMETHING THAT
HE WAS JUST
RETELLING",auto_ocr_sentiment,train
"Invincible, Vol. 1.pdf_p0517_panel_0.jpg",neutral,"NOT
HOW IT
WORKS, KID.
I NEEVED
YOU TEN

i = SECONPS
AGO. LIVES
J\ Ave AT STAKE.

YOU GOTTA
i), GO NOW. -",auto_ocr_sentiment,train
"Invincible, Vol. 1.pdf_p0982_panel_4.jpg",neutral,,auto_ocr_sentiment,train
"Invincible, Vol. 1.pdf_p0793_panel_3.jpg",neutral,,auto_ocr_sentiment,train
"Invincible, Vol. 1.pdf_p0492_panel_1.jpg",neutral,"SS
I=;
i
3
94",auto_ocr_sentiment,train
"Invincible, Vol. 1.pdf_p0698_panel_2.jpg",neutral,,auto_ocr_sentiment,train
"Invincible, Vol. 1.pdf_p0296_panel_0.jpg",neutral,,auto_ocr_sentiment,train
"Invincible, Vol. 1.pdf_p0729_panel_5.jpg",neutral,,auto_ocr_sentiment,train
"Invincible, Vol. 1.pdf_p1007_panel_3.jpg",neutral,,auto_ocr_sentiment,train
"Invincible, Vol. 1.pdf_p1021_panel_2.jpg",neutral,,auto_ocr_sentiment,train
"Invincible, Vol. 1.pdf_p0330_panel_0.jpg",neutral,"HAVENT
SEEN YOU IN
HERE SINCE YOU
QUIT, MARK. WHAT
HAVE YOU BEEN UP
TO2 DIP YOU
EVER GET A NEW
JOB2Z

le $0, I
See YOU WERE
SMART ENOUGH
NOT TO PUT ME

DOWN AS A
REFERENCE.",auto_ocr_sentiment,train
"Invincible, Vol. 1.pdf_p0047_panel_2.jpg",neutral,">
wW

wd
3°
>~B
OQ

NOT PAYING E
ATTENTION",auto_ocr_sentiment,train
"Invincible, Vol. 1.pdf_p0476_panel_0.jpg",neutral,,auto_ocr_sentiment,train
"Invincible, Vol. 1.pdf_p1013_panel_2.jpg",neutral,,auto_ocr_sentiment,train
"Invincible, Vol. 1.pdf_p0994_panel_0.jpg",neutral,,auto_ocr_sentiment,train
"Invincible, Vol. 1.pdf_p0385_panel_3.jpg",neutral,,auto_ocr_sentiment,train
"Invincible, Vol. 1.pdf_p1062_panel_2.jpg",surprise,"WHAT
y THE HELL, ¢
> UNOPAN?! B",auto_ocr_sentiment,train
"Invincible, Vol. 1.pdf_p0604_panel_4.jpg",anger,"x IS
ROUS. T STAGED YOUR
-REPLACED YOU WITH A
WHO HAD DIED PURING
--S0 YOU COULD HAVE
€ WITH THE WILKINS
AMILY--BUT YOU
HAVE TO STAY A

SECRET! :

l- THEY
LEARN OF YOUR
POWERS BEING
USED--THEY’LL
NOW YOU LIVED--

THEY WON’T STOP
UNTIL THEY
RECOVER
YOU.",auto_ocr_sentiment,train
"Invincible, Vol. 1.pdf_p0622_panel_3.jpg",fear,"lF I CAN HELP--T WILL.

I WOULD NEVER ALLOW
ANYTHING TO PIE IF I

COULD PREVENT

IT.

 
  
  
 
 
 
 
 
 
   

BUT SHOW
ME--WHAT DO
YOU LOOK LIKE
NORMALLY--
HOW ARE YOU
MASKING YOUR
IDENTITY SO
PERFECTLY?",auto_ocr_sentiment,train
"Invincible, Vol. 1.pdf_p0430_panel_3.jpg",neutral,,auto_ocr_sentiment,train
"Invincible, Vol. 1.pdf_p0921_panel_1.jpg",anger,"— I CAN’T BELIEVE
Pi YOU GUYS DID THAT.
YOU ACTUALLY SNUCK
AWAY AND GOT

MARRIEP! THAT'S Z]

 

I YEAH--BUT
MARRIED SEVENTEEN a YOU’RE ALREAPY
TIMES. I WAS NOT
LOOKING FORWARD
TO ANOTHER
WEPDING.

I’M NOT BIG
ON CEREMONY. I
LIKE IT BETTER
THIS WAY--MORE
ROMANTIC.

ae
CF

We Bs",auto_ocr_sentiment,train
"Invincible, Vol. 1.pdf_p1061_panel_0.jpg",neutral,"I DON’T
SUPPOSE We
CAN JUST
TALK THIS
OVER?

CORN

MAN %
SRN, iR
OOOO RC
NY i"" ¢
SN .)

MY
ANY

9
OY
NGS a
*
» ARRON

0
oO ay
x Ne 4

rs

A)",auto_ocr_sentiment,train
"Invincible, Vol. 1.pdf_p0982_panel_7.jpg",neutral,,auto_ocr_sentiment,train
"Invincible, Vol. 1.pdf_p0608_panel_0.jpg",surprise,"Y YOU’RE--
REALLY
GOING TO

   
 

ACK!",auto_ocr_sentiment,train
"Invincible, Vol. 1.pdf_p1030_panel_2.jpg",surprise,"$0--YOU
THINK THIS
1S GOING",auto_ocr_sentiment,train
"Invincible, Vol. 1.pdf_p0701_panel_2.jpg",neutral,,auto_ocr_sentiment,train
"Invincible, Vol. 1.pdf_p1040_panel_1.jpg",neutral,"AND YOU
STARTED BY
THREATENING
TO KiLL MY",auto_ocr_sentiment,train
"Invincible, Vol. 1.pdf_p0382_panel_3.jpg",neutral,"THAT'S GOK
TO HEAR. T J
GOT PONE TAL
TO AMBER. SHE’
HER GARAGE HA
HOLE IN IT-—
OTHERWISE HER
NEIGHBORHOOD LC",auto_ocr_sentiment,train
"Invincible, Vol. 1.pdf_p0134_panel_4.jpg",neutral,,auto_ocr_sentiment,train
"Invincible, Vol. 1.pdf_p0917_panel_0.jpg",neutral,,auto_ocr_sentiment,train
"Invincible, Vol. 1.pdf_p0832_panel_6.jpg",neutral,"; (
JUST NOT FAIR To Be WITH
AMBER. NOT FAIR TO HER. Now SHE
SHE’S IN COLLEGE, SHE’S A GETS TO SIT
STILL YOUNG, SHE'S GOT , AROUND FOR A
HER WHOLE LIFE AHEAD MONTH WHILE I’M
OF HER. SHE DIDN'T ON ANOTHER PLANET.
SHE GETS TO WATCH
KNOW IT WAS A ME GET THE SNOT
SUPERHERO WHEN BEATEN OUT OF ME DOES
WE GOT TOGETHER.

ON TV. SHE GETS TO THAT SEEM

SHE JUST LIKED ME, HAVE ME RUN OFF IN FAIRZ
MARK GRAYSON. THE MIDDLE OF OUR
THENISPRINGIT

ON HER... I’M Borlee TO Stow
. A BOTHER TO SiO

INVINCIBLE. gt AT ALL.

— , .e",auto_ocr_sentiment,train
"Invincible, Vol. 1.pdf_p0503_panel_5.jpg",neutral,,auto_ocr_sentiment,train
"Invincible, Vol. 1.pdf_p0941_panel_2.jpg",anger,"I'M NOT REALLY SURE. ASIDE IF THEY’RE IN A WAR-
SHIP--WHICH IS THE

FROM MIND CONTROL AND THEIR
PSYCHIC LINK TO EAGH OTHER-- = ONLY THING AS BIG A¢
I DON’T KNOW WHAT THEY CAN THE VESSEL YOU'VE

DO. THEY'RE STRONG FOR THEIR DETECTED IN THE
SIZE--MY PEOPLE HAD THEM 4 MARTIAN FLEET--AT
DOING ALL KINDS OF HARD LEAST SOME MARTIANS
LABOR. < HAVE TO BE WORKING

— _ - WITH THEM. THEY
s \ WOULDN’T BE ABLE

- TO OPERATE IT ON
THEIR OWN.

 
    
  
  
  

SHAKESMITH--WHAT CINV
OF RESISTANCE CAN WE
EXPECT? WHAT ARE THE
WEAPONS CAPABILITIES OF
YOUR PEOPLEZ ASSUMING
THEY'RE WORKING WITH
THE SEQGUIDS NOW. AND
WHAT ARE THE SEQUIDS’
> ABILITIES?

     
 
  
  
 

    
   
 
 

 
 

     

 
   
 
 

   
  
  

THEY’D HAVE
TO HAVE SOME KIND
OF PHYSICAL ABILITIES IN
ORDER TO FORCE MARTIAN
SOLDIERS TO WORK WITH
THEM. THEY WOULDN’T
JUST SURRENPER TO
SEQUIP CONTROL.

THOSE

WARSHIPS ARE
PACKED WITH ALL
KINDS OF WEAPONS--

THEY’RE BAD NEWS.
ONCE WE’RE IN THEIR

SENSOR RANGE
THEY'LL KNOW WE'RE
COMING.

 
     
    
 
 
   

   
  
  
 
    
   
   
   
 

THIS
ISN’T GOING
TO BE
EASY.",auto_ocr_sentiment,train
"Invincible, Vol. 1.pdf_p0223_panel_6.jpg",anger,"I
WILL NOT

Be DEFEATED

BY THE LIKES

OF YOU!",auto_ocr_sentiment,train
"Invincible, Vol. 1.pdf_p0390_panel_1.jpg",neutral,,auto_ocr_sentiment,train
"Invincible, Vol. 1.pdf_p0864_panel_3.jpg",neutral,,auto_ocr_sentiment,train
"Invincible, Vol. 1.pdf_p0395_panel_3.jpg",neutral,"MART. I'VE HAD A
BAD EXPERIENCE
. WITH THAT

om.

BUYING--
WE'RE GOING
A TO SHAKE
DELUXE.

roy

a
i
ii <
P
F———_——}
1]",auto_ocr_sentiment,train
"Invincible, Vol. 1.pdf_p0562_panel_1.jpg",anger,"a Pee a we . es:
ALLEN {5 BARELY EVEN AWARE Hal a

OF THE VILTRUMITE’S SUDDEN
AND VIOLENT ATTACK.

B HIS THOUGHTS ARE ON TELIA;
""PIP SHE SURVIVE THE ;
A EXPLOSION?"" HE THINKS.

IF ALLEN WERE SMARTER, OR
POSSIBLY JUST MORE AWARE
OF THE PANGER HE WAS IN,
HIS THOUGHTS WOULD BE
MORE FIRMLY FOCUSED ON
HIS OWN SAFETY,

LAST E

HIS NCOUNTER WITH
VILTRUMITES DID NOT END
WELL. THESE VERY WELL

| COULD BE THE FINAL
J MOMENTS OF HIS LIFE.

-= ry ar 7 ae Pe nas",auto_ocr_sentiment,train
"Invincible, Vol. 1.pdf_p0532_panel_0.jpg",neutral,,auto_ocr_sentiment,train
"Invincible, Vol. 1.pdf_p1010_panel_6.jpg",neutral,,auto_ocr_sentiment,train
"Invincible, Vol. 1.pdf_p0399_panel_2.jpg",neutral,,auto_ocr_sentiment,train
"Invincible, Vol. 1.pdf_p0638_panel_0.jpg",neutral,,auto_ocr_sentiment,train
"Invincible, Vol. 1.pdf_p0628_panel_0.jpg",neutral,"x8, ~",auto_ocr_sentiment,train
"Invincible, Vol. 1.pdf_p0833_panel_0.jpg",neutral,"THAT’S REALLY UP TO HER,
MARK. SHE DIDN’T KNOW

  

ur YOU vist DON’T Beene
UP WITH A GIRL BECAUSE YOU
Ber eKe © Ce sTiLe. THINK SHE COULD DO BETTER.
WITH YOU Si THAT SHOULD BE UP TO
, HER. LETHER MAKE
IF YOU LIKE

THAT PECISION.
Eve BETTER, IF ‘~&
YOU FEEL MORE
CONNECTED TO HER,
aii IF YOU'LL BE HAPPIER
@‘ WITH HER, THAT’S
iN ONE THING.",auto_ocr_sentiment,train
"Invincible, Vol. 1.pdf_p0902_panel_3.jpg",anger,"YOU--YOU' Ke THE ONE--
ALL MY ABANDONED LABS...
NOBODY EVER FOUNP
THEM--OR WHEN THEY
DID, THEIR EXISTENCE MY--
WAS COVERED CAPTURE--
UP. IT’S NOT EVEN
YOU WERE PUBLIC
DOING THAT. YOU KNOWLEDGE,
COULDPN’T FINP ME... IS IT?
BUT YOU DIDN’T WANT
THE POLICE OR ANY
LOCAL LAW
ENFORCEMENT
TO FIND Me
EITHER.",auto_ocr_sentiment,train
"Invincible, Vol. 1.pdf_p1062_panel_3.jpg",anger,"FOURTH
» HUSBAND |
COULPNT IT aN
a MG WHEN
HARD. = THE HELL
Ss Y IP YOU

GET SO
STRONG?! @",auto_ocr_sentiment,train
"Invincible, Vol. 1.pdf_p0573_panel_1.jpg",surprise,"HEY, STRANGER--
HOW LONG HAVE
YOU BEEN
HERE?

I JUST GOT
HERE. I CAME IN
MY BEDROOM
WINDOW. TI DIDN’T
THINK IT’D BEA
GOOD IDEA TO LAND
IN THE YARD AND
COME IN THE

WHAT
ARE YOU",auto_ocr_sentiment,train
"Invincible, Vol. 1.pdf_p0542_panel_0.jpg",neutral,"I DON’T--I’ve
NEVER TALKED
ABOUT THIS
BEFORE...",auto_ocr_sentiment,train
"Invincible, Vol. 1.pdf_p0090_panel_0.jpg",neutral,,auto_ocr_sentiment,train
"Invincible, Vol. 1.pdf_p0950_panel_6.jpg",fear,"NO! YOU HAVE  \
| ALERTED THEM TO
\ YOUR PRESENCE! 4

   
     
     
     

THEY WILL
KNOW You
Are Here \
LY!",auto_ocr_sentiment,train
"Invincible, Vol. 1.pdf_p0455_panel_3.jpg",neutral,"OLP BUDDY.
MAYBE NEXT",auto_ocr_sentiment,train
"Invincible, Vol. 1.pdf_p0894_panel_2.jpg",neutral,"EJECTED FROM
SCHOOL WITH A
RECORD LIKE
THIS?",auto_ocr_sentiment,train
"Invincible, Vol. 1.pdf_p0520_panel_3.jpg",neutral,"iG
Ze",auto_ocr_sentiment,train
"Invincible, Vol. 1.pdf_p0824_panel_0.jpg",neutral,,auto_ocr_sentiment,train
"Invincible, Vol. 1.pdf_p1056_panel_0.jpg",surprise,"7 OH, MOM--YOU’RE
STILL HERE. I
THOUGHT YOU WOULD |
\ ss HAVE LEFT ;

Ls
~",auto_ocr_sentiment,train
"Invincible, Vol. 1.pdf_p0650_panel_3.jpg",anger,"FORGOT. THIS
IS MY MATE,

ANPRESSA.",auto_ocr_sentiment,train
"Invincible, Vol. 1.pdf_p0536_panel_7.jpg",neutral,"START
AT THE
BEGINNING.",auto_ocr_sentiment,train
"Invincible, Vol. 1.pdf_p0044_panel_2.jpg",neutral,"SPEAKING OF WHICH, IF
YOU HAD GOTTEN HERE
THREE MINUTES LATER

  
  

I WOULD HAVE HAP
TO PO THIS
ALONE.",auto_ocr_sentiment,train
"Invincible, Vol. 1.pdf_p0545_panel_2.jpg",neutral,"BUT THERE ARE SOME
WEEKS... WHERE I’M
WORKING NON-STOP.

MAN, THE WEEK T
WENT TO MARS

ALMOST KILLED

Me.",auto_ocr_sentiment,train
"Invincible, Vol. 1.pdf_p0152_panel_2.jpg",neutral,,auto_ocr_sentiment,train
"Invincible, Vol. 1.pdf_p0118_panel_4.jpg",neutral,,auto_ocr_sentiment,train
"Invincible, Vol. 1.pdf_p0232_panel_8.jpg",neutral,,auto_ocr_sentiment,train
"Invincible, Vol. 1.pdf_p0408_panel_2.jpg",surprise,"YEAH, COMMANDER
CAPITALISM HAS BEEN
DATING HOLLY FOR
ABOUT TWO
MONTHS.",auto_ocr_sentiment,train
"Invincible, Vol. 1.pdf_p0140_panel_0.jpg",neutral,,auto_ocr_sentiment,train
"Invincible, Vol. 1.pdf_p1025_panel_6.jpg",neutral,,auto_ocr_sentiment,train
"Invincible, Vol. 1.pdf_p0054_panel_6.jpg",neutral,,auto_ocr_sentiment,train
"Invincible, Vol. 1.pdf_p0202_panel_3.jpg",neutral,"OF COURSE.
JUST BECAUSE
I QUIT THE TEEN
TEAM DOESN’T
MEAN I HUNG UP
MY COSTUME
FOR GOOP.",auto_ocr_sentiment,train
"Invincible, Vol. 1.pdf_p0112_panel_3.jpg",neutral,"I’M
BEGINNING
TO THINK YOU’RE
NOT A SUITABLE
REPLACEMENT.",auto_ocr_sentiment,train
"Invincible, Vol. 1.pdf_p0896_panel_4.jpg",anger,"BOYFRIEND #
I’M NOT GETTING
YOU IN TROUBLE

FOR HAVING ME
HERE, AM IT4",auto_ocr_sentiment,train
"Invincible, Vol. 1.pdf_p0816_panel_0.jpg",anger,"” WHAT NOW, SHRIMP?
WISHING WE HAD CLONED
YOU A BIGGER, STRONGER
BOPY ABOUT RIGHT
NOW, I’LL BET.

YOU GOT ANY MORE
SUPERHEROES ON
THE PAYROLL THAT
YOU’D LIKE US
TO KILL?",auto_ocr_sentiment,train
"Invincible, Vol. 1.pdf_p0419_panel_1.jpg",surprise,"MAN, THAT CEREMONY WAS S
LAME. WINSLOW SAT UP THER
ol FOR LIKE TWO HOURS JUST
ban BUILDING UP TO HIS RETIREME!
= ANNOUNCEMENT. WHAT

A JERK.",auto_ocr_sentiment,train
"Invincible, Vol. 1.pdf_p1018_panel_3.jpg",neutral,,auto_ocr_sentiment,train
"Invincible, Vol. 1.pdf_p0177_panel_2.jpg",neutral,,auto_ocr_sentiment,train
"Invincible, Vol. 1.pdf_p0385_panel_5.jpg",neutral,,auto_ocr_sentiment,train
"Invincible, Vol. 1.pdf_p0589_panel_3.jpg",neutral,YES--T RE,auto_ocr_sentiment,train
"Invincible, Vol. 1.pdf_p0162_panel_0.jpg",neutral,,auto_ocr_sentiment,train
"Invincible, Vol. 1.pdf_p0328_panel_1.jpg",neutral,,auto_ocr_sentiment,train
"Invincible, Vol. 1.pdf_p0832_panel_3.jpg",neutral,"A BIG PEALZ I
DON’T KNOW. T
MEAN, MY IDENTITY
IS SECRET--FOR
THE MOST PART.
MY TWO LIVES

ARE VERY
SEPARATE.",auto_ocr_sentiment,train
"Invincible, Vol. 1.pdf_p0485_panel_2.jpg",neutral,,auto_ocr_sentiment,train
"Invincible, Vol. 1.pdf_p0347_panel_2.jpg",neutral,"OH, THAT’S OKAY..
7M, UH... NOT
OFFENDED.

SO WE’RE
GETTING MARRIED,
HUH? THAT’S, UH..

REAT, I’M REALLY
LOOKING FORWARD
TO IT. WHEN IS IT4
A WEEKZ A
MONTH 4",auto_ocr_sentiment,train
"Invincible, Vol. 1.pdf_p0236_panel_1.jpg",neutral,,auto_ocr_sentiment,train
"Invincible, Vol. 1.pdf_p0182_panel_2.jpg",neutral,,auto_ocr_sentiment,train
"Invincible, Vol. 1.pdf_p0784_panel_3.jpg",neutral,I WANT TO,auto_ocr_sentiment,train
"Invincible, Vol. 1.pdf_p0329_panel_5.jpg",neutral,,auto_ocr_sentiment,train
"Invincible, Vol. 1.pdf_p0806_panel_4.jpg",anger,"YES. YOU KNOW HOW
I--WE HAVE LONGED
THIS, as FOR AN ENP TO OUR
TOO, ISN’T SUFFERING. I ,
ANY OF YOUR WELCOME THIS WITH SIMPLY
BUSINESS. , OPEN ARMS. 4 REMOVE MY
ye MASK, THE
TOXINS IN THE
AIR WILL KILL
ME IN
SECONDS.

(We

2 Zz

—

ig

 

KK

lal

| ~~
za)",auto_ocr_sentiment,train
"Invincible, Vol. 1.pdf_p0739_panel_2.jpg",neutral,"I DON’T
THINK WE'LL
BE HONORING

THAT TRADITION.
CECGIL SAID I’D
NEED TO FIND
OUT HIS NAME
SOON, ANY-",auto_ocr_sentiment,train
"Invincible, Vol. 1.pdf_p0911_panel_5.jpg",neutral,"IT’S NOT THE END OF
THE WORLD. THE
THINGS WE’VE DONE TO
YOU--THE REPAIRS-—
NOBODY WILL EVEN
KNOW YOU’RE NOT
NORMAL UNLESS YOU

TELL THEM.",auto_ocr_sentiment,train
"Invincible, Vol. 1.pdf_p0588_panel_1.jpg",joy,"You’ve *
GOT A FUNNY
IDEA OF
SUCCESS.",auto_ocr_sentiment,train
"Invincible, Vol. 1.pdf_p0628_panel_3.jpg",surprise,"ve

   
  

THEIR

WHOLE
7 LIVES? HOW
"" Is THA ,

  

y y —
re

|

@k

|

|

»
|

Nan] |

 

 

YOUR PEOPLE
AND OURS ARE
VERY DIFFERENT.

THERE IS NOT",auto_ocr_sentiment,train
"Invincible, Vol. 1.pdf_p0043_panel_0.jpg",neutral,"LISTEN, We’RE
FOLLOWING UP ON THE
INCIDENT FROM LAST
NIGHT TODAY. YOU’/RE
WELCOME TO TAG
~~ IF YOU’P

a: Si

M [i SSHOOL",auto_ocr_sentiment,train
"Invincible, Vol. 1.pdf_p0685_panel_3.jpg",neutral,"NO, I TOLP
YOU... HE’S OUT
IN THE WOODS OR
SOMETHING. THEY
CAN’T GET A CELL
PHONE SIGNAL.",auto_ocr_sentiment,train
"Invincible, Vol. 1.pdf_p0659_panel_8.jpg",neutral,,auto_ocr_sentiment,train
"Invincible, Vol. 1.pdf_p0976_panel_2.jpg",neutral,,auto_ocr_sentiment,train
"Invincible, Vol. 1.pdf_p0126_panel_4.jpg",neutral,,auto_ocr_sentiment,train
"Invincible, Vol. 1.pdf_p0110_panel_3.jpg",neutral,,auto_ocr_sentiment,train
"Invincible, Vol. 1.pdf_p0731_panel_5.jpg",neutral,"SOMETHING
LIKE THAT. I
HEAR HIS PARENTS
ARE REALLY
WORKIEP. I’M
NOT SURE, BUT
DEAN WINSLOW
MIGHT HAVE EVEN
GOTTEN THE COPS
INVOLVED BY
Now.",auto_ocr_sentiment,train
"Invincible, Vol. 1.pdf_p0345_panel_5.jpg",neutral,"VY CAN’TYOU
Y JUST USE THE
ELEVATOR?",auto_ocr_sentiment,train
"Invincible, Vol. 1.pdf_p0107_panel_1.jpg",neutral,,auto_ocr_sentiment,train
"Invincible, Vol. 1.pdf_p0560_panel_4.jpg",anger,"WITH NO CHARACTERS READILY
AVAILABLE FOR US TO TURN OUR
ATTENTION TO, WE’RE FORCED
TO PATIENTLY WAIT OUTSIDE.

(rou DON’T EVEN WANT TO KNOW
WHAT REX SPLOPE IS DOING
RIGHT NOW.)",auto_ocr_sentiment,train
"Invincible, Vol. 1.pdf_p0588_panel_3.jpg",neutral,,auto_ocr_sentiment,train
"Invincible, Vol. 1.pdf_p0886_panel_4.jpg",neutral,ee ea,auto_ocr_sentiment,train
"Invincible, Vol. 1.pdf_p1056_panel_7.jpg",neutral,"INSIST...

ITLL
SAVE ME
GAS MONEY
AT LEAST.",auto_ocr_sentiment,train
"Invincible, Vol. 1.pdf_p1077_panel_4.jpg",fear,"OH, YEAH--SHE

 

CAME TO VISIT ME I JUST ASSUMED YOU HAD

IN THE HOSPITAL A A THING FOR HER--BUT I DO

DAY OR SO AFTER THAT WITH EVERY GUY WHO
YOU DID. I FIGURED MEETS A GIRL I’M DATING.

YOU'D WANT NE dé I’M STARTING TO THINK
~ TO TELL HER. I HAVE ISSUES.

NO, 1
LIKE HER--
I JUST--IT’S
COMPLICATED.",auto_ocr_sentiment,train
"Invincible, Vol. 1.pdf_p1039_panel_6.jpg",anger,"TRUS
Me. \— I WERE
HERE TO HURT
YOU--YOU’D
ALREADY BE",auto_ocr_sentiment,train
"Invincible, Vol. 1.pdf_p0680_panel_1.jpg",neutral,,auto_ocr_sentiment,train
"Invincible, Vol. 1.pdf_p0397_panel_2.jpg",anger,"PEAR. YOUR STANCE
ON THAT ISSUE
IS FIRMLY f
GRASPED. 4

BESIDES, MY
MOM (|S HOME.
IT MEANT JUST TO
TALK, HANG
OUT ALITTLE",auto_ocr_sentiment,train
"Invincible, Vol. 1.pdf_p0334_panel_4.jpg",neutral,,auto_ocr_sentiment,train
"Invincible, Vol. 1.pdf_p1036_panel_2.jpg",surprise,"+ CAN I Deticve TCU
REMEMBER MY SCHEDULE.
YEAH, I GOT TIME. WHAT
ARE YOU IN THE MOOD FORZ
PIZZA? HOTPOG?",auto_ocr_sentiment,train
"Invincible, Vol. 1.pdf_p0388_panel_4.jpg",neutral,"OKAY.
I GIVE.
T’LL HELP
YOU OUT.",auto_ocr_sentiment,train
"Invincible, Vol. 1.pdf_p0263_panel_1.jpg",anger,"I DON’T
GIVE 4 PAMN
ABOUT VILTRUM,
OR ANYTHING

I

DON’T CARE

IF TLIVE A
MILLION YEARS.
THIS IS MY HOME
AND I WILL NOT

LET YOU
DESTROY IT!",auto_ocr_sentiment,train
"Invincible, Vol. 1.pdf_p0649_panel_4.jpg",neutral,,auto_ocr_sentiment,train
"Invincible, Vol. 1.pdf_p0007_panel_0.jpg",sadness,"(Proce wows aco, as",auto_ocr_sentiment,train
"Invincible, Vol. 1.pdf_p0834_panel_3.jpg",neutral,"OH, SORRY. YX
I DION’T MEAN
TO TAKE UP SO",auto_ocr_sentiment,train
"Invincible, Vol. 1.pdf_p0458_panel_8.jpg",neutral,,auto_ocr_sentiment,train
"Invincible, Vol. 1.pdf_p0575_panel_4.jpg",anger,"SEEN YOU
cE WE SAW
AST NIGHT.
YOU TWO

ELOPED.

fE YOU
(4",auto_ocr_sentiment,train
"Invincible, Vol. 1.pdf_p0763_panel_6.jpg",anger,"BUT THAT'S NOT

REALLY WHAT I
ASKEP. PEOPLE IT USED 1
LIKE YOU AND Me-- MALE ME W

WE'RE DIFFERENT. TO CRY EVER’
YOU CAN’T IGNORE, 1'D TELL WILLIAY

THAT. FIGHTING THE f
TWINS OR WHOE'
HIS EYES WOULI
OVER. HE J
COULDN’
RELATE.",auto_ocr_sentiment,train
"Invincible, Vol. 1.pdf_p1036_panel_0.jpg",neutral,"ee eee
Ve

’ oe
; I.

rT

‘

wr.
PSS

 

deh)
Vi ay
: a)

fr recom:
SX
y \
3 =
N : we"" 5",auto_ocr_sentiment,train
"Invincible, Vol. 1.pdf_p0552_panel_3.jpg",neutral,,auto_ocr_sentiment,train
"Invincible, Vol. 1.pdf_p0297_panel_1.jpg",neutral,"FOR WAITING. \—
| OR WA FoR
LAY.

THE VE

NO
PROBLEM
ALL,

DONALD.

| iM ri

|
|
ba",auto_ocr_sentiment,train
"Invincible, Vol. 1.pdf_p1009_panel_5.jpg",fear,"GOT TOO MANY DISTRACTIONS. ORLD’S FASTEST PIZZA DELIVERY
I NEVER HAVE TIME TO DO MY , BOY--ANYTHING. GECIL IS ALREADY
HOMEWORK. TMISS More _ANDLETS paviING ME MORE THAN I COULD

CLASSES THAN I FACE IT... L'M EVER MACE WITH A

LM FAILING MOST OF
MY CLASSES--I’M JUST WITH MY POWERS TI COULD DO
NOT DOING WELL AT ALL. I’ve WANT HING AND MAKE ALIVING.

  
  
 
 
   
 
 
 
 
 
 
 

  

 

 
 
 
 
 
 
 
 
 
 
 

 
 
 
 
 
 
 
 
 

TOTALLY WASTING ER MAKE
MY TIME THERE. REAL"" JOB.
nee,

wie ert
LEARN NEEP SCHOOL.

SOMETHING. WHAT--AM I GOING

TO BE A DENTIST2
WHY WOULD I
DO THAT?",auto_ocr_sentiment,train
"Invincible, Vol. 1.pdf_p0748_panel_2.jpg",surprise,"HEY--WHOA, “Co / HAveE I DONE
WHOA. WHERE’S SOMETHING TO
ALL THIS COMING PISS YOU OFF?

: WHAT'S THE

DEAL 4",auto_ocr_sentiment,train
"Invincible, Vol. 1.pdf_p0793_panel_0.jpg",neutral,,auto_ocr_sentiment,train
"Invincible, Vol. 1.pdf_p0942_panel_1.jpg",neutral,"G ING-- > | peers SN a4
ONELY? WELL, IF IT HAPPENS-- VEL = = pee Aa se ys
=——=—_ —§$ WHEN IT HAPPENS, LET -—————S \ \ aerrenon ae
7 [<1 Me KNow. Teanmace LK \ WW DTH, &
V fi NO-- THE LONELINES / | \ VE
a. NOTINTHE \ GO AWAY. \
ye PN beast. _ = .
r in in ES {IT’S NOT at H
| 7 “x N\ =— a GOING TO eS
; % HAPPEN. J a
RN “7

fA
Sl (Aw
a4
3 SE, SCL",auto_ocr_sentiment,train
"Invincible, Vol. 1.pdf_p0553_panel_2.jpg",anger,"I WOULD EVEN CONTINUE TO
TELL YOU ABOUT HOW PURING
A CONFRONTATION WITH MARK
GRAYSON, NOLAN’S SON. ALLEN
LEARNED THE PLANET HE Was
REALLY VISITING WAS
EARTH--NOT URATH.**",auto_ocr_sentiment,train
"Invincible, Vol. 1.pdf_p0561_panel_0.jpg",neutral,"LATER--AFTER THE REUNION HAS ee ea a
COMPLETED ITS CARNAL FESTIVITIES-- & : OUR ATTENTION REFOCUSES ON |
ree a a VY , ALLEN, HIGH ABOVE TALESCRIA,
i. . RRONe ; a . CAPITAL OF THE COALITION

OF PLANETS.

ma Oo

a oo te,
} Hitt RN Yipes os a Wa (T HAS BEEN MERE HOURS AND
a WX RES  O® ALLEN AND TELIA NOW FIND

cS
Kr BS",auto_ocr_sentiment,train
"Invincible, Vol. 1.pdf_p0723_panel_2.jpg",neutral,,auto_ocr_sentiment,train
"Invincible, Vol. 1.pdf_p0964_panel_1.jpg",anger,"SSNIFFIS

I CAN’T DO
THIS--I
CAN’T--

ans

SOME .
WOULD CALL IT

THINK OF IT AS
INTELLIGENCE!

Aa
nd

poes one “St
REMAIN IN THE
THICK OF THE
BATTLE--RISK
PERSONAL INJURY -—
EVEN DEATH TO HELP
INSURE A FAVORABLE
OUTCOME FOR
HIS SIDE?",auto_ocr_sentiment,train
"Invincible, Vol. 1.pdf_p0745_panel_2.jpg",surprise,"6

4] el

  
 

em WATS! ¥ THAD THIS IT’S NOT
B NO! . ONE COVERED!",auto_ocr_sentiment,train
"Invincible, Vol. 1.pdf_p0970_panel_1.jpg",neutral,"; 1 BO NOT KNOW WHAT :
YOU ARE CONSTRUCTING iy",auto_ocr_sentiment,train
"Invincible, Vol. 1.pdf_p0471_panel_0.jpg",neutral,,auto_ocr_sentiment,train
"Invincible, Vol. 1.pdf_p0824_panel_6.jpg",neutral,"iM HEKE CECIL
HAS SOME PAPERS
YOU NEED TO FILL

OUT TO FINALIZE
THE ADOPTION.",auto_ocr_sentiment,train
"Invincible, Vol. 1.pdf_p0227_panel_8.jpg",neutral,"Me 4 GO INITIO
A COMIC SHOP?

ALREADY
ENOUGH OF A

GEEK WITHOUT
BEING SEEN
AT A COMIC",auto_ocr_sentiment,train
"Invincible, Vol. 1.pdf_p0524_panel_5.jpg",anger,"¥ . Ai - p Oh fa
SAMPSON STILL INA
L THOUGHT
HIS OMA 2 MIGHT BE
ALTEREP TO ALLOW
YOu we WEAR

YOu
POSSESS THE
SAME FIGHTING
SKILLS IN THIS
FORM AS YOUR
MONSTER AOE ic

YOU JUST LACK T

STRENGTH. THE SUIT

COULD--IT COULD--

PROVIDE STRENGTH

WITHOUT STUNTING

m YOUR AGING ANY 4
m FURTHER. a",auto_ocr_sentiment,train
"Invincible, Vol. 1.pdf_p0778_panel_0.jpg",neutral,,auto_ocr_sentiment,train
"Invincible, Vol. 1.pdf_p0329_panel_2.jpg",neutral,,auto_ocr_sentiment,train
"Invincible, Vol. 1.pdf_p0803_panel_1.jpg",anger,"+ HAY IC... LVIVN T

HAVE ACHOIGE. THAD YF

TO KILL HIM. HE TRIED
TO KILL Me. HE WAS
GOING TO KILL
MY MOM--MY
BROTHER.

VW ue TeIep
TO KILL ME

FIRST.

HE MADE Me
DO IT... IT WAS AN
ACCIDENT... BUT

HE MAE Me",auto_ocr_sentiment,train
"Invincible, Vol. 1.pdf_p0503_panel_0.jpg",surprise,"WeltL--GIVE ME
AT LEAST ONE

AM I
MISSING
SOMETHING
HERE?",auto_ocr_sentiment,train
"Invincible, Vol. 1.pdf_p0625_panel_2.jpg",fear,"SHE’S JOKING--I
PROMISE. I DIDN'T
TELL HER ANYTHING.
IT’S ALONG STORY
ANP WE’VE ONLY GOT

FIVE MINUTES.

 
 
 
 
 
 
 
 
 
 
 
 
   
 
    

WHAT’S UP
WITH YOU? YOU
SOUND LIKE
YOU’VE GOT
SOMETHING
URGENT TO
TELL ME.",auto_ocr_sentiment,train
"Invincible, Vol. 1.pdf_p0529_panel_7.jpg",neutral,,auto_ocr_sentiment,train
"Invincible, Vol. 1.pdf_p0753_panel_3.jpg",neutral,,auto_ocr_sentiment,train
"Invincible, Vol. 1.pdf_p0899_panel_0.jpg",neutral,e2fhitasa,auto_ocr_sentiment,train
"Invincible, Vol. 1.pdf_p0092_panel_0.jpg",neutral,,auto_ocr_sentiment,train
"Invincible, Vol. 1.pdf_p0922_panel_2.jpg",neutral,,auto_ocr_sentiment,train
"Invincible, Vol. 1.pdf_p0459_panel_0.jpg",surprise,"SCRATCH
THAT LAST
PART.

iT}
ba! JN
Saw SK ey

 

/ ' ‘ i ce
SPN",auto_ocr_sentiment,train
"Invincible, Vol. 1.pdf_p0684_panel_3.jpg",neutral,"I’M
NOT THE
CLONE, MY
NEW FRIEND.
YOU ARE. &",auto_ocr_sentiment,train
"Invincible, Vol. 1.pdf_p0523_panel_1.jpg",neutral,"7 J’M THINKING We I’M NOT ¥
ABOUT GETTING
. A JOB.",auto_ocr_sentiment,train
"Invincible, Vol. 1.pdf_p0206_panel_1.jpg",neutral,,auto_ocr_sentiment,train
"Invincible, Vol. 1.pdf_p0725_panel_6.jpg",neutral,,auto_ocr_sentiment,train
"Invincible, Vol. 1.pdf_p0807_panel_1.jpg",neutral,"WE HAVE
PLANS OF OUR
OWN WE’P LIKE
TO EVENTUALLY

GET BACK",auto_ocr_sentiment,train
"Invincible, Vol. 1.pdf_p1106_panel_1.jpg",fear,"REMEMBER “HE WAS KIND, CARING, i oa ye “I DO NOT RECALL
E MAN MY I REMEMBER YOUR as EVER HAVING REASON
HER WAS. [7

st 4

ww

LT

T.

F. INTERACTION WITH HIM \in WN TO FEAR THE MAN.
hi a) A

H
a i LV) WHEN YOU FIRST ARRIVED
\ t, CRY _ > —
NA r= Ra ————— ees
7 SS. = koe",auto_ocr_sentiment,train
"Invincible, Vol. 1.pdf_p0920_panel_0.jpg",neutral,"GUYS--THIS CALM
UNIVERSITY, iS US. GET DOWN, GIRL.
° OUT OF HERE HE’S THE
I CA ONE WHO
INVITED US
ALONG.",auto_ocr_sentiment,train
"Invincible, Vol. 1.pdf_p0785_panel_1.jpg",neutral,,auto_ocr_sentiment,train
"Invincible, Vol. 1.pdf_p0768_panel_0.jpg",surprise,"YOU GUYS
ARE ALWAYS
WELCOME HERE,

Zz
Q
9°
“

YEAH,
THIS PLACE

oy
ory
oO a3
QVng
ys Sw
IZ=e*
ws VOW
TWO wy
Wy Oy Ww
Wiy>t
v3

THANKS FOR
INVITING

COME OUT HERE.
REALLY, EVE--

Ce eS

i}
/

te
Vite

f
%

CaN

g

i

oa | \ :
¢

Ay

r\

.
. ‘
a
N

. .
5 \
Sa SR
.

dl

“4
i Ui
,",auto_ocr_sentiment,train
"Invincible, Vol. 1.pdf_p0008_panel_5.jpg",anger,"USING !

4 DRAGOAN-

LIKE MONSTER TO
ENSLAVE A PORTION OF
TAIWAN. NEW REPORTS
REVEAL THE BLURRED

FIGURE SEEN IN THIS
AMATEUR PHOTOGRAPH
TO Be NONE OTHER
THAN OMNI-MAN,
DEFENDER OF
DEMOCRACY.

 

EYEWITNESS
REPORTS ARE THAT \LLL

HOURS, DESTROYING
PORTIONS OF THE TOWN
IN ITS WAKE. STAY
TUNED TO CHANNEL SIX,
ACTION NEWS FOR
ANY FURTHER
INFORMATION.",auto_ocr_sentiment,train
"Invincible, Vol. 1.pdf_p0717_panel_0.jpg",fear,"EXCELLENT. MAKE THE
PREPARATIONS AT ONCE. I
WANT THE SHIP PREPARED
FOR LAUNCH BEFORE OUR
SUNS BEGIN THEIR

DECENT.

 
      
 
    
    
 
    
   

YES,
QUEEN. YOUR
WILL Be
DONE.",auto_ocr_sentiment,train
"Invincible, Vol. 1.pdf_p0439_panel_1.jpg",neutral,LEE YE SSS,auto_ocr_sentiment,train
"Invincible, Vol. 1.pdf_p0939_panel_4.jpg",neutral,,auto_ocr_sentiment,train
"Invincible, Vol. 1.pdf_p0504_panel_1.jpg",anger,"NOT QUITE. MY
PREDECESSOR WAS
DEVELOPING THIS MICRO
THIN EXOSKELETON
BEFORE YOUR FATHER

KILLED HIM.",auto_ocr_sentiment,train
"Invincible, Vol. 1.pdf_p0045_panel_5.jpg",neutral,,auto_ocr_sentiment,train
"Invincible, Vol. 1.pdf_p0240_panel_3.jpg",neutral,,auto_ocr_sentiment,train
"Invincible, Vol. 1.pdf_p0379_panel_2.jpg",neutral,,auto_ocr_sentiment,train
"Invincible, Vol. 1.pdf_p0911_panel_2.jpg",sadness,"‘I DIDN'T
HAVE ACCESS TO \
\eed

MY EMOTIONS FOR
SOME TIME--AND MY )
MEMORIES WERE |
DOCTORED $0 I DIPN’T
REMEMBER MY
DEATH--T DION’T
EVEN KNOW I WAS
. AN ANPROID FO
> YEARS.

ILost ¥
MY WIFE

OVER IT. |",auto_ocr_sentiment,train
"Invincible, Vol. 1.pdf_p0340_panel_2.jpg",neutral,,auto_ocr_sentiment,train
"Invincible, Vol. 1.pdf_p0208_panel_2.jpg",neutral,,auto_ocr_sentiment,train
"Invincible, Vol. 1.pdf_p0303_panel_6.jpg",neutral,"YOU WANT 10
GET SOMETHING
TO EAT... TO
CELEBRATE?",auto_ocr_sentiment,train
"Invincible, Vol. 1.pdf_p0647_panel_3.jpg",neutral,"THOUGH--YOU
THOUGHT SENDING
NE OF THE

WOULD MAKE ME
WANT TO HELP
THEM?

 

ERTL THAT
Mee

I WANTED
TO CHOOSE A
FORM YOU WOULDN'T
FIND IMMEDIATELY
THREATENING. SOME-
THING COMFORTING TO
YOU. I KNOW HOW MUCH
YOU ALWAYS Lovep
006. Never suPPoseD ©
TO TRY TO CONVINCE \
YOU THEY ACTUALLY
WERE SCIENCE DOG.
THAT'S JUST THEM
MISUNPERSTANDING
MY DIRECTIONS.",auto_ocr_sentiment,train
"Invincible, Vol. 1.pdf_p0324_panel_1.jpg",fear,"I DON’T CARE WHO
STARTED IT, DEREK. THIS
ISN’T THE WAY YOU REACT

TO INSTIGATION. YOU’RE
ALL IN TROUBLE... I
WANT YOU ALL IN MY
OFFICE NOW.

      
 
     
     
     
     
     
       
   

FEE

MARK, I DION’T KNOW YOU
WERE BACK ALREADY. IF YOU
COULD COME TO MY OFFICE
INA FEW MINUTES... IT
SHOULD BE DONE WITH
THESE Eoye

MARK! MAN...
YOU’RE BACK. IT’S
SO GOOP TO
SEE YOU.",auto_ocr_sentiment,train
"Invincible, Vol. 1.pdf_p0589_panel_2.jpg",neutral,"THE EXPLOSION
SEEMED TO
BE FROM A
PREMATURE
TERMINATION. I
WASN’T IN THE
WAREHOUSE--
REMEMBER?
DIP THE SUPER-

HERO STOP

THE
MACHINE 4",auto_ocr_sentiment,train
"Invincible, Vol. 1.pdf_p0098_panel_0.jpg",neutral,,auto_ocr_sentiment,train
"Invincible, Vol. 1.pdf_p0559_panel_5.jpg",anger,"On, NO. HOW CAN L
TELL TELIA HOW MUCH
I TRULY FEEL FOR HER

WITHOUT BREAKING

SACKED
LAWS?

I COULON’T
LIVE WITHOUT
TELIA--I DON’T
KNOW WHAT I’D DO
lI- IT WERE TO LOSE
HER. BUT--MY PEOPLE
NEEP ME--T CAN’T

WASTE MYSELF ON
RECREATIONAL
ACTIVITIES WITH
HER...",auto_ocr_sentiment,train
"Invincible, Vol. 1.pdf_p0426_panel_0.jpg",neutral,,auto_ocr_sentiment,train
"Invincible, Vol. 1.pdf_p0839_panel_5.jpg",neutral,"NU... TRAT o
NOT IT... THAT’S
NOT IT AT
ALL.

IT’S HIM,
ART... HE’S WRITING
ABOUT HIMSELF. HE'S
WRITING ABOUT HUNTING
DOWN ENEMIES OF
THE VILTRUMITE
EMPIRE.

HE MUST
HAVE HIDDEN
SOMETHING IN

THESE BOOKS...
SOMETHING THAT
I CAN USE TO

HELP HIM.",auto_ocr_sentiment,train
"Invincible, Vol. 1.pdf_p0580_panel_0.jpg",neutral,"WHAT’S THAT ¥
SUPPOSED TO
MEAN? ef",auto_ocr_sentiment,train
"Invincible, Vol. 1.pdf_p0019_panel_2.jpg",neutral,"I’VE GOT FOOTBALL }
PRACTICE
TONIGHT.
WERE GOING
OUTFOR &£
PIZZAZ

te. Babe. Waxy
MNOTIN IT ¥ ee
FOR THE PIZZA. err

YOU STAY
AFTER CLASS,
DEREK 4 I NEED
TO SVEAK WITH",auto_ocr_sentiment,train
"Invincible, Vol. 1.pdf_p0760_panel_5.jpg",neutral,"S0--YOU’RE
MOVING ATOMS
AROUND TO MAKE
THINGS DIFFERENT
THINGS... PO YOU
PLWAYS USE THE
SAME AMOUNT OF
ATOMS? TI MEAN...
IS THERE EVER",auto_ocr_sentiment,train
"Invincible, Vol. 1.pdf_p0133_panel_3.jpg",anger,"Sd...

I HEAR YOU
GUYS CAN SEAT
FOUR THOUSAND
PEOPLE IN THIS

AREA...

 

YES,
ACTUALLY OUR
FACILITIES HERE
ARE SECOND TO
NONE...",auto_ocr_sentiment,train
"Invincible, Vol. 1.pdf_p0053_panel_3.jpg",neutral,,auto_ocr_sentiment,train
"Invincible, Vol. 1.pdf_p0574_panel_0.jpg",neutral,,auto_ocr_sentiment,train
"Invincible, Vol. 1.pdf_p0072_panel_3.jpg",neutral,,auto_ocr_sentiment,train
"Invincible, Vol. 1.pdf_p0094_panel_1.jpg",neutral,,auto_ocr_sentiment,train
"Invincible, Vol. 1.pdf_p0585_panel_4.jpg",neutral,,auto_ocr_sentiment,train
"Invincible, Vol. 1.pdf_p0621_panel_2.jpg",neutral,,auto_ocr_sentiment,train
"Invincible, Vol. 1.pdf_p0002_panel_1.jpg",anger,"COUERS
FRANK CHO

issue 14

ERIK LARSEN.
TODD MCFARLANE.
MARC SILVESTRI, BATT

image comics summer special

MIKE WIERINGO

issve ib

KHARY RANDOLPH

origins",auto_ocr_sentiment,train
"Invincible, Vol. 1.pdf_p0598_panel_6.jpg",neutral,,auto_ocr_sentiment,train
"Invincible, Vol. 1.pdf_p0948_panel_2.jpg",neutral,"HAVE LIFE-
SUPPORT IN
THAT AREA.",auto_ocr_sentiment,train
"Invincible, Vol. 1.pdf_p0275_panel_1.jpg",neutral,,auto_ocr_sentiment,train
"Invincible, Vol. 1.pdf_p0175_panel_3.jpg",surprise,"MOM!
We’RE REALLY
JUST FRIENDS!",auto_ocr_sentiment,train
"Invincible, Vol. 1.pdf_p0909_panel_0.jpg",fear,"BECAUSE
IAM A
VILTRUMITE!

 
 
  
 

\J
SAY NOTHING. I KNOW THIS MUST
COME AS A SHOCK. I WAS THE
\ «FIRST TO REBEL AGAINST
Be | THE EMPIRE.

 
   
     
 
  
  

  

<j

I FOUNPEP
THE COALITION
OF PLANETS TO
DEFEND THE
UNIVERSE AGAINST
THE EVILS OF MY
OWN PEOPLE.

    
  
 

ANOMALY , ONE OF
A KIND, THE ONLY
VILTRUMITE WITH THE
EARTH

UNTIL YOU
TOLD ME OF
INVINCIBLE.",auto_ocr_sentiment,train
"Invincible, Vol. 1.pdf_p0615_panel_6.jpg",neutral,"FLYING THE
OTHER DAY.

VEOPLE LOVE
THAT.",auto_ocr_sentiment,train
"Invincible, Vol. 1.pdf_p0408_panel_5.jpg",neutral,,auto_ocr_sentiment,train
"Invincible, Vol. 1.pdf_p0985_panel_5.jpg",neutral,"WeltL--
THAT’S A
RELIEF.",auto_ocr_sentiment,train
"Invincible, Vol. 1.pdf_p0972_panel_1.jpg",neutral,,auto_ocr_sentiment,train
"Invincible, Vol. 1.pdf_p0557_panel_4.jpg",neutral,,auto_ocr_sentiment,train
"Invincible, Vol. 1.pdf_p0793_panel_5.jpg",neutral,"FAMILY 7!!

>»
iS
Oo
88
at
>

— a",auto_ocr_sentiment,train
"Invincible, Vol. 1.pdf_p0167_panel_2.jpg",neutral,,auto_ocr_sentiment,train
"Invincible, Vol. 1.pdf_p0414_panel_0.jpg",neutral,"CHADWICK
THOMAS
ANDERSON.",auto_ocr_sentiment,train
"Invincible, Vol. 1.pdf_p0601_panel_0.jpg",neutral,"THE SOURCE OF KATE AND PAUL’S
POWERS WERE NEVER DISCOVERED,
PESVITE THE HUNDREDS OF
SCIENTISTS BROUGHT IN TO STUDY
THEM OVER TIME.

WHEN THEY REACHED PUBERTY, _=s
BOTH KATE ANP PAUL GAINED
CONTROL OF THEIR PoweRS, ABLE |y | THEY BECAME A TEENAGE

HEROIC PUO, RIGHTING
TO MULTIPLY AND ABSORB THEIR 7
PUPLICATES AT WILL. WRONGS ANP KEEPING THE

WORLD SAFE.

PUPLI-KATE BECAME A MEMBER OF

THE TEEN TEAM ANP LATER AN INTEGRAL
MEMBER OF THE SECOND VERSION OF THE
GUARDIANS OF THE GLOBE. WHERE SHE
CONTINUES TO FIGHT CRIME TO THIS DAY.

THE CURRENT WHEREABOUTS
ANP STATUS OF MULTI-PAUL

 

ARE UNKNOWN.

~ +e —",auto_ocr_sentiment,train
"Invincible, Vol. 1.pdf_p0488_panel_0.jpg",neutral,"|e
(eee

 

‘-
S u fin |""",auto_ocr_sentiment,train
"Invincible, Vol. 1.pdf_p0997_panel_1.jpg",surprise,"HOW'D THAT BUSINESS
WITH THE GIANT GO? |W

DID THE GUARDIANS
TAKE HIM DOWNZ
~ EVERYONE ALL",auto_ocr_sentiment,train
"Invincible, Vol. 1.pdf_p0522_panel_1.jpg",anger,"IT’S NOT Wt
I’M NOT CO
THAT. Tt
HORRIBLE
HAPPENEL

BACK. +
TOWN FOF
AND Tt",auto_ocr_sentiment,train
"Invincible, Vol. 1.pdf_p0134_panel_0.jpg",surprise,"I’M NOT

THAT PEOPLE THINK
IT IT'S IMPOSSIBLE",auto_ocr_sentiment,train
"Invincible, Vol. 1.pdf_p0040_panel_1.jpg",neutral,,auto_ocr_sentiment,train
"Invincible, Vol. 1.pdf_p0214_panel_6.jpg",neutral,,auto_ocr_sentiment,train
"Invincible, Vol. 1.pdf_p0448_panel_6.jpg",joy,"ee

 
 

|
> wh
s f e
! -
Re a > oe
\y . teresa
i. Sees Samoa
\ U ee
J i
lal Lh
aye)
ry:
x,
a .",auto_ocr_sentiment,train
"Invincible, Vol. 1.pdf_p0294_panel_0.jpg",neutral,"Es
71,
gaa

pth
TL

Yuan

ee
a oe

|_| ee
3 f |
WS

= ie
0
inne S TT

ie °

Fav agael
ee Oe
Fah

Fran

wd
7 <7 tk

phage
Fah
at

—_—
tf nth Font

pa oh

wa

awl
own

_—_ae

Pe ell
—_

ya

2
CA

 

j",auto_ocr_sentiment,train
"Invincible, Vol. 1.pdf_p0386_panel_4.jpg",neutral,,auto_ocr_sentiment,train
"Invincible, Vol. 1.pdf_p0253_panel_2.jpg",surprise,"7

rR

VARIAN A
(=

BUT IT WAS MINE.
if ee :
TRE
Sern Y i MW
iA a pe
|
Z a",auto_ocr_sentiment,train
"Invincible, Vol. 1.pdf_p0044_panel_5.jpg",neutral,,auto_ocr_sentiment,train
"Invincible, Vol. 1.pdf_p0686_panel_3.jpg",neutral,,auto_ocr_sentiment,train
"Invincible, Vol. 1.pdf_p0801_panel_0.jpg",neutral,,auto_ocr_sentiment,train
"Invincible, Vol. 1.pdf_p0019_panel_0.jpg",neutral,"OKAY,
WE’RE CLOSING
IN ON THE END OF",auto_ocr_sentiment,train
"Invincible, Vol. 1.pdf_p0156_panel_1.jpg",neutral,,auto_ocr_sentiment,train
"Invincible, Vol. 1.pdf_p0831_panel_6.jpg",neutral,,auto_ocr_sentiment,train
"Invincible, Vol. 1.pdf_p0649_panel_3.jpg",neutral,,auto_ocr_sentiment,train
"Invincible, Vol. 1.pdf_p0927_panel_2.jpg",neutral,"Pn)
i
aan
an

D+

; tC aan",auto_ocr_sentiment,train
"Invincible, Vol. 1.pdf_p1066_panel_0.jpg",neutral,,auto_ocr_sentiment,train
"Invincible, Vol. 1.pdf_p0936_panel_0.jpg",neutral,,auto_ocr_sentiment,train
"Invincible, Vol. 1.pdf_p1043_panel_2.jpg",neutral,NS Ma,auto_ocr_sentiment,train
"Invincible, Vol. 1.pdf_p0338_panel_2.jpg",fear,"I'VE GOT TO LOOK MYSELF IN
THE MIRROR EVERY DAY ANP WATCH
EVERY SINGLE SIGN OF MATURITY
AND GROWTH WASH AWAY! I COULON’T
GO TO MY SENIOR PROM BECAUSE
I LOOKED LIKE A FOURTEEN
YEAR OLD.

   
   
   
 
  
  
 

 
 
 
 
  
   

 
 
 
  
 

I’VE DEALT
WITH I(T... I’VE TRIED
EVERYTHING. THE ONLY
THING THAT ALLOWS ME TO
HAVE A HALFWAY NORMAL

    
 
 

 
 
 
       
     
 

IF THINGS LIFE 15 IF LIGNORE IT.
KEEP GOING THE BUT IT’S ALWAYS THERE...
WAY THEY’RE GOING... ALWAYS IN THE BACK OF
I’M ABOUT EIGHT YEARS MY MIND. AND OTHER

    
  
  
  
   
 
 
 
   
 

PEOPLE ARE ALWAYS
THERE Ma REMIND
E.

AWAY FROM INFANCY.
I’M GOING TO HAVE
TO GIVE THIS
UP SOON.

  
  
  

  
  
 

 
 

I APOLOGIZE,
I WAS UNAWARE
I WOULD Be
OVENING SUCH
OLD WOUNDS.
IF IT...",auto_ocr_sentiment,train
"Invincible, Vol. 1.pdf_p1101_panel_4.jpg",neutral,"I KNOW... I
MISSED YOU #
TOO. COME 1 f
NO, 1
YOU DON’T
UNDERSTAND--IF
WE DO THAT, WE
COULD GET
SENT BACK TO
PRISON.

YOU DON’T
WANT TO GO BACK
TO PRISON PO YOU4
I SURE DON’T.

GOTTA

7 we
DO WHAT JAMES
SAYS, HE'S A
SMART GUY... WE
GOTTA LAY Low,
NOT BREAK ANY
LAWS.

SOON.
BUT
SOON...
OKAY 2",auto_ocr_sentiment,train
"Invincible, Vol. 1.pdf_p1055_panel_1.jpg",neutral,,auto_ocr_sentiment,train
"Invincible, Vol. 1.pdf_p0450_panel_0.jpg",neutral,,auto_ocr_sentiment,train
"Invincible, Vol. 1.pdf_p0604_panel_5.jpg",fear,"YOU UJ OY TH p
ONCE! STOP USING YOUR
POWERS FOR ANYTH

NOT DISCOVER YOU
SURVIVED. -

l— THEY
FIND YOU--THEY
WILL TAKE YOU--
YOU’LL BE NOTHING

MORE THAN A
WEAPON--YOUR
LIFE AS YOU KNOW
IT--WILL
END!

 

; OBVIOUSLY--SHE FOUND =

AWAY TO AVOIP ALL THIS,
BUT THAT’S A STORY FOR

 
 

ANOTHER TIME.",auto_ocr_sentiment,train
"Invincible, Vol. 1.pdf_p0522_panel_7.jpg",neutral,"ALES PICKED UP WHEN
HE DIED, BUT I DON’T

KNOW HOW MUCH OF
THAT MONEY HE
GOT.",auto_ocr_sentiment,train
"Invincible, Vol. 1.pdf_p0401_panel_3.jpg",neutral,"THAT
PARTICULAR
ONE SET- N ONG 1 THINIC You
BACK TO MY Bae etary TWO CAN HELP
POWERS IS THAT ONLY POSSESS LIMITED ME WITH.
ZI CAN ONLY SHIFT KNOWLEDGE OF THE
THROUGH DIMENSIONS. gryeR DIMENSIONS L
I REMAIN IN THE CAN TRAVEL TO.
WHEN Pp eHeT OTHERWISE I COULD
HEN TI SHIFT. HAVE SHIFTED US TO
A DIMENSION WITH A
TRAIN STATION WHERE
YOUR PRISON WAS IN
OUR DIMENSION.",auto_ocr_sentiment,train
"Invincible, Vol. 1.pdf_p0879_panel_4.jpg",anger,"RICK--
WHAT ARE ;
YOU DOING?! Bim
TALK TO--",auto_ocr_sentiment,train
"Invincible, Vol. 1.pdf_p0215_panel_3.jpg",neutral,"fs

f",auto_ocr_sentiment,train
"Invincible, Vol. 1.pdf_p0399_panel_1.jpg",neutral,,auto_ocr_sentiment,train
"Invincible, Vol. 1.pdf_p0475_panel_4.jpg",neutral,"YOU
TALKED TO
CLAIRE LATELY 4
HOW'S SHE
DPOINA.2",auto_ocr_sentiment,train
"Invincible, Vol. 1.pdf_p0378_panel_6.jpg",anger,"I HAVE DONE THE
CALCULATIONS. THE
ODDS ARE IN OUR
FAVOR TO
EVENTUALLY
SUCCEED.",auto_ocr_sentiment,train
"Invincible, Vol. 1.pdf_p0557_panel_3.jpg",fear,"YOU HAVE PONE WELL,
ALLEN OF UNOPA. YOU
HAVE GIVEN US MUCH
TO CONVERSE UPON.
YOU HAVE EARNED
YOUR LEAVE.

       
   
   
   
 
     
 
    
 
   

WE WILL
CALL ON YOU
AGAIN WHEN
YOU ARE
NEEDED.",auto_ocr_sentiment,train
"Invincible, Vol. 1.pdf_p0446_panel_2.jpg",neutral,,auto_ocr_sentiment,train
"Invincible, Vol. 1.pdf_p0046_panel_2.jpg",neutral,"WHAT
MAKES YOU
THINK We NEED
THE ROBOTS
TO DEFEAT",auto_ocr_sentiment,train
"Invincible, Vol. 1.pdf_p1017_panel_2.jpg",anger,"OKAY o--lais GUT I>
NOT THAT STRONG AT J
ALL. YOU'D KILL
HIM--YOU JU D yUST RIP
)

 
  
     
   

  

ALSO A TOT
JERK. BUT He’S BEEN
THROUGH ALOT
RECENTLY --SO CUT
LIAA SOME SLACK.",auto_ocr_sentiment,train
"Invincible, Vol. 1.pdf_p0593_panel_0.jpg",neutral,,auto_ocr_sentiment,train
"Invincible, Vol. 1.pdf_p0165_panel_2.jpg",neutral,,auto_ocr_sentiment,train
"Invincible, Vol. 1.pdf_p0175_panel_5.jpg",neutral,"THE

GUARDIANS

OF THE GLOBE
ARE DEAP.",auto_ocr_sentiment,train
"Invincible, Vol. 1.pdf_p0621_panel_0.jpg",neutral,,auto_ocr_sentiment,train
"Invincible, Vol. 1.pdf_p0154_panel_3.jpg",joy,"SORRY,
BABE. I
LOVE
YOU.>",auto_ocr_sentiment,train
"Invincible, Vol. 1.pdf_p0575_panel_10.jpg",neutral,,auto_ocr_sentiment,train
"Invincible, Vol. 1.pdf_p0498_panel_5.jpg",neutral,,auto_ocr_sentiment,train
"Invincible, Vol. 1.pdf_p0012_panel_0.jpg",neutral,"VIP
YOU TAKE
CARE OF THAT
PRAGON 4",auto_ocr_sentiment,train
"Invincible, Vol. 1.pdf_p0236_panel_2.jpg",neutral,"I DON’T
KNOW HOW
YOU DIP IT...
BUT YOU
SHOULD HAVE
STAYEP DEAD",auto_ocr_sentiment,train
"Invincible, Vol. 1.pdf_p0604_panel_0.jpg",neutral,"AFTER THAT--EVERY TIME
HER PARENTS WOULD LEAVE
HER ALONE, SAMANTHA EVE
WILKINS WOULD PRACTICE
HER POWERS.

y

|

?.

rv
>

}
“a | | | |
Vo",auto_ocr_sentiment,train
"Invincible, Vol. 1.pdf_p0704_panel_3.jpg",surprise,"WAS THAT A
NEW BATCH?
THAT TASTED

TERRIBLE!
WHAT DIP
YOU--?",auto_ocr_sentiment,train
"Invincible, Vol. 1.pdf_p0911_panel_3.jpg",neutral,,auto_ocr_sentiment,train
"Invincible, Vol. 1.pdf_p0224_panel_1.jpg",neutral,,auto_ocr_sentiment,train
"Invincible, Vol. 1.pdf_p0381_panel_4.jpg",neutral,,auto_ocr_sentiment,train
"Invincible, Vol. 1.pdf_p0992_panel_2.jpg",anger,"my § YCAH--HIS FATHER, a y
WHO WAS ONE OF OUR ,
7 MOST BELOVED Heroes, FY y IF Tara
OMNI-MAN, TRIED TO meey) = TRUG--INVINCIBLE
1 TAKE OVER THE WORLD. MY HERE WOULD HAVE
L HISFATHER KILLED 4 HAP SOMETHING TO PO
Bb THOUSANDS OF PEOPLE 4AM WITH IT. REGARDLESS--
THAT DAY. aa THIS KID’S FATHER
P 2 was AN ‘Evi

 

     
   
   

hdd. THEN HIS
‘ y FATHER JUST
LEFT THE PLANET-- —s supposep TO
PISAPPEAKEP. OR IGNORE THAT
SO We’VE BEEN LEP TO AND TRUST THAT
BELIEVE. YOU’VE HEARD THIS GUY IS GOING
THE THEORIES--THAT TO SAVE ME IF

   
   
 

SOMETHING GOES
WRONG. T DON’T
TRUST THIS
KID--I JUST

awe DON’T
ya~S \ Pp

  
 
 
 
 

 

THE GOVERNMENT
J» STRUCK A DEAL WITH
. OMNI-MAN--THAT

HE NEVER

YY y.""= LEFT.",auto_ocr_sentiment,train
"Invincible, Vol. 1.pdf_p0457_panel_0.jpg",neutral,,auto_ocr_sentiment,train
"Invincible, Vol. 1.pdf_p0348_panel_2.jpg",neutral,"CLAIRE, I--I UM
WAS WONPERING I Gb
IF YOU WOULD GET IF THERE
COFFEE WITH ME WE FORG
LATER TODAY... IF ON THE
YOU HAD TIME. WE C
I/D REALLY LIKE DO.

TO TALK TO
YOU.",auto_ocr_sentiment,train
"Invincible, Vol. 1.pdf_p0955_panel_0.jpg",neutral,"MEANWHILE--
OUT IN SPACE,
ABOARP THE
GIANT MARTIAN
WAR SHIP.

SOLIDS
COME TO OPPOSE
USZ! FOOLS! WE
ARE WANTING TO
FIND YOU--WE ARE
COMING TO YOU!
YOU NEED NOT
FIND US!

AGM, ~

are",auto_ocr_sentiment,train
"Invincible, Vol. 1.pdf_p1094_panel_2.jpg",neutral,,auto_ocr_sentiment,train
"Invincible, Vol. 1.pdf_p0521_panel_1.jpg",surprise,"NO, IT--I/M YY WHAT'S
GLAD YoU came. {WITH THE
INcEper To | Empty BEeP?
TALK TO YOU Y

ABOUT SOME

our
ROOMMATE
STUFF. DIEZ",auto_ocr_sentiment,train
"Invincible, Vol. 1.pdf_p0835_panel_2.jpg",neutral,"M JUST--
-P THIS BOOK
PAPER THAT'S
=XT WEEK AND
UPPOSED To
GUT HERE--
2 (T'S NOT.

   

WELL, &
MAYBE I
CAN HELP.
WHAT BOOK &
isSit2 4",auto_ocr_sentiment,train
"Invincible, Vol. 1.pdf_p0547_panel_1.jpg",neutral,,auto_ocr_sentiment,train
"Invincible, Vol. 1.pdf_p0940_panel_4.jpg",neutral,,auto_ocr_sentiment,train
"Invincible, Vol. 1.pdf_p0704_panel_2.jpg",neutral,,auto_ocr_sentiment,train
"Invincible, Vol. 1.pdf_p0184_panel_0.jpg",neutral,,auto_ocr_sentiment,train
"Invincible, Vol. 1.pdf_p0179_panel_1.jpg",neutral,"HA! YOU WEKENT
HALF AS TOUGH AS
YOU CLAIMED TO

E!

YOU DOING? We

co NEED TO BE GOING!
WE’RE SUPPOSED
TO BE THERE
, Ss SOON. o",auto_ocr_sentiment,train
"Invincible, Vol. 1.pdf_p0927_panel_3.jpg",neutral,"THA] COMecS LAIEK.
FOR NOW--WHAT BO YOU
KNOW ABOUT THIS SHIP
HEADED FOR EARTH?
ANYTHING?",auto_ocr_sentiment,train
"Invincible, Vol. 1.pdf_p0578_panel_2.jpg",anger,"y
E THIS CLOWN

IT’S BEEN A WHILE
SINCE OUR FIRST
FIGHT, MAULER AND
CLONE--OR
WHATEVER Y

CALLED.",auto_ocr_sentiment,train
"Invincible, Vol. 1.pdf_p0365_panel_3.jpg",neutral,"MAKK, YOU'RE
NOT OUT IN THE

HALLS WANDERING
AROUND WITHOUT ~~
AHALL PASS... £ 2”",auto_ocr_sentiment,train
"Invincible, Vol. 1.pdf_p0625_panel_9.jpg",neutral,,auto_ocr_sentiment,train
"Invincible, Vol. 1.pdf_p0262_panel_0.jpg",neutral,,auto_ocr_sentiment,train
"Invincible, Vol. 1.pdf_p0977_panel_4.jpg",neutral,,auto_ocr_sentiment,train
"Invincible, Vol. 1.pdf_p0155_panel_4.jpg",neutral,"- OH... |
THAT SMELLS |
HEAVENLY. ;",auto_ocr_sentiment,train
"Invincible, Vol. 1.pdf_p0058_panel_6.jpg",neutral,,auto_ocr_sentiment,train
"Invincible, Vol. 1.pdf_p1110_panel_1.jpg",neutral,,auto_ocr_sentiment,train
"Invincible, Vol. 1.pdf_p0237_panel_0.jpg",neutral,,auto_ocr_sentiment,train
"Invincible, Vol. 1.pdf_p0992_panel_0.jpg",fear,"WHAT IS ITZ ——— /_ trememser
WHY ARE YOU > I REMEMBER
CONSTANTLY THE TRAGIC EVENTS

     
  

  
    
 
 

Fa
STARING . j , OF MARCH SIXTEEN.
AT HIM? HIS FIGHT WITH OMNI-
>... PO YOU | MAN WAS ALL OVER THE
yY TRUST HIMZ I NEWS FOR MONTHS.
) MEAN--REALLY ALL THOSE PEOPLE
TRUST HIM2 HEe’sS DIED--IT WAS

 
 
 

   

ONLY HALF HUMAN--
AND HIS ALIEN FATHER |
TRIED TO TAKE OVER THE
WORLD FOR HIS PEOPLE-- 5
THE VILTRUMITES jf
OR WHATEVER THEY’RE
CALLED. DON’T",auto_ocr_sentiment,train
"Invincible, Vol. 1.pdf_p0350_panel_1.jpg",neutral,,auto_ocr_sentiment,train
"Invincible, Vol. 1.pdf_p0180_panel_3.jpg",neutral,BIRTHDAY 2,auto_ocr_sentiment,train
"Invincible, Vol. 1.pdf_p0540_panel_6.jpg",neutral,"NOT OUR EVE

 

IS IT?",auto_ocr_sentiment,train
"Invincible, Vol. 1.pdf_p0773_panel_1.jpg",joy,"HAS AbOUl] HALL We
THE CALORIES AND ¥
ALL THE VITAMINS

ANP CRAP OF A
STALK OF
BROCCOLI.

d .'

   
  
     
 
      

y IT TASTE
\ FUNNY 4",auto_ocr_sentiment,train
"Invincible, Vol. 1.pdf_p0348_panel_6.jpg",neutral,,auto_ocr_sentiment,train
"Invincible, Vol. 1.pdf_p0078_panel_1.jpg",fear,"RESIDUE FOUND AT THE BLAST
SITES INDICATED THAT THE TIMING
MECHANISMS IN ALL THE BOMBS
WERE ORGANIC IN NATURE. MORE
THAN LIKELY, HUMAN CIRCULATORY
SYSTEMS PROVIDE

THE CATALYST.

     
 
 
   
 
     
 
   
   
   
   
 
  
 

  

FROM
THAT IT WAS
MERELY PROCESS
OF ELIMINATION TO
DETERMINE THE

AGE AND RELATION
OF THE HUMANS
THAT ARE BEING
USED AS
BOMBS.

 
 

I DION’T KNOW
THEY WERE ALL FROM YOUR
SCHOOL IN PARTICULAR, BUT I’M
SURE I WOULD HAVE... EVENTUALLY.",auto_ocr_sentiment,train
"Invincible, Vol. 1.pdf_p0281_panel_4.jpg",neutral,,auto_ocr_sentiment,train
"Invincible, Vol. 1.pdf_p0934_panel_4.jpg",neutral,,auto_ocr_sentiment,train
"Invincible, Vol. 1.pdf_p0900_panel_2.jpg",anger,"WHY DIDN’T
YOU TELL ME
YOU WORKED FOR
THE GOVERNMENT-—",auto_ocr_sentiment,train
"Invincible, Vol. 1.pdf_p0413_panel_3.jpg",neutral,"WV)
335
g3a9
Pew

29055

=
s2fr
=u",auto_ocr_sentiment,train
"Invincible, Vol. 1.pdf_p0658_panel_8.jpg",neutral,"FEEL
FREE TO
CHARGE UP
SOME ROCKS
AND HELP
OUT--OR AT
LEAST
TRY.",auto_ocr_sentiment,train
"Invincible, Vol. 1.pdf_p0810_panel_4.jpg",neutral,,auto_ocr_sentiment,train
"Invincible, Vol. 1.pdf_p0879_panel_0.jpg",surprise,"IT

CANT Be-- ¥
HOW?! ARE |
YOU OK-- ,",auto_ocr_sentiment,train
"Invincible, Vol. 1.pdf_p0093_panel_1.jpg",neutral,,auto_ocr_sentiment,train
"Invincible, Vol. 1.pdf_p0711_panel_3.jpg",neutral,,auto_ocr_sentiment,train
"Invincible, Vol. 1.pdf_p0772_panel_0.jpg",neutral,"WE’RE
BACK--
SORRY ABOUT",auto_ocr_sentiment,train
"Invincible, Vol. 1.pdf_p1052_panel_1.jpg",anger,"THAN YOU. I’M
‘| FASTER THAN YOU.
\ ANP YOU BETTER

SO DON’T
MOVE. YOU SO

Me AND IT’LL SET
Me OFF. I TOLD YOU

WHAT A NASTY TEMPER
VILTRUMITES HAVE.
YOU PISS ME OFF--

THINGS WILL
GET NASTY. .",auto_ocr_sentiment,train
"Invincible, Vol. 1.pdf_p0208_panel_6.jpg",neutral,,auto_ocr_sentiment,train
"Invincible, Vol. 1.pdf_p0366_panel_0.jpg",neutral,,auto_ocr_sentiment,train
"Invincible, Vol. 1.pdf_p0165_panel_3.jpg",neutral,"Bet ring tarce”
TEM densit.|
to MIVA",auto_ocr_sentiment,train
"Invincible, Vol. 1.pdf_p0327_panel_3.jpg",neutral,,auto_ocr_sentiment,train
"Invincible, Vol. 1.pdf_p0753_panel_4.jpg",surprise,"YEAH--T PAID
THEM TO STICK
NEAR THE HOUSE
S0 I COULD
IMPRESS YOU
WHEN YOU
ARRIVED.",auto_ocr_sentiment,train
"Invincible, Vol. 1.pdf_p0502_panel_3.jpg",disgust,"on, WAT...
SERIOUS.",auto_ocr_sentiment,train
"Invincible, Vol. 1.pdf_p0998_panel_1.jpg",anger,"YOU’VE BEEN VERY
DILIGENT IN YOUR
WORK OVER THE
LAST FEW MONTHS,
THE INVASION FROM
MARS, SAVING
THESE ASTRONAUTS
TODAY...

ANY REASON
FOR YOUR
INCREASED
PUBLIC
PROFILE?",auto_ocr_sentiment,train
"Invincible, Vol. 1.pdf_p0102_panel_3.jpg",neutral,,auto_ocr_sentiment,train
"Invincible, Vol. 1.pdf_p0108_panel_1.jpg",neutral,,auto_ocr_sentiment,train
"Invincible, Vol. 1.pdf_p0575_panel_6.jpg",neutral,,auto_ocr_sentiment,train
"Invincible, Vol. 1.pdf_p0831_panel_10.jpg",neutral,,auto_ocr_sentiment,train
"Invincible, Vol. 1.pdf_p0318_panel_3.jpg",fear,"CECIL SAYS YOU Ke
ONE OF THE GOOD GUYS.
I HAVE MY SUSPICIONS. IT’S
BEEN MY EXPERIENCE THAT
APPLES RARELY FALL FAR
FROM THE TREE... EVEN IF
THEY TELL THEMSELVES
OTHERWISE AT
FIRST.

   
 
  
  
  
 

   
 
    
   

I’M GOING
TO BE KEEPING
AN EYE ON YOU.
TIT WON’T LET YOU",auto_ocr_sentiment,train
"Invincible, Vol. 1.pdf_p0542_panel_8.jpg",neutral,,auto_ocr_sentiment,train
"Invincible, Vol. 1.pdf_p0785_panel_0.jpg",neutral,"YOUR BROTHER HERE
IS VERY CUTE. I
ACTUALLY LIKE HiS
MA COLOR. YOU KNOW, I
. GRAYSON. HAVEN’T ENCOUNTERED
I HIM IN ANY OTHER

INTERESTING?",auto_ocr_sentiment,train
"Invincible, Vol. 1.pdf_p0434_panel_5.jpg",neutral,,auto_ocr_sentiment,train
"Invincible, Vol. 1.pdf_p0529_panel_1.jpg",neutral,,auto_ocr_sentiment,train
"Invincible, Vol. 1.pdf_p0134_panel_2.jpg",neutral,"I MEAN...
WHAT'S WRONG
WITH THE NAME

WILLIAM?",auto_ocr_sentiment,train
"Invincible, Vol. 1.pdf_p0045_panel_0.jpg",neutral,"W
=
W-
w
Y
=",auto_ocr_sentiment,train
"Invincible, Vol. 1.pdf_p0305_panel_7.jpg",anger,"NEVER ACTIVATE THe
HEADSET UNTIL YOU ARE
IN COSTUME. THe BEEPER
IS YOUR COVER. YOU
CAN ALWAYS USE THAT AS AN
OUT IF YOU ARE WITH PEOPLE.
YOU NEED TO GET IN THE
HABIT OF NOT ACTIVATING
THE HEADSET UNTIL YOU Y
ARE IN COSTUME SO NEED
VEOVLE NEVER SEE INTO SPL
YOU ACTIVATE Now. YOu!

~ THE HEADSET. BACK. YOUR
us"" HOW YOU Té

ABOUT NOT Ri
REAPPEARS
WORRIED 1
CONNECTE
FATHER IN
MAY BE
WORKING
FATHI
AL<¢",auto_ocr_sentiment,train
"Invincible, Vol. 1.pdf_p0915_panel_4.jpg",neutral,,auto_ocr_sentiment,train
"Invincible, Vol. 1.pdf_p0278_panel_0.jpg",neutral,,auto_ocr_sentiment,train
"Invincible, Vol. 1.pdf_p0436_panel_4.jpg",anger,"SERIOUSLY
THOUGH... L WAS SENT
HERE TO PROTECT THOSE
ASTRONAUTS. I GOTTA
MAKE SURE THEY GET HOME
SAFELY OR MY BOSS IS
GOING TO BE PISSED.
IT’S REALLY IMPORTANT
THAT YOU--Y“KNOW...
GIVE THEM

BACK.

   
 
  
   
    
 
   
    
 
     

IF YOU
CAN TELL ME
WHERE THEY ARE
I’LL MAKE SURE I
GET THEM TO THE
SURFACE WITHOUT ANY

SEQUIDS ATTACHING
TO THEM. I JUST NEED
TO GET THEM BACK
TO OUR SHIP SO WE

CAN LEAVE.",auto_ocr_sentiment,train
"Invincible, Vol. 1.pdf_p0658_panel_3.jpg",neutral,,auto_ocr_sentiment,train
"Invincible, Vol. 1.pdf_p0682_panel_4.jpg",neutral,"T’LL ADMIT IT.
YOU’RE RIGHT.
I DION’T.

   
        
   
   
     

BEFORE.

  

BUT
THINGS ARE
CHANGING.

I’M
CHANGING.",auto_ocr_sentiment,train
"Invincible, Vol. 1.pdf_p0136_panel_3.jpg",neutral,,auto_ocr_sentiment,train
"Invincible, Vol. 1.pdf_p0346_panel_1.jpg",neutral,,auto_ocr_sentiment,train
"Invincible, Vol. 1.pdf_p1053_panel_1.jpg",neutral,,auto_ocr_sentiment,train
"Invincible, Vol. 1.pdf_p0343_panel_3.jpg",neutral,"IN THE MEANTIME,
WE'VE GOT OUR LEGAL
TEAM LOOKING FOR A
LOOPHOLE WE CAN
USE TO GET YOU
OUT OF THIS.

 
  
 
 
   
  
       
     

OR NOW...
VE TO PLAY
I’M ASKING
| PLAY BALL
HEM... JUST

We’LL GET
YOU OUT OF",auto_ocr_sentiment,train
"Invincible, Vol. 1.pdf_p0983_panel_3.jpg",neutral,"IT’S
NOTHING
J HAVEN’T
EXPERIENCED
BEFORE.
NOTHING I’M
NOT USEP
TO.

IT’S JUST--
THE THING THAT
BOTHERS ME
THE MOST--HER
AGE--SHE WAS I DION’T
$0 YOUNG-- KNOW I’p
LOSE HER
S50 SOON.",auto_ocr_sentiment,train
"Invincible, Vol. 1.pdf_p0520_panel_5.jpg",neutral,,auto_ocr_sentiment,train
"Invincible, Vol. 1.pdf_p1022_panel_6.jpg",neutral,,auto_ocr_sentiment,train
"Invincible, Vol. 1.pdf_p0005_panel_1.jpg",neutral,"WELL,
NOW THAT
I’/VE GOT
YOU ALL TO
MYSELF...",auto_ocr_sentiment,train
"Invincible, Vol. 1.pdf_p0721_panel_2.jpg",neutral,"THIS PLANET
FOR ME.",auto_ocr_sentiment,train
"Invincible, Vol. 1.pdf_p0126_panel_1.jpg",neutral,"HEY.
WILLIAM. YOU
READY #

[2-7",auto_ocr_sentiment,train
"Invincible, Vol. 1.pdf_p0505_panel_5.jpg",neutral,"THis IS THE SHADOWVERSE.
THERE ARE THINGS
HERE--PARK
THINGS.

WE CAN’T
EVEN SEE THEM.
WE CAN’T LINGER

HERE--THEY COULD
BE ON TOP OF US
ANP WE WOULDN’T
EVEN KNOW IT
UNTIL IT WAS
TOO LATE.",auto_ocr_sentiment,train
"Invincible, Vol. 1.pdf_p0790_panel_0.jpg",neutral,,auto_ocr_sentiment,train
"Invincible, Vol. 1.pdf_p1067_panel_7.jpg",neutral,"THE
THING THAT
UPSETS ME THE

MOST IS KNOWING
THAT HE NEVER
REALLY LOVED
Me IN THE FIRST
VLACE.",auto_ocr_sentiment,train
"Invincible, Vol. 1.pdf_p0258_panel_1.jpg",neutral,,auto_ocr_sentiment,train
"Invincible, Vol. 1.pdf_p0538_panel_1.jpg",anger,"WEKE FOUK-
TEEN?",auto_ocr_sentiment,train
"Invincible, Vol. 1.pdf_p0651_panel_2.jpg",neutral,,auto_ocr_sentiment,train
"Invincible, Vol. 1.pdf_p1036_panel_1.jpg",fear,"HEY, SOKKY TO
SURPRISE YOU THIS
WAY BUT I WANTED

TO TALK TO YOU
ABOUT SOMETHING
AND I COULDN'T

WAIT.

       
   
   
     
 
    
    
   

  

YOU’VE GOT
TIME FOR LUNCH,
RIGHT2 YOUR
NEXT CLASS ISN’T
FOR ALMOST TWO |
MORE HOURS. RIGHT? &",auto_ocr_sentiment,train
"Invincible, Vol. 1.pdf_p0128_panel_6.jpg",neutral,,auto_ocr_sentiment,train
"Invincible, Vol. 1.pdf_p0567_panel_2.jpg",anger,"THEKE IS AMOLE
WITHIN THE HEAD
COUNCIL OF THE

COALITION.

UNTIL HE
IS DISCOVERED
ANP ELIMINATED-—
NO ONE IS SAFE.
THE VERY COALITION
ITSELF IS IN
JEOPARDY.

THIS

COULD VERY
WELL BE THE
BEGINNING
OF THE
END.",auto_ocr_sentiment,train
"Invincible, Vol. 1.pdf_p0476_panel_7.jpg",neutral,,auto_ocr_sentiment,train
"Invincible, Vol. 1.pdf_p0540_panel_1.jpg",neutral,"HOOL, YOU'LL
ABER, WERE

,UP ALL OVER
NITH BOMBS

& THEM--
ING STUFF
UP.",auto_ocr_sentiment,train
"Invincible, Vol. 1.pdf_p0234_panel_6.jpg",neutral,,auto_ocr_sentiment,train
"Invincible, Vol. 1.pdf_p0428_panel_5.jpg",neutral,,auto_ocr_sentiment,train
"Invincible, Vol. 1.pdf_p0426_panel_4.jpg",neutral,,auto_ocr_sentiment,train
"Invincible, Vol. 1.pdf_p0225_panel_1.jpg",neutral,,auto_ocr_sentiment,train
"Invincible, Vol. 1.pdf_p0152_panel_0.jpg",neutral,,auto_ocr_sentiment,train
"Invincible, Vol. 1.pdf_p0388_panel_2.jpg",neutral,"OKKECTION.

Cc",auto_ocr_sentiment,train
"Invincible, Vol. 1.pdf_p0342_panel_1.jpg",neutral,,auto_ocr_sentiment,train
"Invincible, Vol. 1.pdf_p1056_panel_2.jpg",neutral,,auto_ocr_sentiment,train
"Invincible, Vol. 1.pdf_p0786_panel_0.jpg",neutral,,auto_ocr_sentiment,train
"Invincible, Vol. 1.pdf_p0830_panel_9.jpg",neutral,"WELL
THAT IPC A
PROBLEM.",auto_ocr_sentiment,train
"Invincible, Vol. 1.pdf_p1089_panel_1.jpg",neutral,,auto_ocr_sentiment,train
"Invincible, Vol. 1.pdf_p0084_panel_2.jpg",anger,"SOKKY. L WAS JUMVING TO
CONCLUSIONS, BUT THE FACT
REMAINS THAT YOU’VE CAUSED
ME TO WASTE THE LAST TEN
MINUTES OF MY CLASS
TOPAY.",auto_ocr_sentiment,train
"Invincible, Vol. 1.pdf_p0258_panel_2.jpg",neutral,"L COULPN'T KISK TELLING YOU
THE TRUTH ABOUT ME.

' al",auto_ocr_sentiment,train
"Invincible, Vol. 1.pdf_p0008_panel_0.jpg",neutral,,auto_ocr_sentiment,train
"Invincible, Vol. 1.pdf_p0881_panel_0.jpg",anger,"MERE YARDS AWAY--AT

I SEE WHAT YOU

WERE AFTER, NOW.
AT THAT VERY MOMENT, HAD A BUPPDY FOLLOW

YOU, HUH--YOU’RE

THE SECRET CLOCK TOWER [EEN OUT TO STOP Mc, WELL=-I DON’T

LAIK OF D.A. SINCLAIR, » AREN'T YOU?
CREATOR OF THE

REANIMEN.

KNOW WHO YOU ARE--

I PO RECOGNIZE YOUR
FRIEND IN THE COSTUME,
THOUGH--BUT IT DOESN'T

MATTER, IT'S NOT GOING TO
WORK. I’M GOING TO CUT
INTO YOU AND TRANSFORM
YOU INTO SOMETHING
NEW--SOMETHING
BETTER!

YOU'RE .
CRAZY! You’re XX
NOT GOING TO BO

y ANYTHING",auto_ocr_sentiment,train
"Invincible, Vol. 1.pdf_p1046_panel_5.jpg",neutral,"| I’M
STILL NOT Jf
CONVINCED. J",auto_ocr_sentiment,train
"Invincible, Vol. 1.pdf_p0276_panel_4.jpg",neutral,"-

3
OC <
Rs
<q

DW
a=",auto_ocr_sentiment,train
"Invincible, Vol. 1.pdf_p0274_panel_2.jpg",neutral,,auto_ocr_sentiment,train
"Invincible, Vol. 1.pdf_p0686_panel_6.jpg",neutral,,auto_ocr_sentiment,train
"Invincible, Vol. 1.pdf_p0918_panel_1.jpg",neutral,"» GOHOME. a OUT OF Me. JUST

INI

THINK ABOUT IT.",auto_ocr_sentiment,train
"Invincible, Vol. 1.pdf_p0661_panel_0.jpg",neutral,"THIS 1S NOT

OVER! I WILL

NOT BE PE-
FEATEDP!

OMNIPOTUS
RETURN!",auto_ocr_sentiment,train
"Invincible, Vol. 1.pdf_p0545_panel_6.jpg",neutral,,auto_ocr_sentiment,train
"Invincible, Vol. 1.pdf_p0352_panel_4.jpg",neutral,"UP WITH THE DESTRUCTION.
THEY HINTED THAT HE
MAY HAVE JUST GONE
INTO HIDING.",auto_ocr_sentiment,train
"Invincible, Vol. 1.pdf_p0228_panel_0.jpg",neutral,,auto_ocr_sentiment,train
"Invincible, Vol. 1.pdf_p0341_panel_0.jpg",neutral,,auto_ocr_sentiment,train
"Invincible, Vol. 1.pdf_p0596_panel_0.jpg",neutral,"HINGS DION’T START F
OUT SO WELL WITH
REX SPLOVE.

a a

NOE ag

a ae oN eae -°
swale. oe Oye re a A ne ea ns
lee «

 

‘n ve 75)",auto_ocr_sentiment,train
"Invincible, Vol. 1.pdf_p0867_panel_6.jpg",neutral,TONIGHT.,auto_ocr_sentiment,train
"Invincible, Vol. 1.pdf_p0413_panel_2.jpg",sadness,"IS RETIRING. IT’S A SHAME
HE COULDN'T HAVE DONE
IT A YEAR OR FOUR
EARLIER.",auto_ocr_sentiment,train
"Invincible, Vol. 1.pdf_p0584_panel_0.jpg",neutral,,auto_ocr_sentiment,train
"Invincible, Vol. 1.pdf_p0065_panel_1.jpg",neutral,"LET Me HELP
YOU FIND YOUR
WAY HOME.",auto_ocr_sentiment,train
"Invincible, Vol. 1.pdf_p0241_panel_0.jpg",neutral,,auto_ocr_sentiment,train
"Invincible, Vol. 1.pdf_p0587_panel_4.jpg",neutral,,auto_ocr_sentiment,train
"Invincible, Vol. 1.pdf_p0790_panel_1.jpg",neutral,,auto_ocr_sentiment,train
"Invincible, Vol. 1.pdf_p0357_panel_0.jpg",joy,"aw THANKS FOR LETTING ME Wert tintith on oo AEE TTL
De esSe LB ee EE Lr Tie
I'S NICE TO ACTUALLY Be =| RSE | kee = A TET TT

ABLE 10 TALK TO SOMEONE MTT TT tt

    
 
  
   
 

Ly
it 0

 
     
 

  
  

  
 
 

 

UTED ABOUT IT. 4 YOU--
= sel 11'S DIFFERENT. OFFER MOKE
THERE’S THIS eeecnitie. ARVICE.
LISTENING.
WWW VW VA ONIONS MAN, ART... HE MADE
AMAVAWALALAY COSTUMES FOR NOLAN

    
  
  

    
    

AND MARK. IT TALK TO HIM

  
    

4 ARH E SOMETIMES--BUT HE WAS

[ sae A MORE NOLAN’S FRIEND

_ tL - THAN MINE AND HE FEELS

L Cf | JUST AS BETRAYED

i : a a 4 AS ME.

Lo L_ L_ | L __

| rf) ri JUST LISTENING YS
eo Cl] IS ENOUGH. IT HELPS
ToT JUST TO BE ABLE TO SAY
=n dt THESE THINGS OUT LOUD.",auto_ocr_sentiment,train
"Invincible, Vol. 1.pdf_p0304_panel_0.jpg",neutral,,auto_ocr_sentiment,train
"Invincible, Vol. 1.pdf_p0551_panel_0.jpg",anger,"Mm HOME CONTINUES HIS MIND

a 2 a 2
AS ALLEN’S LONG JOURNEY
a DPRIETS, THINKING BACK ON

THE HUMBLE ORIGINS OF HIS fy
PEOPLE... ANP HIMSELF.

ATALE THAT WouLD

RIVAL DEEP SPACE
ITSELF IN COLD AND

    

 

,",auto_ocr_sentiment,train
"Invincible, Vol. 1.pdf_p1063_panel_0.jpg",anger,"OUR RECORDS INDICATE
ON-SITE EXECUTIONS
DON’T STICK WITH YOU.

oe WE’LL HAVE TO RESORT TO
SOMETHING MORE
THOROUGH.

You’Ll BE
TAKEN TO OUR
MAXIMUM SECURITY
FACILITY--THE SUPER ‘
PRISON WHERE WE ,
HOUSE OUR WORST
OFFENDERS. IF YOU
SURVIVE LONG ENOUGH--
YOU’LL STAND
TRIAL AND BE
EXECUTED. YOu’2ee a
fe DLMOST NOT
WORTHY OF
THE HONOR.",auto_ocr_sentiment,train
"Invincible, Vol. 1.pdf_p0041_panel_1.jpg",neutral,"T/LL HAVE ANOTHER VEHICLE
SENT TO US BY REMOTE. KATE,
PULL OUR FRIEND, MAULER OUT

OF THE WAY SO WE WON’T
ATTRACT TOO MUCH
ATTENTION.",auto_ocr_sentiment,train
"Invincible, Vol. 1.pdf_p0059_panel_2.jpg",neutral,"= =
w AW
= es
(
25
>
5
>
( e

a

|",auto_ocr_sentiment,train
"Invincible, Vol. 1.pdf_p0230_panel_1.jpg",neutral,">
7m |

/\ =e",auto_ocr_sentiment,train
"Invincible, Vol. 1.pdf_p0430_panel_0.jpg",surprise,"WHAT AMI? SURE THEY
THIRD? NOBODY DO... THE THIRD
GIVES A CRAP GUY IS STILL

ABOUT THe THIRP FAMOUS.

    

     
 

THIRD ¢ GUY To *¥
Aa SOON Onto
wanea Es
HEAP ea
HIS NAME. a

THAT'S Be
WHAT

; THOUSHT. YOU ns

(nn

ea,

P

  
  
 

 
 

 
      

ne

Pf",auto_ocr_sentiment,train
"Invincible, Vol. 1.pdf_p1037_panel_4.jpg",neutral,"DON'T KNOW WHY,
BUT I WAS
NERVOUS ABOUT
TELLING YOU. I

DIDN’T KNOW HOW
YOU'D REACT.",auto_ocr_sentiment,train
"Invincible, Vol. 1.pdf_p0213_panel_6.jpg",neutral,"TRANKS, MAN... THAT
REALLY MEANS ALOT TO

ME, BUT I JUST CANT. UM \~
YOU'RE EVER

GETTI RCOLLECE pp ony a |
I. INTERESTED. SOON AND I’ve ALWays GoT so = “ANT Te p
MUCH HOMEWORK. I PON’T

KNOW HOW REX ANP KATE
JUGGLE THINGS SO
WELL.",auto_ocr_sentiment,train
"Invincible, Vol. 1.pdf_p0986_panel_2.jpg",neutral,"AND I HEARD THEY
THREW YOU A
PARADE.

WELL, THEY @
THREW A PARADE

THEM FROM THE
' ARTIANS AND

IT’S NOT

mY FAULT , SLLOWeED us TO",auto_ocr_sentiment,train
"Invincible, Vol. 1.pdf_p0363_panel_2.jpg",neutral,"I’M GOING
TO MAKE YOU
RT:",auto_ocr_sentiment,train
"Invincible, Vol. 1.pdf_p0506_panel_0.jpg",neutral,"WELL, THEN--IT LOOKS
TO ME LIKE YOU’VE GOT
A PEGISION TO MAKE. I
GOTTA SAY, WHATEVER'S

IN HERE--I THINK I’VE

GOT A MUCH BETTER

CHANCE OF SURVIVING

(T THAN YOU
DO.

So
I DON’T
REALLY CARE
WHAT YOU
DECIDE.
TRUTH BE
TOLD.",auto_ocr_sentiment,train
"Invincible, Vol. 1.pdf_p0525_panel_10.jpg",surprise,"THOUGHT

a)",auto_ocr_sentiment,train
"Invincible, Vol. 1.pdf_p0564_panel_9.jpg",neutral,,auto_ocr_sentiment,train
"Invincible, Vol. 1.pdf_p0317_panel_3.jpg",neutral,"FANTASTIC.

» AND
THAT'S THAT.

THE GOVERNMENT
SHOULD BE SENDING
IN SOME TEAMS TO
CLEAR OUT THE AREA...
LOOKS LIKE WE
CAN HEAP ON

HOME.",auto_ocr_sentiment,train
"Invincible, Vol. 1.pdf_p0248_panel_3.jpg",neutral,"BY THE TIME I WAS BORN, VILTRUM
WAS ALREADY A HUB OF INTERSTELLAR
ACTIVITY-- ONE OF THE FIRST GREAT
EMPIRES OF THE GALAXY.

- THERE COULDN’T HAVE BEEN A
ey BETTER TIME TO ENTER THIS WORLD.",auto_ocr_sentiment,train
"Invincible, Vol. 1.pdf_p0092_panel_1.jpg",neutral,MYSELF...,auto_ocr_sentiment,train
"Invincible, Vol. 1.pdf_p0613_panel_4.jpg",sadness,"SYEAKING
OF RICK--HIS
ROOMMATE,
CHRIS--CALLED
ME YESTERDAY.
HE’S BEEN
MISSING FOR
OVER A WEEK
NOW. CHRIS IS
GETTING
WORRIED.",auto_ocr_sentiment,train
"Invincible, Vol. 1.pdf_p0448_panel_3.jpg",neutral,,auto_ocr_sentiment,train
"Invincible, Vol. 1.pdf_p1011_panel_5.jpg",neutral,,auto_ocr_sentiment,train
"Invincible, Vol. 1.pdf_p0317_panel_2.jpg",neutral,"THIS DION’T GO QUITE AS A
SMOOTH AS I CALCULATED \\

VOX
IT WOULP, BUT I CAN ONLY e
m WA)
a.

 
   
  

   

 
 
 
   
 
      

ASSUME IT WOULP HAVE
BEEN MUCH WORSE WITHOUT
YOUR ASSISTANCE. THANKS
FOR TAGGING ALONG,
EVE AND INVINCIBLE.",auto_ocr_sentiment,train
"Invincible, Vol. 1.pdf_p1094_panel_3.jpg",anger,"PLEASE. MY
{ER USED TO
STORIES OF
APVENTURES
=sFORE MY
LISTMENT.

 
 
 
 
 
   
      
    
 

HEARD YOU
WENT ROGUE--
I REFUSED TO
BELIEVE IT.
THIS IS HARD
ENOUGH ALREADY,
DON’T MAKE
Me HAVE TO
HURT YOU.",auto_ocr_sentiment,train
"Invincible, Vol. 1.pdf_p0956_panel_5.jpg",neutral,""" TRYING TO
SEE IE THERE'S",auto_ocr_sentiment,train
"Invincible, Vol. 1.pdf_p0521_panel_0.jpg",sadness,"HI, BRIDGET,
THANKS FOR

NO SWEAT,

y sister. You
DECIDE AGAINST

THE HOMEWORK ff

> TONIGHT2",auto_ocr_sentiment,train
"Invincible, Vol. 1.pdf_p0189_panel_3.jpg",neutral,"3
GUESS SHE
WANTS TO GET
TOKNOW |
YOU.

      

   

ae

b So,
pee WHAT'S
UPF

WELL... I’VE BEEN
THINKING ABOUT THIS
SINCE WE GOT BACK
FROM UPSTATE
UNIVERSITY THE
OTHER DAY.

T
“was THINKING...
Y’KNOW...
NOW THAT I KNOW
You | CAN DO THINGS I
oo». AND EVERY
oa HAS ALWAYS

WANTED TO DO...
IF MAYBE YOU'D...",auto_ocr_sentiment,train
"Invincible, Vol. 1.pdf_p0556_panel_2.jpg",anger,"TELL HIS STORY HE DOES. HE TELLS OF

NOLAN ABANDONING EARTH. HE TELLS OF

MARK, TURNING HIS BACK ON HIS HERITAGE, HIS ENCOUNTERS WITH EARTH.
EVEN DEFENDING EARTH AGAINST HIS THE NEWS BRINGS A STIR OF
VILTRUMITE FATHER. HOPE THROUGHOUT THE HIGH

COUNCIL, JUST AS ALLEN HAP
SUSPECTED.
i

y
Z
GY

BN""

i",auto_ocr_sentiment,train
"Invincible, Vol. 1.pdf_p0269_panel_0.jpg",neutral,,auto_ocr_sentiment,train
"Invincible, Vol. 1.pdf_p0127_panel_2.jpg",fear,"I’M TAKING
THE DAY OFF.
THE GUARDIANS
OF THE GLOBE
AKE COVERING
FOR ME.

 
   
 
   
 
    
 
 
   
   

 
 

 
 

TLL
RACE YOU
UPSTAIRS.",auto_ocr_sentiment,train
"Invincible, Vol. 1.pdf_p0618_panel_5.jpg",neutral,,auto_ocr_sentiment,train
"Invincible, Vol. 1.pdf_p0677_panel_4.jpg",neutral,,auto_ocr_sentiment,train
"Invincible, Vol. 1.pdf_p0284_panel_1.jpg",neutral,,auto_ocr_sentiment,train
"Invincible, Vol. 1.pdf_p0541_panel_8.jpg",neutral,"LONG WAS IT
BEFORE YOU
FOUND OUT2",auto_ocr_sentiment,train
"Invincible, Vol. 1.pdf_p0354_panel_0.jpg",neutral,"so.
a} rere ~~ a
SOIT Pas ™
CDCR ox ERA E PT Rn
FESR SUN
S ‘i
‘ Sve ON Oa MO]
fs

O

ra
Cay
Pee A 25

LSS EG MS cd
RARE NC CSE
ROT STE RGA
SO gS Ea Na
é., Opes pie OM Gd ""
CERES

STEP
FORWARD,
INVINCIBLE, AND
CLAIM YOUR
DESTINY!

MAN, TO

THE TIME
HAS COME FOR
INVINCIBLE, SON
PROVE HIS WORTH,
ANP TAKE HIS RIGHTFUL
SIDE AS OUR NEW

OF OMNI
PLACE AT OUR QUEEN’S

UPON US
dp

THE
MOMENT Is
PEOPLE

ATLANTIS",auto_ocr_sentiment,train
"Invincible, Vol. 1.pdf_p0093_panel_3.jpg",neutral,,auto_ocr_sentiment,train
"Invincible, Vol. 1.pdf_p0140_panel_6.jpg",neutral,,auto_ocr_sentiment,train
"Invincible, Vol. 1.pdf_p0438_panel_2.jpg",surprise,"WHO
ARES! HE'S

RUNNING!",auto_ocr_sentiment,train
"Invincible, Vol. 1.pdf_p0901_panel_3.jpg",neutral,,auto_ocr_sentiment,train
"Invincible, Vol. 1.pdf_p0056_panel_0.jpg",neutral,,auto_ocr_sentiment,train
"Invincible, Vol. 1.pdf_p0966_panel_4.jpg",surprise,"YEAH--THAT’S
ALL SHE NEEDS--
MORE PRESSURE
GOOD IDEA.",auto_ocr_sentiment,train
"Invincible, Vol. 1.pdf_p0902_panel_0.jpg",neutral,"THE PENTAGON.
ed

THIS TIME, PEEP BELOW, WHERE
A TEMPORARY HOLPING 2
CONTAINS P.A. SINCLAIZ,
CREATOR OF THE REANIMEN.",auto_ocr_sentiment,train
"Invincible, Vol. 1.pdf_p0918_panel_3.jpg",neutral,"BLOWN AWAY
AS YOU
ARE.",auto_ocr_sentiment,train
"Invincible, Vol. 1.pdf_p0769_panel_1.jpg",neutral,,auto_ocr_sentiment,train
"Invincible, Vol. 1.pdf_p0678_panel_4.jpg",neutral,"YOU ,
ARE FAST-- \
NO POUBT--",auto_ocr_sentiment,train
"Invincible, Vol. 1.pdf_p0125_panel_3.jpg",neutral,,auto_ocr_sentiment,train
"Invincible, Vol. 1.pdf_p0674_panel_3.jpg",anger,"f =HERE--AND CREATED

. ANOTHER OFFSPRING
» WITH THESE--
CREATURES.",auto_ocr_sentiment,train
"Invincible, Vol. 1.pdf_p0438_panel_1.jpg",neutral,"<3 fC

Leo
y “ Bays NG
‘{¢— | 5

oN =
> SKE S
eB NGA 7 Z

ee na Up Ss
7 5 C Lk",auto_ocr_sentiment,train
"Invincible, Vol. 1.pdf_p1053_panel_2.jpg",neutral,,auto_ocr_sentiment,train
"Invincible, Vol. 1.pdf_p0562_panel_0.jpg",neutral,,auto_ocr_sentiment,train
"Invincible, Vol. 1.pdf_p0587_panel_3.jpg",neutral,,auto_ocr_sentiment,train
"Invincible, Vol. 1.pdf_p0308_panel_0.jpg",neutral,,auto_ocr_sentiment,train
"Invincible, Vol. 1.pdf_p1078_panel_0.jpg",sadness,"I WAS KINDA CLUELESS
TO THE FACT THAT SHE I’M SORRY TO BREAK
LIZED Me. I WAS THIS UP BUT THERE’S
ATTRACTED TO HER--OF A SITUATION THAT COULD
COURSE, BUT I WAS USE YOUR ATTENTION, 4
WITH AMBER AND INVINCIBLE.
THE WHOLE THING",auto_ocr_sentiment,train
"Invincible, Vol. 1.pdf_p0748_panel_4.jpg",neutral,"COULD I

po? I'MA

SUPERHE
NOT A DETEC
I WOULON’T KN
FIRST PLACE Te
I DON’T SEE
I COULP H
FIND HIM",auto_ocr_sentiment,train
"Invincible, Vol. 1.pdf_p0223_panel_3.jpg",neutral,Mx,auto_ocr_sentiment,train
"Invincible, Vol. 1.pdf_p1027_panel_0.jpg",neutral,,auto_ocr_sentiment,train
"Invincible, Vol. 1.pdf_p0510_panel_0.jpg",neutral,"—

mm, A -—T_1_\_\

2 a ee a ae",auto_ocr_sentiment,train
"Invincible, Vol. 1.pdf_p0948_panel_4.jpg",fear,"’ E--SEAL If -
US AGAINST THE \|
HULL--MOVE",auto_ocr_sentiment,train
"Invincible, Vol. 1.pdf_p0199_panel_2.jpg",neutral,"IS
EVERYONE
GONE? Is

IT SAFE FOR
PARENTS
TO BE OUT

HERE?",auto_ocr_sentiment,train
"Invincible, Vol. 1.pdf_p0419_panel_3.jpg",fear,"AL Wave DISTR ATED VHT UI LL
A (ISTRA D-- o
HE’S ALWAYS LATE. EVER SINCE \
I THINK SOMETHING’S HIS DAD DIED He | RCA :
GOING ON. JUST HASN'T BEEN
THE SAME, WHICH IS
UNDERSTANDABLE--
BUT THIS IS MORE
THAN JUST GRIEF. I
UNPERSTOOP
THE GRIEF.

   
 
 
 
 
 
 
 
 
 
 
 
 
 
 
 
 
 
 
 
 
 
 
 
   

   

NOW IT
SEEMS LIKE HE’S
ALWAYS GOT SOMEWHERE
ELSE TO BE. HE’S ALWAYS
LATE, HE’S ALWAYS LEAVING
EARLY... HE WAS SKIPPING
CLASS ALMOST EVERY PAY

 

  

AND HE'S GOT
aay) Ce Oe A BEEPER ALL OF A
SOMETHING’S UP-- SUDDEN--I MEAN, WHAT
SOMETHING IS COULD THAT BE FOR2 THEN
PEFINITELY UP. HE SHOWED UP AT GRADUATION

YESTERDAY WITH THAT BLACK
EYE... I MEAN--HE SAID
HE WAS MUGGED BUTI
THINK We ALL KNOW WHAT’S
REALLY GOING",auto_ocr_sentiment,train
"Invincible, Vol. 1.pdf_p0363_panel_0.jpg",neutral,,auto_ocr_sentiment,train
"Invincible, Vol. 1.pdf_p1065_panel_1.jpg",neutral,,auto_ocr_sentiment,train
"Invincible, Vol. 1.pdf_p0807_panel_4.jpg",neutral,"YOU HEAR THAT ¢
THIS GUY’S GOING
TO SENP US TO

LAST TIME
IT TOOK THE
IMMORTAL TO
BRING US IN--
THIS SHOULP
BE GOOP.",auto_ocr_sentiment,train
"Invincible, Vol. 1.pdf_p1040_panel_5.jpg",neutral,,auto_ocr_sentiment,train
"Invincible, Vol. 1.pdf_p0484_panel_2.jpg",neutral,,auto_ocr_sentiment,train
"Invincible, Vol. 1.pdf_p0190_panel_5.jpg",neutral,,auto_ocr_sentiment,train
"Invincible, Vol. 1.pdf_p0621_panel_3.jpg",neutral,"YOU’RE
4 SIX-FOOT
TALKING
OON

CHAR-
ACTER!!

EXPECTING",auto_ocr_sentiment,train
"Invincible, Vol. 1.pdf_p0718_panel_5.jpg",neutral,"PLEASE--HeE’s
YOUR SON. YOU
CAN’T ASK
ME TO--",auto_ocr_sentiment,train
"Invincible, Vol. 1.pdf_p0325_panel_2.jpg",neutral,,auto_ocr_sentiment,train
"Invincible, Vol. 1.pdf_p1020_panel_1.jpg",neutral,,auto_ocr_sentiment,train
"Invincible, Vol. 1.pdf_p0662_panel_3.jpg",anger,"LAA VCESOEN i MNAKE ANY

SENSE! YOU TOLD ME--YOU

SAIP I WAS A FOOL TO FIGHT
FOR EARTH. YOU SAID I’D

WATCH EVERYONE AROUNP ME
DIE! YOU SAID THE PEOPLE
OF EARTH WEREN’T WORTH

MY TIME!

THESE
PEOPLE HAVE
EVEN SHORTER
LIFE-SPANS!
WHAT MAKES
THEM SO
SPECIAL?!",auto_ocr_sentiment,train
"Invincible, Vol. 1.pdf_p0174_panel_1.jpg",surprise,"OH,
MARK!

A)
oz.
St
sq
we

<)",auto_ocr_sentiment,train
"Invincible, Vol. 1.pdf_p0469_panel_5.jpg",neutral,,auto_ocr_sentiment,train
"Invincible, Vol. 1.pdf_p0964_panel_0.jpg",neutral,,auto_ocr_sentiment,train
"Invincible, Vol. 1.pdf_p0972_panel_5.jpg",neutral,,auto_ocr_sentiment,train
"Invincible, Vol. 1.pdf_p0623_panel_8.jpg",neutral,"L RAY FOK YOUR
SERVICES, MARK.
YOU WORK FOR ME.

YOUR JOB IS TO &£
PROTECT THIS
PLANET. YOU
CAN’T DO",auto_ocr_sentiment,train
"Invincible, Vol. 1.pdf_p0890_panel_3.jpg",neutral,"Q
TE yy
<3
Sr&
v &",auto_ocr_sentiment,train
"Invincible, Vol. 1.pdf_p0435_panel_1.jpg",fear,"SILENCE! ITIS IT WHO \ THE SEGUIDS ARRIVED
WILL ASK THE QUESTIONS, HERE HUNPREPS OF YEARS
SOLID. YOU WILL LISTEN AGO. AFTER A MALFUNCTION
TO WHAT IT HAVE OF THEIR MOTHER SHIP CAUSED
TO SAY. IT TO CRASH ON THE SURFACE
ABOVE US. ALL THEIR
HOSTS DIEP IN THE
CRASH.

 
  
 
 
  
 
 
 
 
 
 
 
 
 
 
 
 
 
 
 
 
 
 
 
 
 
 
 
  

SEQUIDS HAVE
ONE MIND--A SINGLE
CONSCIOUSNESS BETWEEN
THEM. THEY ARE ONLY
LINKED THROUGH THE MINDS
OF THEI2 HOSTS. WITHOUT
A HOST THEY ARE MINPLESS
BEASTS, EASILY MANIPULATED--
THE PERFECT SLAVE THEIR
RACE. WILL TO BOND
WITH SOLIDS IS
INSURMOUNTABLE.
WE MARTIANS WERE
INCOMPATIBLE ANP GOUL
NOT BE BONDED WITH THE
PUE TO OUR SHAPE-SHIFT!
ABILITY. WITHOUT A SING!
HOST TO LINK THEI MING
THEY WERE EASILY
CONQUERED.",auto_ocr_sentiment,train
"Invincible, Vol. 1.pdf_p0564_panel_7.jpg",neutral,,auto_ocr_sentiment,train
"Invincible, Vol. 1.pdf_p0662_panel_6.jpg",neutral,,auto_ocr_sentiment,train
"Invincible, Vol. 1.pdf_p0647_panel_0.jpg",neutral,"THEY JUST HANDED
THE WHOLE PLANET
OVER TO YOU NO

QUESTIONS
ASKED?",auto_ocr_sentiment,train
"Invincible, Vol. 1.pdf_p0618_panel_2.jpg",anger,"THEY LEFT...
TOGETHER.

     
 
      
   

  

JEEZ,
MAN--THIS
IS KILLING ME.
I CAN’T BELIEVE
SHE DID THIS £
TO Me!",auto_ocr_sentiment,train
"Invincible, Vol. 1.pdf_p0044_panel_3.jpg",neutral,"I ERASED MAULER’S MEMORIES FROM LAST
NIGHT, AND LEFT HIM CLOSE TO THE TOY STORE
HE ROBBED. HE’LL BE DISORIENTED AND WILL
MORE THAN LIKELY SEEK OUT
FAMILIAR GROUND.

 

MY HYKOTHESIS IS THAT HE
WILL LEAP US TO HIS BASE ANP
We’'LL BE ABLE TO FIGURE OUT

WHAT HIS PLANS FOR THE
VIDEO GAME SYSTEMS ,
WERE.",auto_ocr_sentiment,train
"Invincible, Vol. 1.pdf_p1041_panel_3.jpg",fear,"WHEN WE'RE PONE

 
 
      
   
    
 

THESE BEINGS YOU

WISH TO PROTECT

ARE ALREADY
POING

  

NOTHING
WOULD Be
LOST.",auto_ocr_sentiment,train
"Invincible, Vol. 1.pdf_p0414_panel_7.jpg",neutral,,auto_ocr_sentiment,train
"Invincible, Vol. 1.pdf_p0250_panel_0.jpg",neutral,"IT WAS MESSY WORK... BUT I’D BE LYING
DN’T ENJOY IT. THERE WAS
NOTHING I WOULDN’T DO FOR VILTRUM.",auto_ocr_sentiment,train
"Invincible, Vol. 1.pdf_p0409_panel_1.jpg",neutral,,auto_ocr_sentiment,train
"Invincible, Vol. 1.pdf_p0205_panel_1.jpg",neutral,"QUICKLY,
LET'S MAKE
OUR ESCAPE
WHILE THERE’S",auto_ocr_sentiment,train
"Invincible, Vol. 1.pdf_p0077_panel_5.jpg",neutral,,auto_ocr_sentiment,train
"Invincible, Vol. 1.pdf_p0295_panel_4.jpg",neutral,,auto_ocr_sentiment,train
"Invincible, Vol. 1.pdf_p0301_panel_3.jpg",neutral,"WAS IMPORTANT
THAT YOU AT
LEAST SEE
SOMETHING.

  
 
  
  
 
 
 
   

EXPLAINING
THAT WOULD
BE A WASTE
OF TIME... A
LOT OF",auto_ocr_sentiment,train
"Invincible, Vol. 1.pdf_p0750_panel_2.jpg",surprise,"OH, THAT.

MY FRIEND
EVE LIVES

THERE NOW. |

YOU'VE MET {",auto_ocr_sentiment,train
"Invincible, Vol. 1.pdf_p0914_panel_1.jpg",fear,"I WANTED TO
APOLOGIZE ABOUT
LAST TIME--HOW
I LEFT SO
ABRUPTLY.

S’OKAY. IT’S
PART OF “THE
PEAL.” I
UNDERSTAND.

CHRIST,
HOW MUCH
DIP YOU
HEAR 4

JUST THAT

BIT YOU SAID

AT THE END--THE

PART ABOUT THEM

TELLING YOU

TO CHEAT ON
Me.

 
  
 
 

YOU SOUND...
DISSATISFIED.
YOU'RE NOT
GOING TO TAKE
THEIR APVICE
ARE YOU?

THAT’S ALL?
YOU DION’T HEAR
ANYTHING ELSE?
I THOUGHT--—#

SUPER-
HEARING IS
NOT ONE OF MY
POWERS. We’VE
TALKED ABOUT
THIS BEFORE.

       
 
 
  
  
        
   

  
 
 
   
   
   
 

I PROMISE.
He’S NICE 7
BUT THERE'S
NOTHING

 

 
   
   
 
  
    
   
   

  

GOOoP.

 

I COULON’T
LIVE WITH
MYSELF IF YOU
CHOSE HIME
OVER ME. THAT

GUY LOOKED
RIDICULOUS.",auto_ocr_sentiment,train
"Invincible, Vol. 1.pdf_p1086_panel_4.jpg",neutral,,auto_ocr_sentiment,train
"Invincible, Vol. 1.pdf_p0297_panel_3.jpg",anger,"CUSTODY. HE was INJURED AND
WE HAVE BEEN PROVIDING HIM
WITH MEDICAL ATTENTION. BUT
. ROBOT, BETWEEN YOU AND fT...

, YOUR
He’S THE LEAST OF YOUR HANDPICKED

GUARDIANS OF
THE GLOBE ARE
STRUGGLING. THE
RESPONSE TIME OF
YOUR TEAM LEAVES
MUCH TO BE DESIRED
AND WHILE YOU
HAVEN'T OUTRIGHT
FAILED ON A MISSION
YET... THE TOP |
BRASSISNOT ,
APPY. y

ALL
EYES Ake

ON YOU. YOU NEED

TO MAKE SURE YOU
DON’T MESS ANYTHING

UP IN THE COMING WEEKS.
YOU’RE MORE OR LESS
ON PROBATION.",auto_ocr_sentiment,train
"Invincible, Vol. 1.pdf_p1050_panel_4.jpg",neutral,,auto_ocr_sentiment,train
"Invincible, Vol. 1.pdf_p0062_panel_6.jpg",neutral,,auto_ocr_sentiment,train
"Invincible, Vol. 1.pdf_p0474_panel_6.jpg",sadness,"SHE LOST YOUR VAP
T00, BUT SHE’S ALSO
LOSING YOU. BETWEEN

THE SUPERHERO GIG
ANP YOU GOING OFF TO
COLLEGE, YOU’RE NOT HER LIFE,

For MORE YEARS
CONG Oe GATING ""THAN SHE CAN

REMEMBER, HAS
BEEN ABOUT TAKING
CARE OF YOU AND
YOUR FATHER, ANP
NOW SHE’S JUST
GOT HERSELF.

   
     
 
   

  
  
 
   

   
 

 
 
 
 
 

 
  

   
 
   
   
   
   
   
 
 
  
  
 
 

 
  
 
 
 

IT’S
| GOING TO

TAKE A WHILE
TO ADUUST--AND
IT’S GOING TO
BE A ROUGH
ROAD FOR
HER.

 
   
   
   
   

YEAH.
I SEE WHAT

YOU’RE SAYING. |",auto_ocr_sentiment,train
"Invincible, Vol. 1.pdf_p0024_panel_4.jpg",neutral,"@ xe

_",auto_ocr_sentiment,train
"Invincible, Vol. 1.pdf_p0364_panel_4.jpg",neutral,"\ rs

C__.\

 

I’M
PEOPLE T
TODAY
= AREN'T. A ci",auto_ocr_sentiment,train
"Invincible, Vol. 1.pdf_p0414_panel_2.jpg",neutral,"WILLIAM
FRANCIS
CLOCKWELL.",auto_ocr_sentiment,train
"Invincible, Vol. 1.pdf_p0346_panel_4.jpg",neutral,"WHAT'S
THAT? |S
THAT A FORCE
FIELD?

IT ONLY
BLOCKS THE
WATER... WALK
THROUGH IT.",auto_ocr_sentiment,train
"Invincible, Vol. 1.pdf_p0128_panel_2.jpg",neutral,,auto_ocr_sentiment,train
"Invincible, Vol. 1.pdf_p0029_panel_1.jpg",neutral,"ITS PEOPLE ARE NOT COMPLETELY
UNLIKE HUMANS, ALTHOUGH, THEY,
AND I, HAVE ABILITIES IN APPITION
TO WHAT HUMANS HAVE. WE CAN
FLY, MOVE AT SUPER-SVEED, AND
POSSESS GREAT STRENGTH...

BY HUMAN STANDARDS.

VILTRUM WAS A PLANET THAT HAD
ACHIEVED A PERFECT GLOBAL

SOCIETY. THERE WAS NO ILLNESS,
NO MURDER, NO WAR, IT WAS A
RELATIVE UTOPIA.",auto_ocr_sentiment,train
"Invincible, Vol. 1.pdf_p0205_panel_3.jpg",neutral,"a. VM, ..",auto_ocr_sentiment,train
"Invincible, Vol. 1.pdf_p0791_panel_2.jpg",neutral,"rl
reso ” RSC y
| ,
yu a”
’ AO
a
. A abe x )
p ov,
SS C- oN
= a tf eX y~] KO : —

/ — 7",auto_ocr_sentiment,train
"Invincible, Vol. 1.pdf_p0999_panel_6.jpg",neutral,,auto_ocr_sentiment,train
"Invincible, Vol. 1.pdf_p0291_panel_2.jpg",neutral,"Qo =o.

. Ay BVA

—

 

a Bey i = On = a IS _/P o—
saat WS SES Ty NW NER",auto_ocr_sentiment,train
"Invincible, Vol. 1.pdf_p0827_panel_0.jpg",fear,"AN UNDISCLOSED
LOCATION IN UTAH.

 

 
   

THE SECRET UNDERGROUNP
MOUNTAIN BASE OF THE
GUARPIANS OF THE GLOBE.",auto_ocr_sentiment,train
"Invincible, Vol. 1.pdf_p0751_panel_0.jpg",neutral,"BACK AT UPSTATE
UNIVERSITY--THE
SECRET CLOCK TOWER
HIPEOUT OF D.A.
SINCLAIR, CREATOR

OF THE REANIMEN.",auto_ocr_sentiment,train
"Invincible, Vol. 1.pdf_p1012_panel_2.jpg",neutral,"ARE YOU
REALLY FAILING
ALL YOUR
CLASSES? I
DION’T KNOW
ABOUT THAT.",auto_ocr_sentiment,train
"Invincible, Vol. 1.pdf_p0764_panel_4.jpg",fear,"YEAH--TI
WAS UP
EXERCISING.

I ALWAYS
GET UP THIS

OH, COOL. UM...
EXERCISING?

1
ON INSIDE.
T’LL MAKE
US SOME
BREAKFAST.

 

 
 
 
 
 
   

OH, PON’T D0
THAT. I DON’T
WANT YOU TO
HAVE TO GO TO
ANY TROUBLE

    
 

WORRY--IT
WON’T TAKE
A SECOND.",auto_ocr_sentiment,train
"Invincible, Vol. 1.pdf_p0731_panel_8.jpg",neutral,,auto_ocr_sentiment,train
"Invincible, Vol. 1.pdf_p0539_panel_5.jpg",surprise,"OH, SOKKY. 1 W
JUST--I WAS THI
ABOUT THE WAY TI
WERE. BEFOR
HE--",auto_ocr_sentiment,train
"Invincible, Vol. 1.pdf_p0432_panel_1.jpg",neutral,,auto_ocr_sentiment,train
"Invincible, Vol. 1.pdf_p0108_panel_0.jpg",neutral,,auto_ocr_sentiment,train
"Invincible, Vol. 1.pdf_p0503_panel_4.jpg",fear,">»
I
x
Ww
t&
>
9
>
Q
a

EXPECT THAT TO DO
SOMETHING #",auto_ocr_sentiment,train
"Invincible, Vol. 1.pdf_p0621_panel_6.jpg",anger,"MY PEOPLE ARE IN GREAT
DANGER. OUR PLANET IS
ABOUT TO FALL VICTIM TOA
COSMIC THREAT. We AKE
A HIGHLY ADVANCED PEOPLE
BUT WE PO NOT POSSESS
THE MEANS TO SAVE
OURSELVES.",auto_ocr_sentiment,train
"Invincible, Vol. 1.pdf_p0532_panel_6.jpg",neutral,monge To,auto_ocr_sentiment,train
"Invincible, Vol. 1.pdf_p0496_panel_1.jpg",fear,"IT WHEN iT BECAME OVERRUN AFTER
THE MIDNIGHT MAGICIAN CAST IT IN
PERPETUAL DARKNESS. IT’S A NO
MAN’S LAND. VOLUNTEER COPS, NO
GOVERNMENT AID. THE POLICY
HAS BEEN TO ACT LIKE IT
NEVER EXISTEP.

r THE Policy
CHANGING.
THE

PRESS SHINED
A SPOTLIGHT ON IT
AND NOTHING CAME
UV ROSES. NOW THE
PRESIDENT IS MAKING
IT PRIORITY ONE TO
RETAKE THAT ENCHANTED
METROPOLIS. We’RE
PUTTING TOGETHER
A GAME PLAN
Now.

OUR MAN °
FROM THE INSIDE
IS REPORTING
MULTIPLE DARKWING
SIGHTINGS. THIS ISN’T
LIKE THAT REP RUSH
FIASCO IN RUSSIA.
THIS IS THE REAL
; THING.",auto_ocr_sentiment,train
"Invincible, Vol. 1.pdf_p0684_panel_7.jpg",neutral,"THIS
IS GOING
TO WORK OUT §
SO MUCH",auto_ocr_sentiment,train
"Invincible, Vol. 1.pdf_p0317_panel_1.jpg",anger,"IT 1S NOT
MATHEMATICALLY
INCONCEIVABLE THAT
AT SOME POINT WE
WILL ENCOUNTER AN
ADVERSARY THAT
REALIZES THE ERROR
OF THEIR WAYS AND
GIVES UP THEIR
VLANS FOR
REVENGE",auto_ocr_sentiment,train
"Invincible, Vol. 1.pdf_p0530_panel_9.jpg",neutral,"TO TELL YOU
EARLIER
TONIGHT.",auto_ocr_sentiment,train
"Invincible, Vol. 1.pdf_p0307_panel_4.jpg",neutral,"WHAT
DO YOU
MEAN? YOU
ALREADY",auto_ocr_sentiment,train
"Invincible, Vol. 1.pdf_p0073_panel_4.jpg",neutral,"WELL,
THAT’S MORE
PORK CHOPS

FOR US.",auto_ocr_sentiment,train
"Invincible, Vol. 1.pdf_p0941_panel_0.jpg",neutral,"- ors ; ry i

MEANWHILE,
Me PEEP IN SPACE. F",auto_ocr_sentiment,train
"Invincible, Vol. 1.pdf_p0042_panel_4.jpg",sadness,"SORRY ABOUT
ALL THAT... I’M
NOT USED TO
THESE LATE
NIGHTS...

      
  
   
 
  

 
 
   

 
 
 

}|

 
 
 
   
     

I’M
STILL NEW
TO THIS... I

JUST HIT TWO
MONTHS.",auto_ocr_sentiment,train
"Invincible, Vol. 1.pdf_p0475_panel_1.jpg",fear,"WE NEVER WANTED FOR

ANYTHING, BUT WE

GOULDN’T GET SILLY,
LIKE NOW.

   
    
 
     

I GUESS
HE DIDN’T
WANT TO DRAW

ATTENTION TO &
HIMSELF.",auto_ocr_sentiment,train
"Invincible, Vol. 1.pdf_p0614_panel_3.jpg",neutral,"NO,
WE WERE
COMING
HERE TO
TALK TO HIS
ROOMMATE--
4 WE HAVEN’T
A HEARD FROM",auto_ocr_sentiment,train
"Invincible, Vol. 1.pdf_p0462_panel_6.jpg",neutral,,auto_ocr_sentiment,train
"Invincible, Vol. 1.pdf_p0640_panel_4.jpg",neutral,,auto_ocr_sentiment,train
"Invincible, Vol. 1.pdf_p0698_panel_0.jpg",neutral,,auto_ocr_sentiment,train
"Invincible, Vol. 1.pdf_p0827_panel_1.jpg",neutral,,auto_ocr_sentiment,train
"Invincible, Vol. 1.pdf_p0186_panel_4.jpg",neutral,">
9°
>

READY TO
HEAD HOME,",auto_ocr_sentiment,train
"Invincible, Vol. 1.pdf_p0999_panel_5.jpg",neutral,,auto_ocr_sentiment,train
"Invincible, Vol. 1.pdf_p0807_panel_6.jpg",neutral,,auto_ocr_sentiment,train
"Invincible, Vol. 1.pdf_p0801_panel_5.jpg",neutral,,auto_ocr_sentiment,train
"Invincible, Vol. 1.pdf_p0643_panel_1.jpg",fear,"CAN’T--
THE TERRIBLE
THINGS You SAIp--

THE EIGHTEEN YEARS
I HAP WITH THE",auto_ocr_sentiment,train
"Invincible, Vol. 1.pdf_p0629_panel_3.jpg",neutral,,auto_ocr_sentiment,train
"Invincible, Vol. 1.pdf_p0901_panel_4.jpg",fear,"OH, 1 WAS JUST KINDA
HOPING I’D HAVE MORE
THAN A FEW YEARS
BEFORE YOU AGED ENOUGH
FOR US TO GET FUNNY
GLANCES FROM PEOPLE
WHEN WE’RE SEEN
TOGETHER.

  
 
  
    
 
   

a",auto_ocr_sentiment,train
"Invincible, Vol. 1.pdf_p0288_panel_0.jpg",neutral,,auto_ocr_sentiment,train
"Invincible, Vol. 1.pdf_p0730_panel_0.jpg",anger,"THE POINT IS THAT I PAY YOU
TO BE HERE. I PAY YOU TO PROTECT
THE WORLD--THIS WORLD--TO KEEP
THESE PEOPLE SAFE. YOU GETA
FREE RIDE TO COLLEGE, YOUR
MOTHER’S BILLS ARE PAID AND
THEN SOME.

IN FACT--

I’D SAY YOU AND
YOUR MOTHER ARE
FAIRLY WELL OFF
RIGHT NOW. YOU DON’T
REALLY WANT FOR MUCH,
PO YOU? 0O YOU REALLY
NOT MAKE THE CONNECTION
BETWEEN YOUR
WORK AND YOUR
MONEY?",auto_ocr_sentiment,train
"Invincible, Vol. 1.pdf_p0455_panel_2.jpg",neutral,"8

Ga

, |
~
peat?

Ak.)
HT",auto_ocr_sentiment,train
"Invincible, Vol. 1.pdf_p0438_panel_4.jpg",neutral,,auto_ocr_sentiment,train
"Invincible, Vol. 1.pdf_p0108_panel_2.jpg",surprise,"yy a) r .
al r
nar ns a
ae . art
CS
. e
o bd bd
y + ry
se
i’
' 7

THINK THIS IS
A GAME?",auto_ocr_sentiment,train
"Invincible, Vol. 1.pdf_p1041_panel_1.jpg",fear,"[T WOULD TAKE HUNDREDS
OF YEARS FOR US TO HARVEST
WHAT WE NEED FROM THIS
PLANET. DURING THAT TIME
THESE PEOPLE WOULD

EXPERIENCE AN AGE OF
PEACE AND UNDERSTANDING
LIKE THEY’VE NEVER
EXPERIENCED
BEFORE.

 
     
 
   
 
     
 
 
  
 

 
 
 
 

     
 
   
   
   
   
   

THIS
WOULD LAST
FOR GENERATIONS,
UNTIL NO ONE EVEN
REMEMBERED
THE WORLD
BEFORE.",auto_ocr_sentiment,train
"Invincible, Vol. 1.pdf_p0528_panel_1.jpg",neutral,,auto_ocr_sentiment,train
"Invincible, Vol. 1.pdf_p0104_panel_2.jpg",neutral,,auto_ocr_sentiment,train
"Invincible, Vol. 1.pdf_p0357_panel_7.jpg",neutral,"a

YS |
a) ;
y

ave
bi
if

ae)
| =

 

ee
Lemma dela
Lid",auto_ocr_sentiment,train
"Invincible, Vol. 1.pdf_p0522_panel_8.jpg",anger,"PEALING WITH NOW--
HOW PANGEROUS
IT WAS.",auto_ocr_sentiment,train
"Invincible, Vol. 1.pdf_p1033_panel_1.jpg",surprise,"Is
EVERYTHING
OKAY? I
THINK EVE WAS
CRYING WHEN
SHE LEFT.

SOMETHING
TO HER, BUT...",auto_ocr_sentiment,train
"Invincible, Vol. 1.pdf_p1025_panel_5.jpg",neutral,I DION’T,auto_ocr_sentiment,train
"Invincible, Vol. 1.pdf_p0450_panel_1.jpg",neutral,,auto_ocr_sentiment,train
"Invincible, Vol. 1.pdf_p0663_panel_2.jpg",neutral,,auto_ocr_sentiment,train
"Invincible, Vol. 1.pdf_p0685_panel_2.jpg",neutral,"eZ. LKNEW
I SHOULPA CALLED
VEST HE SNOT BACK MC EVEN
2 YOU Ol
CALLED? J",auto_ocr_sentiment,train
"Invincible, Vol. 1.pdf_p0127_panel_0.jpg",neutral,"BYE! |
We WON’T J
BE BACK TOO

LATE, I
PROMISE!

\
TELE |__|""
FE Cia

mit UF PP

   

 
 

 

nT UY ae of]

“ee

hy,

~

    
 

 

en Afi",auto_ocr_sentiment,train
"Invincible, Vol. 1.pdf_p0922_panel_3.jpg",neutral,"POINT OF ORIGIN
TO BE MARS.",auto_ocr_sentiment,train
"Invincible, Vol. 1.pdf_p0738_panel_8.jpg",neutral,"»
(s-
\
vy
9

fe
2
9 \
\",auto_ocr_sentiment,train
"Invincible, Vol. 1.pdf_p0453_panel_0.jpg",neutral,"Me -< V athe Beas
INTE OpUCE SCOURGE OF Th
GALAXIES, WHATE

THAT MEANS. HE

OF HIS WEAPON
AT THE WRONE
ANGLE.

Abs . ql - a
oS Ty
ER ay WE

Gs

SS

Ni
oO \’

Ml \",auto_ocr_sentiment,train
"Invincible, Vol. 1.pdf_p0168_panel_1.jpg",neutral,,auto_ocr_sentiment,train
"Invincible, Vol. 1.pdf_p0293_panel_1.jpg",fear,"“~ NO MATTER WHAT THE THE OTHER END OF
COST. YOUR FATHER HIS BEEPER, AND WH

WAS MY TOP HE WAS IN COSTUME, |
OPERATIVE. EARPIECE. I HAVE ATI
“| OF WORLDP-WATCHERS Vv

[a MONITOR OUR ENTIRE PL.
AROUND THE CLOCK. Wi
PROBLEMS AROSE YO
FATHER WAS SENT IK
TO DEAL WITH
THEM.

   

IT’S GOOP
TO SEE YOU’RE
AWAKE AND AWARE.
YOUR MOTHER WAS
NEARLY CATATONIC FO
THe cieoct Weev ACtTcr",auto_ocr_sentiment,train
"Invincible, Vol. 1.pdf_p0921_panel_2.jpg",anger,"CONGRATULATIONS,
PX GUYS.

A __

     
  

  

intone 2 =
y IMMORTAL--
YOU’RE ALUCKY

PICKED A BETTER
GIRL.",auto_ocr_sentiment,train
"Invincible, Vol. 1.pdf_p1022_panel_0.jpg",surprise,"THIS (S THIS IS A HUGE DEAL. IF We
JUST--I COULD DECIPHER THE SUBJECT
MEAN-- OF THESE BOOKS--FIND THESE

     
   
 
  
 
   
   
 
 
 
   
   
   
   
     
   
   
   
   

wow. PLACES TALKED ABOUT--
ACQUIRE HE WEAPONS

 
 

 
  
 

THIS IS
HUGE. THE
GREAT THAEDUS
WILL BE VERY

 
 

Y’KNOW--
ANYTHING TO
HELP OUT. IF YOU
GUYS STOP THESE
VERKS, I WON'T HAVE
TO WORRY ABOUT
THEM GOMING HERE
TO TAKE OVER MY
PLANET ANYTIME
SOON.",auto_ocr_sentiment,train
"Invincible, Vol. 1.pdf_p0769_panel_6.jpg",neutral,,auto_ocr_sentiment,train
"Invincible, Vol. 1.pdf_p1011_panel_1.jpg",anger,"ALOT IN YOUR TIME--MORE THAN
ANYONE GOULD BEAR, BUT YOU
DON’T HAVE TO DO THIS. YOU PON’T
HAVE TO ACT LIKE THIS ISGN’T
AFFECTING YOU. YOU GAN
TALE TIME OFF.

I AM FINE.
MAYBE I HAVE DEALT
YOU SHOULP \ WITH DEATH ALL MY
TAKE SOME } LIFE. I AM SADDENED BY
TIME OFF. DUPLI-KATE’S PASSING
BUT SHE IS NOT THE
FIRST WIFE I
HAVE LOST. _.

I WILL DEAL
WITH THIS IN MY
OWN WAY--IT WILL
NOT EFFECT MY
ABILITY TO LEAD THE
GUARDIANS OF THE
GLOBE. T0 BE
HONEST, I NEEP
THE

THAT’S
UNPERSTANDABLE.
IF YOU’RE",auto_ocr_sentiment,train
"Invincible, Vol. 1.pdf_p0559_panel_1.jpg",neutral,"TELIA--
PLEASE. YOU
Non THAT

     
  

 
  
   

. WHAT?
WHAT CAN’T

YOU PO,

LLEN:",auto_ocr_sentiment,train
"Invincible, Vol. 1.pdf_p0585_panel_1.jpg",neutral,"THAT'S [T-- %
I’M CHANGING
MY NAME.
""INVINCIBLE"" JUST
\ ISN’T ACCURATE
ENOUGH.",auto_ocr_sentiment,train
"Invincible, Vol. 1.pdf_p1022_panel_5.jpg",neutral,"WeLL--
IT WAS NICE
SEEING YOU

AGAIN.",auto_ocr_sentiment,train
"Invincible, Vol. 1.pdf_p0781_panel_2.jpg",neutral,,auto_ocr_sentiment,train
"Invincible, Vol. 1.pdf_p0080_panel_3.jpg",neutral,"SOKKY, BUT LETS BE KEALISTIC.
SHOULD WE BE SEARCHING FOR
CLUES RIGHT NOW? I FOR ONE
AM NOT DRESSED FOR THAT
SORT OF THING, ANP WE
DON’T EVEN HAVE
A pdG.

DON’T THINK
FOR A SECOND THAT
I DON’T WANT TO CATCH
THIS GUY. I JUST THINK
THAT WE DON’T REALLY
HAVE ANYTHING TO
GO ON RIGHT
NOW...",auto_ocr_sentiment,train
"Invincible, Vol. 1.pdf_p0635_panel_1.jpg",neutral,"La

r =
Wwi——

 
 

      

 

Mi
\

ae",auto_ocr_sentiment,train
"Invincible, Vol. 1.pdf_p0727_panel_0.jpg",neutral,"ee
qo GRAYSON
_ HOUSEHOLD.
PS
; iS",auto_ocr_sentiment,train
"Invincible, Vol. 1.pdf_p0678_panel_2.jpg",sadness,"I DON’T KNOW
WHAT TO SAY--
I’M SORRY.

 
 
   
 
 
  
 

    
   
   

I DON’T
KNOW IF
WE’RE GOING
TO SURVIVE",auto_ocr_sentiment,train
"Invincible, Vol. 1.pdf_p1094_panel_4.jpg",neutral,,auto_ocr_sentiment,train
"Invincible, Vol. 1.pdf_p0329_panel_0.jpg",neutral,"TO BRING IT UP
LIKE THAT.",auto_ocr_sentiment,train
"Invincible, Vol. 1.pdf_p0620_panel_2.jpg",anger,"WHAT AKE
YOU TALKING
ABOUT?

(T!

TAKE ME
SOMEWHERE
MORE PRIVATE
AND T’LL TELL
YOU EVERY-
THING.",auto_ocr_sentiment,train
"Invincible, Vol. 1.pdf_p0608_panel_4.jpg",neutral,"\
4
. f
. , Z
A °
Z ia
A a” ai
‘ Lr “ “
A,
So
R fy “ 3 : ‘8
a ~.
BY
: a
r \e L
a
| 6
|

K N i",auto_ocr_sentiment,train
"Invincible, Vol. 1.pdf_p0515_panel_5.jpg",neutral,,auto_ocr_sentiment,train
"Invincible, Vol. 1.pdf_p0223_panel_0.jpg",anger,"FOOL. THAT
WILL BE A
LESSON HE
WON’T SOON
FORGET.",auto_ocr_sentiment,train
"Invincible, Vol. 1.pdf_p0303_panel_3.jpg",anger,"WHAT
CAN I DO
FOR YOU?

DID YOU
HEAR FROM
MARK 2

 

3, BUT MY... UM...
ENP... WORKS FOR
GOVERNMENT, ANP
SAYS THAT HE WAS
JURED... BUT THAT
EY HAVE HIM ANP
HeE’S HEALING
UP.",auto_ocr_sentiment,train
"Invincible, Vol. 1.pdf_p0106_panel_1.jpg",neutral,,auto_ocr_sentiment,train
"Invincible, Vol. 1.pdf_p1095_panel_0.jpg",anger,"DON’T TRY iN CALM YOURSELF.
MY FATE LONG
AGO.

ANYTHING.",auto_ocr_sentiment,train
"Invincible, Vol. 1.pdf_p0626_panel_0.jpg",neutral,,auto_ocr_sentiment,train
"Invincible, Vol. 1.pdf_p0372_panel_0.jpg",neutral,,auto_ocr_sentiment,train
"Invincible, Vol. 1.pdf_p1020_panel_2.jpg",neutral,,auto_ocr_sentiment,train
"Invincible, Vol. 1.pdf_p0760_panel_0.jpg",neutral,"WHOA. I'VE SEEN
YOU BEND PIPE, AND
CHANGE THE DENSITY
OF AIR AROUND YOU Ff
SO YOU CAN FLY--
BUT THIS--THIS IS
COMPLEX.

    

THE
COFFEE--
THE HOUSE--
HOW PO YOU
PO IT?",auto_ocr_sentiment,train
"Invincible, Vol. 1.pdf_p0982_panel_6.jpg",neutral,,auto_ocr_sentiment,train
"Invincible, Vol. 1.pdf_p0383_panel_5.jpg",neutral,,auto_ocr_sentiment,train
"Invincible, Vol. 1.pdf_p0933_panel_2.jpg",fear,"BECAUSE OF THE ABILITY
OF THE SEQGUIDS TO TAKE
CONTROL OVER OUR BOPIES--

ONLY THOSE WITH SKIN TOO

STRONG FOR THEM TO
BREA THROUGH WILL BE
GOING ALONG.

  
   
  
 
   
 
     
 
   
   
   

REX SPLOPE,
DUPLI-KATE AND
SHRINKING RAY
WILL BE SITTING

THIS ONE
UT.

   
     

SO THAT'S
ROBOT, MONSTER
GIRL, THE IMMORTAL,
BULLETPROOF AND
BLACK SAMSON.",auto_ocr_sentiment,train
"Invincible, Vol. 1.pdf_p1056_panel_3.jpg",anger,"IT’S NOTHING,
MOM. REALLY --
JUST FORGET
IT.
VILTRUMITE
STUFF.
a",auto_ocr_sentiment,train
"Invincible, Vol. 1.pdf_p0584_panel_1.jpg",neutral,,auto_ocr_sentiment,train
"Invincible, Vol. 1.pdf_p0880_panel_3.jpg",neutral,,auto_ocr_sentiment,train
"Invincible, Vol. 1.pdf_p0900_panel_4.jpg",neutral,,auto_ocr_sentiment,train
"Invincible, Vol. 1.pdf_p0232_panel_4.jpg",neutral,,auto_ocr_sentiment,train
"Invincible, Vol. 1.pdf_p1017_panel_3.jpg",neutral,,auto_ocr_sentiment,train
"Invincible, Vol. 1.pdf_p0873_panel_2.jpg",surprise,"YEAH--BUT
THIS ISN’T

GOING TO

WORK.

7 WHAT ARE ON

ABOUT?! THIS
IS SO GOING

TOWORK. |

PRETEND TO
FALL ASLEEP HERE--
THEY'LL THINK I’M
A BUM--AND YOU/LL

FOLLOW THEM BACK

To THEIR LAIR WHEN

THEY ABPUCT ME.",auto_ocr_sentiment,train
"Invincible, Vol. 1.pdf_p1063_panel_4.jpg",anger,"YOU ARE - _.
=z AFOOL TO I’VE
TAUNT ME. KILLED .
‘ BEINGS FOR IM
LESS. i.",auto_ocr_sentiment,train
"Invincible, Vol. 1.pdf_p0384_panel_5.jpg",neutral,,auto_ocr_sentiment,train
"Invincible, Vol. 1.pdf_p0749_panel_7.jpg",neutral,"WHAT
DIO IT JUST
SAY? I’VE

DITCH CLASS

GRAPE, IT’S
REALLY --",auto_ocr_sentiment,train
"Invincible, Vol. 1.pdf_p0499_panel_3.jpg",surprise,"WAS THAT T0Q0
INSENSITIVE 4
YEAH, THAT WAS
INSENSITIVE,
WASN’T
IT?",auto_ocr_sentiment,train
"Invincible, Vol. 1.pdf_p0155_panel_2.jpg",neutral,,auto_ocr_sentiment,train
"Invincible, Vol. 1.pdf_p0615_panel_1.jpg",neutral,,auto_ocr_sentiment,train
"Invincible, Vol. 1.pdf_p0658_panel_1.jpg",neutral,,auto_ocr_sentiment,train
"Invincible, Vol. 1.pdf_p1102_panel_3.jpg",neutral,,auto_ocr_sentiment,train
"Invincible, Vol. 1.pdf_p0500_panel_2.jpg",neutral,,auto_ocr_sentiment,train
"Invincible, Vol. 1.pdf_p0975_panel_4.jpg",neutral,,auto_ocr_sentiment,train
"Invincible, Vol. 1.pdf_p0447_panel_3.jpg",fear,"LATE
LAST NIGHT--YOU
WERE ALREADY
ASLEEP.

   
   
   
   
 
 
 
       

 
 

BUT,
MOM... C'MON,
WHAT’S WITH
THE--2",auto_ocr_sentiment,train
"Invincible, Vol. 1.pdf_p0536_panel_4.jpg",neutral,"FROM THE
\ BEGINNING.
aS",auto_ocr_sentiment,train
"Invincible, Vol. 1.pdf_p0236_panel_4.jpg",neutral,,auto_ocr_sentiment,train
"Invincible, Vol. 1.pdf_p0751_panel_2.jpg",neutral,,auto_ocr_sentiment,train
"Invincible, Vol. 1.pdf_p0623_panel_1.jpg",neutral,,auto_ocr_sentiment,train
"Invincible, Vol. 1.pdf_p0695_panel_1.jpg",neutral,,auto_ocr_sentiment,train
"Invincible, Vol. 1.pdf_p0375_panel_0.jpg",neutral,,auto_ocr_sentiment,train
"Invincible, Vol. 1.pdf_p0602_panel_4.jpg",neutral,,auto_ocr_sentiment,train
"Invincible, Vol. 1.pdf_p0384_panel_1.jpg",neutral,"COURSE. WHY
WOULP YOU ASK

Me THAT4",auto_ocr_sentiment,train
"Invincible, Vol. 1.pdf_p0995_panel_5.jpg",neutral,,auto_ocr_sentiment,train
"Invincible, Vol. 1.pdf_p0961_panel_1.jpg",neutral,,auto_ocr_sentiment,train
"Invincible, Vol. 1.pdf_p0052_panel_1.jpg",neutral,"AAR), — 1 MUST STKESS T0 YOU ALL THAT
BOY THIS IS NOT A REASON TO PANIC. | ———~_| YOU NOW KNOW WHAT WE KNOW.

THE THREE MISSING STUDENTS, STILL, WE JUST TO BE SAFE TRY NOT TO GO
DIFFERENT DAYS, DIP KNOW CALLED THIS SCHOOL ANU HERE ALONE, ANG PLEASE

EACH OTHER. I1’S Passiate MEETING SO THAT THE ""TAC uce mc OR ANY OF THE
THIS WAS PLANNED BY RUMORS WOULPN'T OTHER PEOPLE YOU SEE
THEM AND NO FOUL OVERWHELM THE HERE BESIDE
TRUTH. aA

   
 

      

 
 
 
 
 
 

 
 
  
 
 
 
 

 
  

     

PLAY HAS TAKEN
PLACE.

  

(25
AKL
\ AC",auto_ocr_sentiment,train
"Invincible, Vol. 1.pdf_p0146_panel_1.jpg",neutral,,auto_ocr_sentiment,train
"Invincible, Vol. 1.pdf_p0505_panel_1.jpg",neutral,,auto_ocr_sentiment,train
"Invincible, Vol. 1.pdf_p0012_panel_2.jpg",neutral,"YOUR PUBLISHER CALLED. He
WANTED TO CHECK AND SEE
HOW THE NEXT BOOK WAS
COMING ALONG.

I
TOLD HIM
YOU WERE ON
ONE OF YOUR
RESEARCH
TRIPS.",auto_ocr_sentiment,train
"Invincible, Vol. 1.pdf_p0657_panel_1.jpg",neutral,"SET SURE THING, IT
PAD-- BOSS--YOU LO7
ZOING KNOW ME, TO GE

yf ALWAYS HAPPY PIRTY T",auto_ocr_sentiment,train
"Invincible, Vol. 1.pdf_p0585_panel_3.jpg",surprise,"WHAT HAPFENEVS
DID EVERYONE GO
HOME? THEY JUST
GIVE UP2

      
  
    

  

JEEZ--

I WAS
SUPPOSED
TO TALE MY
GIRLERIENC |)

FLYING
TONIGHT. ,",auto_ocr_sentiment,train
"Invincible, Vol. 1.pdf_p0448_panel_5.jpg",neutral,,auto_ocr_sentiment,train
"Invincible, Vol. 1.pdf_p1108_panel_1.jpg",neutral,"TELL ME,
DID YOU MISS
THIis2!",auto_ocr_sentiment,train
"Invincible, Vol. 1.pdf_p0469_panel_2.jpg",neutral,,auto_ocr_sentiment,train
"Invincible, Vol. 1.pdf_p0348_panel_3.jpg",neutral,"s
S, BUT
SOMETHING
TO GO OVER
NTRACT:",auto_ocr_sentiment,train
"Invincible, Vol. 1.pdf_p0525_panel_0.jpg",neutral,"S0--YOU THINK
YOUR BOYFRIEND *
BECAME A DRUG

DEALER AFTER

HIS DAD DIED.

HE WAS DEALING DRUGS. i AY —

TO THINK. HE MAY,
WELL--IT’S JUST...

START AT THE
N BEGINNING.",auto_ocr_sentiment,train
"Invincible, Vol. 1.pdf_p0580_panel_1.jpg",neutral,"L VON'T KNOW--1 VON T THEN STEV ASIDE--HE
THINK HE EXISTS IN OUR WAS KILLED ALMOST A
DIMENSION. I HAVE NO YEAR AGO ON OUR WORLD
CLUE WHO HE bh AND WE DION’T EVEN
IS. at : GET TO WATCH.",auto_ocr_sentiment,train
"Invincible, Vol. 1.pdf_p0747_panel_8.jpg",neutral,,auto_ocr_sentiment,train
"Invincible, Vol. 1.pdf_p0508_panel_2.jpg",neutral,,auto_ocr_sentiment,train
"Invincible, Vol. 1.pdf_p0140_panel_1.jpg",neutral,,auto_ocr_sentiment,train
"Invincible, Vol. 1.pdf_p0618_panel_6.jpg",neutral,"/NS

OZ
s aT] ee
al",auto_ocr_sentiment,train
"Invincible, Vol. 1.pdf_p0365_panel_1.jpg",neutral,,auto_ocr_sentiment,train
"Invincible, Vol. 1.pdf_p0549_panel_1.jpg",fear,"YOU’RE READY FOR
THIS? T MEAN--
REALLY READY? T
DON’T WANT TO
RUSH YOU INTO
ANYTHING.

 
     
 
   
 
    
 
     
   

  

I ONLY
WANT TO 00 THIS
IF YOU WANT TO. 00

YOU WANT TO DO
THIS RIGHT NOW 2",auto_ocr_sentiment,train
"Invincible, Vol. 1.pdf_p0702_panel_1.jpg",neutral,,auto_ocr_sentiment,train
"Invincible, Vol. 1.pdf_p0046_panel_1.jpg",neutral,"KEEP THE OTHER ONE
FROM ACTIVATING THE
ROBOTS, T’LL DEAL
WITH THIS
ONE!",auto_ocr_sentiment,train
"Invincible, Vol. 1.pdf_p0356_panel_4.jpg",neutral,,auto_ocr_sentiment,train
"Invincible, Vol. 1.pdf_p0768_panel_3.jpg",anger,"JEEZ, IT HAON’T
REALLY THOUGHT
ABOUT THAT. OF
COURSE I CAN’T
TELL HER... OR
ANYONE.

(IT’LL
HAVE TO BE
OUR SECRET,
THEN.",auto_ocr_sentiment,train
"Invincible, Vol. 1.pdf_p0551_panel_1.jpg",neutral,A MATTEK OF DAYS.,auto_ocr_sentiment,train
"Invincible, Vol. 1.pdf_p0179_panel_0.jpg",neutral,,auto_ocr_sentiment,train
"Invincible, Vol. 1.pdf_p0527_panel_3.jpg",neutral,,auto_ocr_sentiment,train
"Invincible, Vol. 1.pdf_p0971_panel_2.jpg",neutral,"BUT a
SYA C4 CAN KEEP THEM OFF |
y YOU FOR A FEW ;
MINUTES AT :

ADJUSTMENTS TO
MAKE--I WON’T
NEED YOU FOR

LONG--JUST KEEP

i

 

/

aN I<",auto_ocr_sentiment,train
"Invincible, Vol. 1.pdf_p0320_panel_5.jpg",neutral,,auto_ocr_sentiment,train
"Invincible, Vol. 1.pdf_p0520_panel_2.jpg",neutral,,auto_ocr_sentiment,train
"Invincible, Vol. 1.pdf_p0319_panel_4.jpg",neutral,,auto_ocr_sentiment,train
"Invincible, Vol. 1.pdf_p0588_panel_2.jpg",neutral,"1

Ken RAS js A
Se fk Oy ‘N
<< es ¢ SEAS

oS!",auto_ocr_sentiment,train
"Invincible, Vol. 1.pdf_p0444_panel_3.jpg",neutral,"SY

INIA 17

OAS
~
x8
my
N
S$

=
ve
Xv
“*
%
o

os",auto_ocr_sentiment,train
"Invincible, Vol. 1.pdf_p0458_panel_7.jpg",neutral,"K ¥
_ Se 7g
Be oon

in",auto_ocr_sentiment,train
"Invincible, Vol. 1.pdf_p0421_panel_1.jpg",neutral,,auto_ocr_sentiment,train
"Invincible, Vol. 1.pdf_p0299_panel_3.jpg",neutral,"DON’T

YOU THINk
SHE PESER\
TO KNOW TI",auto_ocr_sentiment,train
"Invincible, Vol. 1.pdf_p0723_panel_4.jpg",neutral,,auto_ocr_sentiment,train
"Invincible, Vol. 1.pdf_p0057_panel_0.jpg",neutral,,auto_ocr_sentiment,train
"Invincible, Vol. 1.pdf_p0744_panel_4.jpg",neutral,"BEHIND YOU, GIRL!
SWAT ME OUT OF THE
WAY BEFORE IT KNOCK
YOU DOWN TO WHERE
THEY CAN GET YOUR

EARPIECE.",auto_ocr_sentiment,train
"Invincible, Vol. 1.pdf_p0339_panel_5.jpg",neutral,,auto_ocr_sentiment,train
"Invincible, Vol. 1.pdf_p0761_panel_5.jpg",neutral,,auto_ocr_sentiment,train
"Invincible, Vol. 1.pdf_p0114_panel_2.jpg",disgust,"I WORK FOR
THE COALITION
OF PLANETS. EACH
PLANET IN THE COALITION
ASSIGNS A CHAMPION,

SOMEONE WHOSE SOLE
JOB IS TO DEFEND THE
PLANET AGAINST MINOR
ORBITAL THREATS ANP
WHAT NOT... GENERAL
STUFF, REALLY.",auto_ocr_sentiment,train
"Invincible, Vol. 1.pdf_p0471_panel_2.jpg",neutral,,auto_ocr_sentiment,train
"Invincible, Vol. 1.pdf_p1010_panel_4.jpg",surprise,"WHAT MAKES

YOU THINK I’D

BE VISITING
HIM?",auto_ocr_sentiment,train
"Invincible, Vol. 1.pdf_p0902_panel_2.jpg",neutral,"DON’T
WORRY--YOU
WONT’ BE IN HERE
MUGH LONGER.
I’ve TAKEN QUITE
NI S
YOUR “WORK.” THESE

REANIMEN
OF YOURS--QUITE
REMARKABLE. I’M
IMPRESSED.",auto_ocr_sentiment,train
"Invincible, Vol. 1.pdf_p0094_panel_0.jpg",neutral,,auto_ocr_sentiment,train
"Invincible, Vol. 1.pdf_p0662_panel_0.jpg",neutral,,auto_ocr_sentiment,train
"Invincible, Vol. 1.pdf_p1100_panel_0.jpg",neutral,,auto_ocr_sentiment,train
"Invincible, Vol. 1.pdf_p0375_panel_4.jpg",sadness,"NOT LEAVING
THING FOR YOU
O REBUILD.

 
  
   
 
     

   
 

ANP Now FoR
YOU, ANGSTROM

LEVY--THE BRAINS
OF THE OUTFIT.",auto_ocr_sentiment,train
"Invincible, Vol. 1.pdf_p0531_panel_0.jpg",sadness,"SEE? I’M SORRY ABOUT THE RIP
INVINCIBLE. M S",auto_ocr_sentiment,train
"Invincible, Vol. 1.pdf_p0764_panel_2.jpg",joy,"HOW MUCH I CAN
RELATE TO THIS LOWLY
LITTLE HUMAN GOOP.
GIRL. I'M HAPPY
FOR YOU.

H( PEALLY.

as >
a s
AS
4
N",auto_ocr_sentiment,train
"Invincible, Vol. 1.pdf_p0406_panel_4.jpg",neutral,,auto_ocr_sentiment,train
"Invincible, Vol. 1.pdf_p0176_panel_6.jpg",neutral,,auto_ocr_sentiment,train
"Invincible, Vol. 1.pdf_p0174_panel_4.jpg",neutral,,auto_ocr_sentiment,train
"Invincible, Vol. 1.pdf_p0726_panel_1.jpg",neutral,,auto_ocr_sentiment,train
"Invincible, Vol. 1.pdf_p0180_panel_1.jpg",neutral,,auto_ocr_sentiment,train
"Invincible, Vol. 1.pdf_p0405_panel_3.jpg",neutral,,auto_ocr_sentiment,train
"Invincible, Vol. 1.pdf_p0686_panel_4.jpg",neutral,,auto_ocr_sentiment,train
"Invincible, Vol. 1.pdf_p0962_panel_3.jpg",neutral,"\ Ed
Preovivep THE \@",auto_ocr_sentiment,train
"Invincible, Vol. 1.pdf_p0572_panel_6.jpg",neutral,"H

BEEN AWAY
FROM MY

DORM ROOM
PLENTY. @

I DIDN'T
EVEN SLEEV
THERE LAST

NIGHT. 4",auto_ocr_sentiment,train
"Invincible, Vol. 1.pdf_p0161_panel_1.jpg",sadness,"SORRY ABOUT THAT,
MARTIAN MAN... BUT
I’VE ONLY BEEN THE
GREEN GHOST FOR
A MONTH. T’M STILL
GETTING USED TO
THE POWERS.",auto_ocr_sentiment,train
"Invincible, Vol. 1.pdf_p0932_panel_0.jpg",fear,"I CAN'T DO
THIS, EVE--I
JUST CAN'T.

I REALLY DIDN’T

 
 
     
     

I COULPN’T
DO THIS",auto_ocr_sentiment,train
"Invincible, Vol. 1.pdf_p0519_panel_2.jpg",neutral,,auto_ocr_sentiment,train
"Invincible, Vol. 1.pdf_p0198_panel_4.jpg",neutral,,auto_ocr_sentiment,train
"Invincible, Vol. 1.pdf_p0379_panel_3.jpg",surprise,"UH--
CHECK IT
OUT, GUYS.
I THINK IT’S",auto_ocr_sentiment,train
"Invincible, Vol. 1.pdf_p0521_panel_11.jpg",neutral,"+ Fog
HE PID--I PRO

Al SHOULP HAVE DOI
° CERTAINLY Lik
ENOUGH. IT JUST

READY --ANE
UNPERSTOOP
ANYWAY --WHA
SAYING IS HE
A GREAT GL",auto_ocr_sentiment,train
"Invincible, Vol. 1.pdf_p0693_panel_0.jpg",neutral,,auto_ocr_sentiment,train
"Invincible, Vol. 1.pdf_p0837_panel_1.jpg",neutral,,auto_ocr_sentiment,train
"Invincible, Vol. 1.pdf_p0836_panel_0.jpg",neutral,"rae
B. AT ART’S
Rie SHOP.",auto_ocr_sentiment,train
"Invincible, Vol. 1.pdf_p0519_panel_3.jpg",neutral,,auto_ocr_sentiment,train
"Invincible, Vol. 1.pdf_p0296_panel_1.jpg",neutral,"es SS
! bey axe
WSs SSeS apy
. Oo . 2 -
AWSS wr ing =. 4 oes x
oF VYosyWan Sul 5IIY e<
we ZyPso = VON OGWISZYV,, YS
Suge sprhases ybagugeess Ds
+2G> Szgo2uae HERO GUS ass 2 ;
NS zeaohut oNw lI SuLNO F050 &
oA Glgsah"" ) KSBRERLRY = FSG ECG
Og Fw 3° g32k0 FOE Se
<yre W258 GO oz
gO 8)",auto_ocr_sentiment,train
"Invincible, Vol. 1.pdf_p0352_panel_6.jpg",sadness,"ANY KAN OFF TO GOV
KNOWS WHERE. SCREW
HIM... HE TURNED OUT

OF THE OTHER
JERKS ON THIS

   
     
 
    
  

  

 
 
     

LITTLE MORE
COMPLICATED
THAN THAT.",auto_ocr_sentiment,train
"Invincible, Vol. 1.pdf_p0809_panel_0.jpg",neutral,"BACK TO MARK GRAYSON,
STRANPEDP IN ANOTHER
DIMENSION.",auto_ocr_sentiment,train
"Invincible, Vol. 1.pdf_p0062_panel_4.jpg",neutral,,auto_ocr_sentiment,train
"Invincible, Vol. 1.pdf_p0176_panel_2.jpg",neutral,"GETTING KEAVY
FOR PHYSICS. THIS
NEW TEACHER
WE'VE GOT IS
KILLING Us!

   

HEH... SEEMS TO BE A
RECURKING PROBLEM
WITH PHYSICS TEACHERS
AT THIS SCHOOL. YOU
GONNA BLOW THIS
ONE UP TO0Z",auto_ocr_sentiment,train
"Invincible, Vol. 1.pdf_p0372_panel_2.jpg",neutral,,auto_ocr_sentiment,train
"Invincible, Vol. 1.pdf_p0378_panel_3.jpg",sadness,"“KNOW ABOUT YOU
5, BUT I’VE BEEN AT
2 SIX HOURS AND I
/T EVEN BROKEN

A SWEAT.
WHATEVER
IT TAKES. WE'RE
BEATING THESE
CLOWNS!",auto_ocr_sentiment,train
"Invincible, Vol. 1.pdf_p0789_panel_0.jpg",anger,"HOW PARE YOU! T Have
LONGEP FOR your DEATH
FOR MONTHS WOULD
NEVER HAVE TERPERED
WITH AN ATTEMPT ON
YOUR LIFE. YOU NEED
TO PREPARE

A BETTER
Lie!",auto_ocr_sentiment,train
"Invincible, Vol. 1.pdf_p0153_panel_2.jpg",neutral,,auto_ocr_sentiment,train
"Invincible, Vol. 1.pdf_p1068_panel_4.jpg",neutral,,auto_ocr_sentiment,train
"Invincible, Vol. 1.pdf_p0056_panel_1.jpg",neutral,,auto_ocr_sentiment,train
"Invincible, Vol. 1.pdf_p0240_panel_1.jpg",neutral,,auto_ocr_sentiment,train
"Invincible, Vol. 1.pdf_p0459_panel_2.jpg",neutral,"NY
HN r",auto_ocr_sentiment,train
"Invincible, Vol. 1.pdf_p0385_panel_0.jpg",neutral,,auto_ocr_sentiment,train
"Invincible, Vol. 1.pdf_p0011_panel_3.jpg",neutral,"ENCHANTED
FLOOD IN EGYPT
I HAD TO DEAL
WITH ON THE
WAY OVER.

—_——_——_____________ re ————

 

TT a =
& IE}
FLA Be
NE et eal fe ee",auto_ocr_sentiment,train
"Invincible, Vol. 1.pdf_p0607_panel_8.jpg",neutral,,auto_ocr_sentiment,train
"Invincible, Vol. 1.pdf_p0573_panel_7.jpg",neutral,,auto_ocr_sentiment,train
"Invincible, Vol. 1.pdf_p1087_panel_1.jpg",fear,"YOU, SISTER.

I HADN’T SEEN
YOU IN SO LONG,
BECAUSE OF MY...
WORK. I FELT
SO GUILTY WHEN
I’P HEARP
YOU'D DIED.

 

 
  
 
    

YOU KNOW T NEVER
LIKED THIS REX PERSON...
FROM WHAT YOU WROTE
TO ME, HE IS A HORRIBLE
PERSON. I STILL DON’T
BELIEVE HE HAD NO
INVOLVEMENT WITH
YOUR DEATHS.
I DON’T TRUST
HIM.

I DION’T KNOW IF YOU’D
TAKEN MY APVICE AND
HIDDEN YOUR ZERO TO
ONLY LIVE THROUGH
YOUR ONE... I’R HOPED
YOU HAD, BUT SO MUCH
TIME HAD PASSED
AFTEK YOUR
DEATH...",auto_ocr_sentiment,train
"Invincible, Vol. 1.pdf_p0704_panel_5.jpg",sadness,"LL AVN, KFOISONING
YOU IS A BIT CLICHE, BUT
WE ARE SO EVENLY MATCHED,
KILLING YOU BY HAND WOULD
HAVE BEEN NO SIMPLE .

   
  
  
 
   

DON’T FIGHT IT. THERE'S
NOTHING YOU CAN Dd.
JUST TALE COMEORT
IN THE FACT THAT YOU
WILL LIVE ON--IN ME,

, ANP MY FUTURE ” 7} AM SORRY FOR

>. CLONES. A ‘

: i REGRET IT More
: a THAN YOU KNOW--

IT’S VERY MUCH

LIKE KILLING

 
 
  

   
   
     
 
  

   

ANP REALLY,",auto_ocr_sentiment,train
"Invincible, Vol. 1.pdf_p0869_panel_0.jpg",anger,"NOW’S OUR

THISISNO ay
TIME TOFIGHT! f

my
f

 

Pf aii) a
a AY ]
K ‘ > ""
yr 1 KS a 5 S
ry .
y 0 ol ( a 5 j .
N KF , ) ee
~ . “1 fi
CS ; .

AE",auto_ocr_sentiment,train
"Invincible, Vol. 1.pdf_p0373_panel_2.jpg",neutral,"are You ¥* )
RTAINZ

ANGSTROM
POSSESSES INTELLECT
NEARLY AS SUBSTANTIA
AS MY OWN. THIS
ANIMOSITY BETWEEN
YOU TWO |S HIGHLY
COUNTERVPRODUCTIVE.",auto_ocr_sentiment,train
"Invincible, Vol. 1.pdf_p0812_panel_3.jpg",anger,"y THE ONLY LOGICAL
REASON FOR YOU TO
Be STUCK IN THIS
DIMENSION WOULD Be
IF YOU INJURED OR
KILLED ANGSTKOM
LEVY DURING YOUR
FIGHT. MOST
LIKELY...
KILLED.

WE
KNEW
THIS LONG
AGO.

I JUST--
IT JUST .
HAPPENED LIKE...
AN HOUR

a MAYBE FOR YOU

BUT THESE EVENTS

1 YOU SPEAK OF TOOK
PLACE ABOU

. FIFTEEN YEARS

AGO FOR US.

YES, IT TOOK US FIFTEEN
YEARS TO LOCATE THIS
DIMENSION. LUCKILY... BY
THAT TIME THERE WERE A
LEAST FOUR WORKING TIM
MACHINES IN GUARDIAN

CUSTODY.

THERE IS
$0 MUCH You
NEED TO ACCOMPLISH
THE WORLD WE COME
FROM... THE WORLD
WHERE YOU’VE BEEN
MISSING FOR FIFTEE
YEARS... IS NOTA
FRIENPLY ONE.",auto_ocr_sentiment,train
"Invincible, Vol. 1.pdf_p0761_panel_1.jpg",neutral,"TO YOUR
FATHER?",auto_ocr_sentiment,train
"Invincible, Vol. 1.pdf_p1100_panel_2.jpg",fear,"EVER SINCE WE ESCAPED...
WHEN THAT LOONY OLD MAN
ATTACKED THE PRISON WITH
THOSE GIANT MONSTERS--
OUR LIVES HAVE JUST
GOTTEN WORSE
AND WORSE.

   
  
 
      
 
 

    

JEEZ,
MATT--I
JUST CAN’T
TAKE IT
ANYMORE.",auto_ocr_sentiment,train
"Invincible, Vol. 1.pdf_p0448_panel_1.jpg",neutral,,auto_ocr_sentiment,train
"Invincible, Vol. 1.pdf_p0447_panel_5.jpg",neutral,"ACTUALLY, I’M MEETING
AMBER FOR LUNCH. You've
SLEPT A LITTLE LATE. T’LL

SEE YOU LATER TONIGHT,
THOUGH. WE COULD
HAVE PINNER
TOGETHER.",auto_ocr_sentiment,train
"Invincible, Vol. 1.pdf_p0542_panel_2.jpg",neutral,"=y 5
Tag
TI

Ow gd
<9S
=

>
Ow
w
©
Ww
Qo
Vy

STOP IF YOU
WANT",auto_ocr_sentiment,train
"Invincible, Vol. 1.pdf_p0090_panel_4.jpg",neutral,,auto_ocr_sentiment,train
"Invincible, Vol. 1.pdf_p0608_panel_3.jpg",neutral,,auto_ocr_sentiment,train
"Invincible, Vol. 1.pdf_p0738_panel_5.jpg",neutral,"OU'RE FOOLIN
YOURSELF.",auto_ocr_sentiment,train
"Invincible, Vol. 1.pdf_p1082_panel_1.jpg",surprise,"4
. BROTHER?!",auto_ocr_sentiment,train
"Invincible, Vol. 1.pdf_p0874_panel_0.jpg",neutral,"PON’T FALL
ASLEEP OR
ANYTHING--T",auto_ocr_sentiment,train
"Invincible, Vol. 1.pdf_p0539_panel_2.jpg",sadness,"SEEING HIM IN ACTION WAS--I WAS IN AWE.
I/D SEEN HIM ON THE NEWS MILLIONS OF
TIMES WHILE GROWING UP, YOU’P THINK yy
I WOULD BE USED TO IT. Y »

‘ fs,
cS a i

BEING THERE, SEEING HIM IN PERSON--WATCHING
HIM UP CLOSE--IT WAS MESMERIZING. HE WAS
MOVING SO FAST HE WOULD JUST SEEM TO APPEAR
WHERE HE WAS NEEDED.

Pom

ae.

: See

Pf He WAS A van MACHING-- t

L DION’T SEE HIM HESITATE For hd

EVEN A SEGOND. HE TRULY WAS

a Te THE WORLD'S GREATEST HERO.
oe pre x
Ro PE I COULDN'T EVEN KEEP
1 UP WITH HIM WHEN WE
FLEW TOGETHER.

ey",auto_ocr_sentiment,train
"Invincible, Vol. 1.pdf_p0239_panel_4.jpg",neutral,,auto_ocr_sentiment,train
"Invincible, Vol. 1.pdf_p1109_panel_3.jpg",neutral,,auto_ocr_sentiment,train
"Invincible, Vol. 1.pdf_p0439_panel_2.jpg",neutral,,auto_ocr_sentiment,train
"Invincible, Vol. 1.pdf_p1055_panel_3.jpg",neutral,,auto_ocr_sentiment,train
"Invincible, Vol. 1.pdf_p0518_panel_2.jpg",neutral,,auto_ocr_sentiment,train
"Invincible, Vol. 1.pdf_p0528_panel_7.jpg",neutral,,auto_ocr_sentiment,train
"Invincible, Vol. 1.pdf_p0178_panel_0.jpg",surprise,"HMM. WASN’T
EXPECTING
THAT.

Ain’. SWwas

S YOU DOING

ABITOF AN ANYTHING TODAY?
ASS. CHAD AND I Were

GOING TO HIT THE

BURGER MART

AFTER SCHOOL.",auto_ocr_sentiment,train
"Invincible, Vol. 1.pdf_p0130_panel_3.jpg",neutral,,auto_ocr_sentiment,train
"Invincible, Vol. 1.pdf_p0306_panel_0.jpg",neutral,,auto_ocr_sentiment,train
"Invincible, Vol. 1.pdf_p0305_panel_8.jpg",neutral,"JUST NEED
TO GRAB

  
  

MY SPARE
OU COSTUME
TO GET AND TM

CE RIGHT
- FRIEND Is
DAD TOLD Me
LKEP TO HIM
ETURNING. HIS
NCE HAS Me
HAT THIS IS
:P TO YOUR
SOME WAY.
HE WAS
WITH YOUR
=R ALL
ING.",auto_ocr_sentiment,train
"Invincible, Vol. 1.pdf_p0185_panel_3.jpg",anger,"FRIEND €

JEEZ,
YOU'VE DEFEATED
US IN LESS TIME
THAN THIS. WHAT
TOOK YOU $0 LONG
WITH THIS
B0202",auto_ocr_sentiment,train
"Invincible, Vol. 1.pdf_p0095_panel_5.jpg",neutral,,auto_ocr_sentiment,train
"Invincible, Vol. 1.pdf_p0058_panel_2.jpg",neutral,,auto_ocr_sentiment,train
"Invincible, Vol. 1.pdf_p0148_panel_3.jpg",neutral,,auto_ocr_sentiment,train
"Invincible, Vol. 1.pdf_p1067_panel_4.jpg",surprise,"Ll

...20
YOU THINK
IT’S TOO

SOON?",auto_ocr_sentiment,train
"Invincible, Vol. 1.pdf_p0398_panel_1.jpg",sadness,"MY MOM’S ASLEEP
ON THE COUCH. T WAS
AFRAID WE’D WAKE

HER.

   
     
 
     
 
   
   

SHE’S
BEEN HAVING
TROUBLE
SLEEPING.",auto_ocr_sentiment,train
"Invincible, Vol. 1.pdf_p0729_panel_1.jpg",neutral,,auto_ocr_sentiment,train
"Invincible, Vol. 1.pdf_p0619_panel_5.jpg",neutral,,auto_ocr_sentiment,train
"Invincible, Vol. 1.pdf_p0799_panel_0.jpg",neutral,,auto_ocr_sentiment,train
"Invincible, Vol. 1.pdf_p0781_panel_3.jpg",neutral,,auto_ocr_sentiment,train
"Invincible, Vol. 1.pdf_p0665_panel_6.jpg",disgust,"SOKKY 10
INTERRUPT,
SIRE, BUT IT’S
URGENT!",auto_ocr_sentiment,train
"Invincible, Vol. 1.pdf_p0199_panel_3.jpg",neutral,,auto_ocr_sentiment,train
"Invincible, Vol. 1.pdf_p0938_panel_6.jpg",neutral,,auto_ocr_sentiment,train
"Invincible, Vol. 1.pdf_p0670_panel_1.jpg",neutral,"MOST OF MY
LIFE. AS YOUR
FATHER PESCRIBED
YOUR TIME KEEPING
METHODS TO
US, THREE

MONTHS.",auto_ocr_sentiment,train
"Invincible, Vol. 1.pdf_p0717_panel_2.jpg",neutral,"I’P ASK YOU TO PLEASE NOT QUESTION WW YOU HAVE ALIFE YOU

Me IN FRONT OF MY SUBJECTS, MARK. MUST RETURN TO. I
YOUR TIME HERE HAS BEENLONG--TOO REGRET IT HAS TAKEN THIS
LONG. THIS IS NOT YOUR RESPONSIBILITY LONG TO REDISCOVER THE
BR AND THE WORK YOU’VE ALREAPY DONE TECHNOLOGY TO GET YOU

x SHOULD BE MORE THAN ENOUGH HOME. YOU MUST

TO APPEASE YOUR - GO.
CONSCIENCE.

TWO MORE
WEEKS 1S NOTHING
FOR Me... I’VE ALREADY
BEEN HERE OVER A MONTH.

ON MY MOTHER’S HEAD BUT I
ASSURE YOU--IT’LL BE WORTH
IT WHEN I EXPLAIN TO HER

 

ALL THAT I’ve PONE!",auto_ocr_sentiment,train
"Invincible, Vol. 1.pdf_p0833_panel_4.jpg",neutral,,auto_ocr_sentiment,train
"Invincible, Vol. 1.pdf_p0318_panel_1.jpg",neutral,ou,auto_ocr_sentiment,train
"Invincible, Vol. 1.pdf_p0030_panel_0.jpg",anger,"22 | |
SHORTLY AFTER THE HIGH Eee
COUNCIL ane oe Bees THE
IDEA, THE D BETTERMENT
COMM MITTEE wae FORMED. i
a e
[|

Cote L
Hin

4 Ky
A i EVAR",auto_ocr_sentiment,train
"Invincible, Vol. 1.pdf_p0719_panel_3.jpg",neutral,,auto_ocr_sentiment,train
"Invincible, Vol. 1.pdf_p0829_panel_5.jpg",fear,"I CAN
UNDERSTAND
THAT.

 
 

DO YOU
HAVE TIME
TO TALK 2",auto_ocr_sentiment,train
"Invincible, Vol. 1.pdf_p0250_panel_1.jpg",joy,", ‘i
AS WE MOVED ACROSS THE GALAXY ADDING | Ka ;
CIVILIZATION AFTER CIVILIZATION TO OUR EMPIRE i | 7
IT QUICKLY ROSE THROUGH THE RANKS.

q —_ ns

     
      

 

  
  

   

 

A’) ie
\ \ A

eer \\\",auto_ocr_sentiment,train
"Invincible, Vol. 1.pdf_p0410_panel_0.jpg",joy,"NOTHING TO SEE HERE,
FOLKS! MOVE ALONG!
MOVE ALONG! THE

SHOW'S OVER!

area
Si

i

t

ff -__¢ te Sea nN
aa ral
a ES ?
: es
fj r

q",auto_ocr_sentiment,train
"Invincible, Vol. 1.pdf_p0375_panel_3.jpg",neutral,,auto_ocr_sentiment,train
"Invincible, Vol. 1.pdf_p0463_panel_1.jpg",neutral,,auto_ocr_sentiment,train
"Invincible, Vol. 1.pdf_p0538_panel_0.jpg",surprise,"rm"" vID THEY? C™EI NO--NOT UNTIL TWAS THAT’S THE THING. &@ MY MOM USED To YW LKETI SAID--7 =m]",auto_ocr_sentiment,train
"Invincible, Vol. 1.pdf_p0791_panel_0.jpg",neutral,"THIS ISN’T GOING AS
WELL AS I’P PLANNED.
YOUR SON SEEMS TO
BE MORE RESILIENT
THAN I ANTICIPATED.

MAYBE I
SHOULD LEAVE
HIM SOMEWHERE
FOR A WEEK. THAT
COULD LEAVE US
WITH ALOT OF
TIME TO SPEND
TOGETHER.",auto_ocr_sentiment,train
"Invincible, Vol. 1.pdf_p0743_panel_1.jpg",anger,"WE'VE GOT TO MAKE
THIS QUICK, PEOPLE--

SOMEONE KNOCK HIM

OUT BEFORE ANYONE
GETS KILLED! .",auto_ocr_sentiment,train
"Invincible, Vol. 1.pdf_p0444_panel_1.jpg",neutral,,auto_ocr_sentiment,train
"Invincible, Vol. 1.pdf_p0029_panel_0.jpg",neutral,"BILLIONS OF MILES FROM HERE, &
OUT IN PEEP SPACE, IS THE oe
PLANET VILTRUM, & COOL BLUE
OASIS ALONE IN A SOLAR

SYSTEM MUCH LIKE OUR OWN.",auto_ocr_sentiment,train
"Invincible, Vol. 1.pdf_p0982_panel_0.jpg",neutral,"PEYTON-NOBLE
UNIVERSITY, THE
PORMITORY OF
MARK’S GIRLFRIEND,
AMBER BENNETT.",auto_ocr_sentiment,train
"Invincible, Vol. 1.pdf_p0050_panel_0.jpg",neutral,,auto_ocr_sentiment,train
"Invincible, Vol. 1.pdf_p0403_panel_0.jpg",neutral,,auto_ocr_sentiment,train
"Invincible, Vol. 1.pdf_p0985_panel_2.jpg",neutral,"N=

i

    
  
 
 
  

I’ve
ACTUALLY --
THINK YOU WERE

IT ABOUT EVE. SHE
S LIKE ME--AND I
T KNOW--I MIGHT,
KNOW, PURSUE

THAT.",auto_ocr_sentiment,train
"Invincible, Vol. 1.pdf_p1031_panel_6.jpg",neutral,,auto_ocr_sentiment,train
"Invincible, Vol. 1.pdf_p1030_panel_1.jpg",surprise,"OF COURSE. I
JUST... I JUST
BROKE UP WITH

4ER. I STILL HAD
SOME THINGS
TO WORK OUT,
Y'KNOW?",auto_ocr_sentiment,train
"Invincible, Vol. 1.pdf_p0826_panel_0.jpg",fear,"MAN... IF I/D HAVE
GONE UP AGAINST

     
 
 

REALLY DID
SOME GOOP
ERE.

H
rte

THIS GUY if
COULD HAVE |

/ LEVELED A WHOLE
CITY IF YOU HADN/T
INTERVENED. I’M
JUST GLAD WE WERE
ABLE TO EVACUATE
THE AREA BEFORE
ANYONE WAS 7

| KILLEP.

   

PROBABLY WOULD
HAVE KICKED

  
    
 
 
   
     
  

NU Ag
NY)
ee

AY

.

Va

 
  

    
   
     
  

Vs
— i)

 

,

/

Ox

Y GLAD I COULD HELP.
YOU’VE GOT A CLEAN-
UP CREW COMING,
RIGHT? I MEAN, CAN
I GO NOW? I KINDA
HAVE SOMEWHERE
TO BE.

   
 
   

    
 

fe
Nf

  

= 47

  

  
  

  

SURE, GO
KNOCK YOURSELF
OUT. I’VE GOT AN
APPOINTMENT OF
MY OWN AS WELL--
ANP I KNOW HOW
TO REACH YOU IF
I NEED YOU.",auto_ocr_sentiment,train
"Invincible, Vol. 1.pdf_p0096_panel_0.jpg",neutral,,auto_ocr_sentiment,train
"Invincible, Vol. 1.pdf_p0525_panel_2.jpg",neutral,"THIS SUPET
SWOOPED |",auto_ocr_sentiment,train
"Invincible, Vol. 1.pdf_p0264_panel_0.jpg",neutral,,auto_ocr_sentiment,train
"Invincible, Vol. 1.pdf_p0579_panel_3.jpg",surprise,"i
os!

A",auto_ocr_sentiment,train
"Invincible, Vol. 1.pdf_p0145_panel_0.jpg",neutral,,auto_ocr_sentiment,train
"Invincible, Vol. 1.pdf_p0303_panel_2.jpg",anger,"OH, GOOP. I WAS AFRAID
YOUR VARENTS WOULD ANSWER
THE DOOR. I HADN’T COME UP
WITH A GOOD EXCUSE FOR
BEING HERE THAT DIDN’T
INVOLVE OUR MUTUAL
FRIEND BEING A
SUPERHERO.",auto_ocr_sentiment,train
"Invincible, Vol. 1.pdf_p0239_panel_3.jpg",neutral,,auto_ocr_sentiment,train
"Invincible, Vol. 1.pdf_p0410_panel_1.jpg",neutral,,auto_ocr_sentiment,train
"Invincible, Vol. 1.pdf_p0482_panel_3.jpg",anger,"AROUN? ALL YPOULING-- TOU
THE TIME! KNOW HOW
TICKLISH

 

YOU KNOW I'LL See YOU
ALL THE TIME. T’LL Be
SKIPPING CLASS LEFT
AND RIGHT SO I CAN
SPEND THE NIGHT AT
YOUR PLACE.

   
       
   
   

  
      

~ WILL YOU
NOW 4 THANKS

FOR THAT ADVANCE

. NOTICE, CASANOVA.",auto_ocr_sentiment,train
"Invincible, Vol. 1.pdf_p0760_panel_10.jpg",neutral,"TOO MUCH
INFORMATION 4",auto_ocr_sentiment,train
"Invincible, Vol. 1.pdf_p0813_panel_6.jpg",anger,"I LOVE YOU,
MARK... I HAVE
FOR AVERY LONG
TIME! YOU NEED TO
KNOW THAT! You

HAVE TO KNOW THAT
IT LOVE You! I CAN’T

LET YOU GO WITHOUT WHEN You

TELLING DISAPPEARED I
YOU. WAS PEVASTATEP--
HEARTBROKEN! I WAS

INA BAD PLACE FOR A
LONG TIME. I JUST--I
COULDN'T GET OVER THE

FACT THAT I NEVER
TOLD YOU.",auto_ocr_sentiment,train
"Invincible, Vol. 1.pdf_p0579_panel_4.jpg",neutral,,auto_ocr_sentiment,train
"Invincible, Vol. 1.pdf_p1008_panel_6.jpg",anger,"YOU COULD HURT Me
ON ACCIDENT--OR
HURT YOURSELF. IF
YOUR STRENGTH IS
ALREADY KICKING IN,
TOO--THERE’S ANY
NUMBER OF BAD
THINGS THAT COULD
HAPPEN.",auto_ocr_sentiment,train
"Invincible, Vol. 1.pdf_p0346_panel_3.jpg",neutral,"THAT’S A C.M.G. UNIT--COMPACT
MECHANICAL GILLS. WE MAKE THEM
FOR WHEN YOUR KIND COME TO
VISIT. YOU’LL NEED THEM

FROM THIS POINT ON.

QUEEN
AWAITS YOU
THROUGH
THERE.

IT AM NOT
PERMITTED TO
ENTER THE ROYAL
CHAMBEES. IT IS
FORBIDDEN.",auto_ocr_sentiment,train
"Invincible, Vol. 1.pdf_p0680_panel_0.jpg",neutral,"WHAT HAPPENED?
WHERE DIP THE
VILTRUMITE

GOOF .

WAIT HERE--
FIGURE OUT

WHERE WE CA
G0 TO KEEP

» YOU SAFE. ,

rn

ARE YOU
OKAY?

“a

re

y SHurr<

SHUFFS |

Va",auto_ocr_sentiment,train
"Invincible, Vol. 1.pdf_p0661_panel_1.jpg",neutral,,auto_ocr_sentiment,train
"Invincible, Vol. 1.pdf_p0444_panel_2.jpg",neutral,,auto_ocr_sentiment,train
"Invincible, Vol. 1.pdf_p0386_panel_5.jpg",neutral,,auto_ocr_sentiment,train
"Invincible, Vol. 1.pdf_p0389_panel_2.jpg",neutral,"PRETTY MUCH. WE’RE
TRYING TO CLEAR PATHS
FOR CONSTRUCTION
EQUIPMENT AND PILE
THE RUBBLE UV SO
THAT [T CAN BE
MOVED OUT OF
HERE.",auto_ocr_sentiment,train
"Invincible, Vol. 1.pdf_p0409_panel_4.jpg",neutral,,auto_ocr_sentiment,train
"Invincible, Vol. 1.pdf_p0337_panel_1.jpg",neutral,,auto_ocr_sentiment,train
"Invincible, Vol. 1.pdf_p0586_panel_4.jpg",anger,"FINE

WITH ME--
BUT CAN I RIDE
ON THE FLYING
THING YOU'VE

GOT THERE?

I’M KIND OF

TIRE",auto_ocr_sentiment,train
"Invincible, Vol. 1.pdf_p0124_panel_2.jpg",neutral,"OH, JEEZ... T
NEVER EVEN
REALIZED...",auto_ocr_sentiment,train
"Invincible, Vol. 1.pdf_p0573_panel_6.jpg",neutral,"HOUSE AT LEA
POOR ART SE
WAY TOO MUc
OF ME, AND

THINK CLAIR
HAS STARTE

PODGING M

CALLS...",auto_ocr_sentiment,train
"Invincible, Vol. 1.pdf_p0482_panel_2.jpg",neutral,,auto_ocr_sentiment,train
"Invincible, Vol. 1.pdf_p0650_panel_0.jpg",neutral,,auto_ocr_sentiment,train
"Invincible, Vol. 1.pdf_p0021_panel_2.jpg",neutral,,auto_ocr_sentiment,train
"Invincible, Vol. 1.pdf_p0796_panel_4.jpg",neutral,,auto_ocr_sentiment,train
"Invincible, Vol. 1.pdf_p0761_panel_8.jpg",neutral,"OKAY...
WHERE PO
I BEGIN?

SCIENCE DOG
CAME TO MY
HOUSE...",auto_ocr_sentiment,train
"Invincible, Vol. 1.pdf_p0499_panel_0.jpg",neutral,"oe an aoe ee
Ez — rd ceca ATT

_ a Pe ae
ull a

 

h wr ve a ain in
— ) vette, 1 Ne ""ih ln
g | e",auto_ocr_sentiment,train
"Invincible, Vol. 1.pdf_p0206_panel_5.jpg",neutral,,auto_ocr_sentiment,train
"Invincible, Vol. 1.pdf_p0647_panel_1.jpg",neutral,"YES, SON--

 

\ THEY Pip. /I

THINGS ARE
VERY DIFFERENT
HERE, MARK. THEIR
LIFE SVAN ACCOUNTS
FOR A GREAT MANY
. DIFFERENCES. 4

AFTER NINE
MONTHS HERE,
NO ONE WILL Be

ALIVE TO REMEMBER
HOW THEIR PLANET
WAS BEFORE MY
RULE. THINK ABOUT
THAT.

YOU OUT‘
LIVE AN ENTIRE
GENERATION
IN HALE A
YEAR.",auto_ocr_sentiment,train
"Invincible, Vol. 1.pdf_p0976_panel_4.jpg",neutral,,auto_ocr_sentiment,train
"Invincible, Vol. 1.pdf_p0759_panel_1.jpg",neutral,,auto_ocr_sentiment,train
"Invincible, Vol. 1.pdf_p1010_panel_0.jpg",neutral,"DEEP UNPERGROUNP, BENEATH
THE UNITED STATES PENTAGON.
CECIL STEPMAN HEAPS UP THE
GLOBAL DEFENSE AGENCY.

REX SPLOPE IS CURRENTLY
IN THE MEDICAL CENTER,

SEVERED HAND.",auto_ocr_sentiment,train
"Invincible, Vol. 1.pdf_p1017_panel_1.jpg",neutral,,auto_ocr_sentiment,train
"Invincible, Vol. 1.pdf_p0558_panel_1.jpg",anger,"OFF TIME IS NOT SOMETHING
OFTEN ENCOUNTERED BY
ALLEN.

ON THE RARE TIMES THAT IT |
COMES HE RETURNS TO HIS |
SANCTUARY, HIS HAVEN,

HIS REFUGE, HIS...

- GIRLFRIEND’S If |
APARTMENT! -",auto_ocr_sentiment,train
"Invincible, Vol. 1.pdf_p0959_panel_6.jpg",neutral,,auto_ocr_sentiment,train
"Invincible, Vol. 1.pdf_p1029_panel_0.jpg",neutral,,auto_ocr_sentiment,train
"Invincible, Vol. 1.pdf_p0482_panel_0.jpg",neutral,,auto_ocr_sentiment,train
"Invincible, Vol. 1.pdf_p0549_panel_2.jpg",neutral,"—
QO
za2e .
=o2
~ QaAQ
eee
=e
o
248
Wy
z
< tu
=

 

awa",auto_ocr_sentiment,train
"Invincible, Vol. 1.pdf_p0152_panel_3.jpg",neutral,,auto_ocr_sentiment,train
"Invincible, Vol. 1.pdf_p1088_panel_1.jpg",anger,"DON’T SPEAK TO
HER THAT WAY!
T’LL FINISH WHAT
I STARTED--",auto_ocr_sentiment,train
"Invincible, Vol. 1.pdf_p0605_panel_0.jpg",neutral,,auto_ocr_sentiment,train
"Invincible, Vol. 1.pdf_p0428_panel_2.jpg",neutral,,auto_ocr_sentiment,train
"Invincible, Vol. 1.pdf_p0884_panel_1.jpg",surprise,"TWO FOR
MACHINE GUN
SLAUGHTER
PLEASE.

    
       
 
   

  

THAT’S
THE ONE YOU
WANT TO SEE,
RIGHT?

  

   

OH,
YEAH--I’ve ¥
BEEN PYING",auto_ocr_sentiment,train
"Invincible, Vol. 1.pdf_p0564_panel_6.jpg",neutral,,auto_ocr_sentiment,train
"Invincible, Vol. 1.pdf_p0135_panel_0.jpg",neutral,"$0...
WHAT PO
YOU SAY?",auto_ocr_sentiment,train
"Invincible, Vol. 1.pdf_p1021_panel_5.jpg",neutral,,auto_ocr_sentiment,train
"Invincible, Vol. 1.pdf_p0621_panel_5.jpg",neutral,,auto_ocr_sentiment,train
"Invincible, Vol. 1.pdf_p0254_panel_1.jpg",joy,"WHEN I MET YOUR MOTHER I
KNEW THE ONLY WAY TO ENJOY
MY TIME HERE WAS TO ACTUALLY
LIVE AS A HUMAN.",auto_ocr_sentiment,train
"Invincible, Vol. 1.pdf_p0333_panel_0.jpg",neutral,"erage

otal
2 a
ie

|
|
7",auto_ocr_sentiment,train
"Invincible, Vol. 1.pdf_p1068_panel_1.jpg",anger,"NOLAN,
FRIEND. YOU
SEEM
TROUBLED.

{SIT THAT
TROUBLES
YOU S04",auto_ocr_sentiment,train
"Invincible, Vol. 1.pdf_p0624_panel_1.jpg",neutral,,auto_ocr_sentiment,train
"Invincible, Vol. 1.pdf_p0315_panel_2.jpg",anger,"THE PROPERTIES OF
THIS DIMENSION.

       
     
     

OVER TIME--

WE LEARNED TO
COUNTERACT THE SIDE
EFFECTS OF BEING IN
YOUR DIMENSION. AND
NOW, WITH OUR CHRONO-
BANDS... WE’LL
FINALLY HAVE OUR
REVENGE!

>

   
     
 
  

WEY

A)

=)
yg

  

V7)

le

Le

 
 
  
   

   
   

meted [1

""rose

ad

anne",auto_ocr_sentiment,train
"Invincible, Vol. 1.pdf_p0932_panel_4.jpg",neutral,"oth
bn
2
EZo
23
OFS
soz

~ 2k
HS",auto_ocr_sentiment,train
"Invincible, Vol. 1.pdf_p0816_panel_2.jpg",neutral,"CCT POs ee _ Ws £,) ei,° Ne-L
TO THAT CHAMBER--UNABLE TO
Me. I WAS TOO HIDEOUS TO HAVE y ” WANTED MORE, I
CONTACT WITH THE OUTSIDE 7 WANTED TO BE HUMAN.
WORLD--SO I DEVISED “Sy 2 «E CLONED THIS Bopy--
ANOTHER WAY. APRONE-- NS ACQUIRED YOUR AID IN
AN AUTOMATION PLACING MY
THROUGH WHICH I CONSCIOUSNESS IN
: ! COULD Live MY LIFE-- IT. SO MAKE NO
co AS SOMEONE-- ~ MISTAKE...
SOMETHING eise. | ony
\ MOVE ABOUT THE WORLD NOP IE Le
» AS IF IT WAS NORMAL, , ROBOT, YOU
. FORATIME, THAT 4 FOOLS.
» WAS ENOUGH.

I AM

 

ROBOT.",auto_ocr_sentiment,train
"Invincible, Vol. 1.pdf_p0305_panel_4.jpg",joy,"oY!
ioe

\

 
  

   

%",auto_ocr_sentiment,train
"Invincible, Vol. 1.pdf_p1000_panel_3.jpg",neutral,,auto_ocr_sentiment,train
"Invincible, Vol. 1.pdf_p0158_panel_3.jpg",neutral,,auto_ocr_sentiment,train
"Invincible, Vol. 1.pdf_p0142_panel_3.jpg",neutral,,auto_ocr_sentiment,train
"Invincible, Vol. 1.pdf_p0523_panel_10.jpg",neutral,,auto_ocr_sentiment,train
"Invincible, Vol. 1.pdf_p0583_panel_2.jpg",neutral,,auto_ocr_sentiment,train
"Invincible, Vol. 1.pdf_p0607_panel_1.jpg",surprise,"NOTRING LIKE A
NEW (SSUE OF
SCIENCE DOG

TO MAKE ME
FINP THE TIME,
Y'KNOW.

       
 

R

O.

  

baad
OO

    

rd
o_o",auto_ocr_sentiment,train
"Invincible, Vol. 1.pdf_p0502_panel_7.jpg",surprise,"TANPING
THERE WHEN
I GOT

m HERE?",auto_ocr_sentiment,train
"Invincible, Vol. 1.pdf_p0203_panel_1.jpg",neutral,,auto_ocr_sentiment,train
"Invincible, Vol. 1.pdf_p0528_panel_4.jpg",neutral,"U READY FOR

: BIG MEETING
VE? GONNA Be
> ONE. LOOKING
WARP TO YOUR

E SENTATION. a

Y- YeaH--
SURE. I’M
iota \
PREPARED. SEE |
YOU THERE,
GUYS.",auto_ocr_sentiment,train
"Invincible, Vol. 1.pdf_p0659_panel_3.jpg",neutral,"fo Rae on) a
oe ars “se
Soe . a

 

IM
XX p Non Sa",auto_ocr_sentiment,train
"Invincible, Vol. 1.pdf_p0522_panel_4.jpg",fear,"THEN--THINGS CHANGED.
HE, I DON’T KNOW, STARTED
BEING LATE ALL THE TIME.
HE ALWAYS SEEMED
LIKE HE WAS...
PREOCCUPIED.

  
  
 
  
 
    
   
    
    
   
 

TOWARDS THE

END OF OUR SENIOR
YEAR. HE’D

DISAPPEAR FOR
HOURS AT

A TIME.

  
    
     

 

HE HAD
THIS BEEPER
ALL OF A SUDPEN,
AND WAS ALWAYS",auto_ocr_sentiment,train
"Invincible, Vol. 1.pdf_p0977_panel_0.jpg",neutral,"\=""_' 19",auto_ocr_sentiment,train
"Invincible, Vol. 1.pdf_p0659_panel_0.jpg",neutral,,auto_ocr_sentiment,train
"Invincible, Vol. 1.pdf_p0362_panel_0.jpg",neutral,,auto_ocr_sentiment,train
"Invincible, Vol. 1.pdf_p0648_panel_3.jpg",neutral,,auto_ocr_sentiment,train
"Invincible, Vol. 1.pdf_p0796_panel_1.jpg",anger,"NO... LET'S GET THIS
OVER WITH. I WANT
TO GET BACK TO YOUR
MOTHER--FINISH
WHAT I STARTEP!",auto_ocr_sentiment,train
"Invincible, Vol. 1.pdf_p0222_panel_0.jpg",neutral,,auto_ocr_sentiment,train
"Invincible, Vol. 1.pdf_p0400_panel_2.jpg",neutral,,auto_ocr_sentiment,train
"Invincible, Vol. 1.pdf_p0898_panel_3.jpg",neutral,,auto_ocr_sentiment,train
"Invincible, Vol. 1.pdf_p0876_panel_6.jpg",neutral,"JEEZ,
WILLIAM--
WHERE--F |",auto_ocr_sentiment,train
"Invincible, Vol. 1.pdf_p0540_panel_0.jpg",neutral,,auto_ocr_sentiment,train
"Invincible, Vol. 1.pdf_p1023_panel_1.jpg",neutral,,auto_ocr_sentiment,train
"Invincible, Vol. 1.pdf_p0341_panel_4.jpg",neutral,"RY AMBER,
4, TO HAVE TO
11S SHORT.
- GOT TO

GO.",auto_ocr_sentiment,train
"Invincible, Vol. 1.pdf_p0880_panel_2.jpg",neutral,,auto_ocr_sentiment,train
"Invincible, Vol. 1.pdf_p0759_panel_7.jpg",neutral,,auto_ocr_sentiment,train
"Invincible, Vol. 1.pdf_p0066_panel_2.jpg",neutral,,auto_ocr_sentiment,train
"Invincible, Vol. 1.pdf_p1062_panel_4.jpg",anger,"1/

§ w,
STRENGTH WILL “Se
BE auiTe USEFUL
VERY SOON. YOU Jae
MAY EVEN SuURvive #
PRISON LONG
ENOUGH TO BE
BROUGHT TO",auto_ocr_sentiment,train
"Invincible, Vol. 1.pdf_p0176_panel_0.jpg",neutral,,auto_ocr_sentiment,train
"Invincible, Vol. 1.pdf_p0393_panel_0.jpg",neutral,,auto_ocr_sentiment,train
"Invincible, Vol. 1.pdf_p0614_panel_0.jpg",anger,"THIS IS IT. YOU YOU TALKED TO HIM
GOING TO DO THE LAST NIGHT. YOu
A TALKING? I DON’T SHOULD DO THE
. KNOW THIS TALKING. WHAT ARE

a YOU--SHY ALL OF
A SUPPEN?

ef

nt a

y NO, IT’S
UUST, ALL RICK
EVER TALKED
ABOUT WAS HOW
MUGH OF A JERK
THIS GUY WAS...
T DON’T--",auto_ocr_sentiment,train
"Invincible, Vol. 1.pdf_p0982_panel_2.jpg",surprise,"IT’S JUST A MOVIE,
AMBER. AGOOP Movie
FROM WHAT I HEAR, TOO.
WE'VE GONE OUT BEFORE.

I DON’T SEE WHAT THE
BIG DEAL IS.

/ THE BIG DEAL,
GARY--IS THAT
I HAVE A
BOYFRIEND.
WE'VE BEEN
OVER THIS.

; SEEN A COUPLE
Movies, YEAH. WE

WORK ON HOMEWORK
TOGETHER, SURE.
BUT, I DON’T KNOW...
IT'S STARTING TO
SEEM LIKE IT’S",auto_ocr_sentiment,train
"Invincible, Vol. 1.pdf_p0875_panel_4.jpg",neutral,,auto_ocr_sentiment,train
"Invincible, Vol. 1.pdf_p0611_panel_9.jpg",neutral,,auto_ocr_sentiment,train
"Invincible, Vol. 1.pdf_p0810_panel_0.jpg",anger,"JUST KEEP IGNORING YX

THE FACT THAT YOU JUST

KILLED SOMEONE. THAT’S
HELPING YOU KEEP IT 4

; TOGETHER.

. a ALTHOUGH,

I DON’T THING ‘©
TALKING TO
YOURSELF IS THE
BEST THING

TO DO RIGHT
Now.",auto_ocr_sentiment,train
"Invincible, Vol. 1.pdf_p1081_panel_3.jpg",neutral,,auto_ocr_sentiment,train
"Invincible, Vol. 1.pdf_p0113_panel_4.jpg",neutral,,auto_ocr_sentiment,train
"Invincible, Vol. 1.pdf_p1008_panel_5.jpg",anger,DANGEROUS 4,auto_ocr_sentiment,train
"Invincible, Vol. 1.pdf_p0147_panel_2.jpg",neutral,,auto_ocr_sentiment,train
"Invincible, Vol. 1.pdf_p0762_panel_5.jpg",neutral,,auto_ocr_sentiment,train
"Invincible, Vol. 1.pdf_p0648_panel_0.jpg",neutral,,auto_ocr_sentiment,train
"Invincible, Vol. 1.pdf_p1061_panel_2.jpg",neutral,,auto_ocr_sentiment,train
"Invincible, Vol. 1.pdf_p0902_panel_4.jpg",anger,"YOU WILL
NOT HAVE A AS LONG
Y CRIMINAL RECORD-- AS YOU
YOU WILL NOT FACE p~ccertT OUR
INCARCERATION-- TERMS.

YOU WILL NOT BE
PUNISHED IN
ANY WAY.",auto_ocr_sentiment,train
"Invincible, Vol. 1.pdf_p0397_panel_3.jpg",fear,"SURE, L’D LOVE TO. I’M
ON A HORRIBLE sLeer
SCHEDULE ANYWAY. I’ve
REALLY BEEN SPOILING |

MYSELF WITH ALL = y
THIS MISSED
SCHOOL.

I DON’T
KNOW HOW
I’M GOING TO
Be ABLE",auto_ocr_sentiment,train
"Invincible, Vol. 1.pdf_p0048_panel_5.jpg",neutral,,auto_ocr_sentiment,train
"Invincible, Vol. 1.pdf_p0526_panel_6.jpg",fear,"TEACHEK WAS THE
KINETIC KILLER--

HE WAS PRETTY
SMALL TIME
THOUGH.",auto_ocr_sentiment,train
"Invincible, Vol. 1.pdf_p0931_panel_3.jpg",neutral,,auto_ocr_sentiment,train
"Invincible, Vol. 1.pdf_p1048_panel_1.jpg",neutral,,auto_ocr_sentiment,train
"Invincible, Vol. 1.pdf_p0711_panel_1.jpg",neutral,"Ar ES A
mK

ti Saat

 

Rid r rf |
SAA USL
>. ao Ug",auto_ocr_sentiment,train
"Invincible, Vol. 1.pdf_p0549_panel_0.jpg",neutral,,auto_ocr_sentiment,train
"Invincible, Vol. 1.pdf_p0688_panel_4.jpg",neutral,,auto_ocr_sentiment,train
"Invincible, Vol. 1.pdf_p1010_panel_5.jpg",neutral,"L CNOW YOU
ALWAYS KINDA
HAP A THING HE

FOR HIM. HEe’S TOLt
A, GOOP GUY-- BR
YOU SHOULD WI
GO FOR IT.",auto_ocr_sentiment,train
"Invincible, Vol. 1.pdf_p0515_panel_0.jpg",surprise,"¥ WOW, IDION’TEVEN ¥
KNOW THAT PLACE was J
THERE. THANKS FOR |
TAKING ME THERE, 4
GUYS.",auto_ocr_sentiment,train
"Invincible, Vol. 1.pdf_p0065_panel_0.jpg",neutral,,auto_ocr_sentiment,train
"Invincible, Vol. 1.pdf_p0675_panel_1.jpg",neutral,,auto_ocr_sentiment,train
"Invincible, Vol. 1.pdf_p0552_panel_8.jpg",anger,"HIS REAL MISSION WAS TO SEARCH
FOR BEINGS STRONG ENOUGH TO
PEFEAT HIM AND REPORT THEIR
EXISTENCE TO THE COALITION.",auto_ocr_sentiment,train
"Invincible, Vol. 1.pdf_p0885_panel_3.jpg",joy,"Hey,
Buppy! %
LISTEN TO
THE KID
ALREAPY!",auto_ocr_sentiment,train
"Invincible, Vol. 1.pdf_p0788_panel_3.jpg",neutral,"DON’T DON’T §&
Move! EVE
BLI

N
NK!",auto_ocr_sentiment,train
"Invincible, Vol. 1.pdf_p0327_panel_5.jpg",neutral,,auto_ocr_sentiment,train
"Invincible, Vol. 1.pdf_p0667_panel_3.jpg",neutral,,auto_ocr_sentiment,train
"Invincible, Vol. 1.pdf_p0661_panel_4.jpg",neutral,"QULUN'T

TELL HIM ABOUT
HIS SUIT IF I
WERE YOU.",auto_ocr_sentiment,train
"Invincible, Vol. 1.pdf_p0725_panel_1.jpg",neutral,"LI DO NOT
SEE IT. IT IS
CLEAR TO ME
THAT YOU ARE
THE CLONE
AND IT AM THE
ORIGINAL.",auto_ocr_sentiment,train
"Invincible, Vol. 1.pdf_p0624_panel_0.jpg",anger,"I DON’T CARE.
I’M GOING TO
DO THE RIGHT

   
     

   

KID,
THIS IS
WRONG FOR

SO MANY
REASONS.",auto_ocr_sentiment,train
"Invincible, Vol. 1.pdf_p0259_panel_2.jpg",sadness,"HONESTLY, I WAS HAPPY IN
MY NEW LIFE... BUT I KNEW
IT COULPN’T LAST.",auto_ocr_sentiment,train
"Invincible, Vol. 1.pdf_p0681_panel_3.jpg",neutral,"MY V ’
sol DONT. REALLY NEED IT.
50 I FIGURED I’p SEE

IF THIS COSTUME

WOULP STILL

ORK.",auto_ocr_sentiment,train
"Invincible, Vol. 1.pdf_p0560_panel_3.jpg",neutral,,auto_ocr_sentiment,train
"Invincible, Vol. 1.pdf_p0774_panel_7.jpg",neutral,,auto_ocr_sentiment,train
"Invincible, Vol. 1.pdf_p0933_panel_0.jpg",neutral,"LOCATION IN UTAH.
; a, is
THE SECRET MOUNTAIN

BASE OF THE GUARDIANS
OF THE GLOBE.

  

| AN UNPISCLOSED |
_",auto_ocr_sentiment,train
"Invincible, Vol. 1.pdf_p0797_panel_2.jpg",neutral,,auto_ocr_sentiment,train
"Invincible, Vol. 1.pdf_p0920_panel_2.jpg",neutral,"I’M

5
ei
ro
Sq
dee
ke

Oo
Ww
>
Ww
=
My
v4",auto_ocr_sentiment,train
"Invincible, Vol. 1.pdf_p0132_panel_3.jpg",neutral,,auto_ocr_sentiment,train
"Invincible, Vol. 1.pdf_p0699_panel_4.jpg",neutral,,auto_ocr_sentiment,train
"Invincible, Vol. 1.pdf_p0240_panel_2.jpg",neutral,,auto_ocr_sentiment,train
"Invincible, Vol. 1.pdf_p0688_panel_5.jpg",neutral,"|
|
|

ee
4

ONCE YOU DIDN'T

’ IMMEDIATELY RETURN
EROM THE CAV

ES--T
CAME TO FINP YOU.
THEY ARE NO POUBT

CIRCLING THE PLANET /#

IN SEARCH OF ME.
STAY LOW, LIKE
_ BEFORE.

Zs NM
17",auto_ocr_sentiment,train
"Invincible, Vol. 1.pdf_p0731_panel_6.jpg",sadness,"MAN... I'M KINDA
WORRIED Now.
MAYBE I’LL SEE IF
THERE’S ANYTHING
I CAN BO TO

HELP OUT.
2

 
 
    
     
   
  
 

ILL BE
BACK SOON
I’ve Gotta da
SEE AMBER NOW,
LET HER KNOW",auto_ocr_sentiment,train
"Invincible, Vol. 1.pdf_p0059_panel_0.jpg",surprise,"HEY,
MARK. WHAT
ARE YOU
DOING?",auto_ocr_sentiment,train
"Invincible, Vol. 1.pdf_p0678_panel_5.jpg",neutral,,auto_ocr_sentiment,train
"Invincible, Vol. 1.pdf_p0744_panel_2.jpg",neutral,,auto_ocr_sentiment,train
"Invincible, Vol. 1.pdf_p1111_panel_1.jpg",neutral,,auto_ocr_sentiment,train
"Invincible, Vol. 1.pdf_p1002_panel_7.jpg",neutral,,auto_ocr_sentiment,train
"Invincible, Vol. 1.pdf_p1008_panel_2.jpg",sadness,"YOU 100, =r
OLIVER,

    
  
 
   
   
     

  

SORRY, I
JUST CAN’T
HELP IT. (IT’S
SO MUCH FUN
I DON’T WANT",auto_ocr_sentiment,train
"Invincible, Vol. 1.pdf_p0498_panel_0.jpg",neutral,""" WHAT WAS
THAT YOUNG

2D. OU ""
HAVE SOMETHING
YOU’D LIKE To '
ADP TO MY

    

LECTURE?",auto_ocr_sentiment,train
"Invincible, Vol. 1.pdf_p0764_panel_3.jpg",surprise,"wow--YoOU
GUYS GOT UP",auto_ocr_sentiment,train
"Invincible, Vol. 1.pdf_p0017_panel_2.jpg",neutral,"THEY’RE
SOLAR BATTERIES.
I VESIGNED THAT

COSTUME BACK WHEN
I WAS UNDER THE
IMPRESSION THAT YOU
AND YOUR DAD’S

POWERS WERE SOLAR f
POWER BASED. 4",auto_ocr_sentiment,train
"Invincible, Vol. 1.pdf_p1001_panel_2.jpg",surprise,"YOU'RE
KIDDING,
RIGHT?

DIDN'T
YOU SAY
YOU’VE BEEN
WATCHING

THE NEWS?",auto_ocr_sentiment,train
"Invincible, Vol. 1.pdf_p0518_panel_7.jpg",neutral,,auto_ocr_sentiment,train
"Invincible, Vol. 1.pdf_p0089_panel_5.jpg",neutral,,auto_ocr_sentiment,train
"Invincible, Vol. 1.pdf_p0660_panel_0.jpg",anger,"--I WOKE UP TO
COVERAGE OF THIS
ORDEAL ON THE NEWS.
YOU MIND IF I ECIL
BUTT IN TELEPORTED ME
a ey RIGHT OVER--I’D
Y> IT SEEMS HATE TO WASTE ALL
I'VE BEEN OUT THAT TECHNOLOGY
OF COMMISSION THAT BROUGHT

FOR AWHILE. T’> Py ME HERE.
LIKE TO GET BACK iim _.
INTO THE SWING ‘
OF THING

‘a",auto_ocr_sentiment,train
"Invincible, Vol. 1.pdf_p0509_panel_1.jpg",sadness,"\f

H -A
IDEA WHAT
Mri THEY'RE UP J
PA TO?

) MONTHS £60, AND We've
\ BEEN UNABLE TO LOCATE
m THEM UNTILNOW. ff",auto_ocr_sentiment,train
"Invincible, Vol. 1.pdf_p0013_panel_3.jpg",neutral,"Wy
3
oO
<
ow
~ Ww
Zz
3
2
>
Zz

YET...

Fi -",auto_ocr_sentiment,train
"Invincible, Vol. 1.pdf_p1098_panel_1.jpg",neutral,,auto_ocr_sentiment,train
"Invincible, Vol. 1.pdf_p0072_panel_1.jpg",disgust,"- Ire NUSSING
TUDENTS
ROM MY
CHOOL!",auto_ocr_sentiment,train
"Invincible, Vol. 1.pdf_p0479_panel_4.jpg",neutral,"IT’S eS

REALLY.",auto_ocr_sentiment,train
"Invincible, Vol. 1.pdf_p0727_panel_1.jpg",neutral,\/,auto_ocr_sentiment,train
"Invincible, Vol. 1.pdf_p0739_panel_6.jpg",anger,"IT ALL MADE A
WHOLE LOT OF
SENSE--AND I’D
HAD A COUPLE
HOURS TO GET
ATTACHED TO
THE LITTLE
BUGGER.",auto_ocr_sentiment,train
"Invincible, Vol. 1.pdf_p0657_panel_3.jpg",neutral,,auto_ocr_sentiment,train
"Invincible, Vol. 1.pdf_p0139_panel_4.jpg",surprise,"THIS LpRpaeoa

  
 

POW eho ‘oni AS

TAT Tey

 
  

_ ty
. or, SC
NOT.",auto_ocr_sentiment,train
"Invincible, Vol. 1.pdf_p0684_panel_6.jpg",neutral,"FOR THE
FIRST TIME,
WE’RE GOING TO
KNOW EXACTLY
WHO IS THE COPY--",auto_ocr_sentiment,train
"Invincible, Vol. 1.pdf_p0245_panel_1.jpg",neutral,"IT WAS DECIDED
THAT IN ORDER
5| FOR OUR PEOPLE
5 TO OBTAIN
INTERGALACTIC
DOMINANCE WE
MUST ELIMINATE

HE WEAK FRO

OUR PLA

IT WAS A VERY
MESSY PROCESS.",auto_ocr_sentiment,train
"Invincible, Vol. 1.pdf_p0893_panel_0.jpg",neutral,,auto_ocr_sentiment,train
"Invincible, Vol. 1.pdf_p0814_panel_1.jpg",neutral,,auto_ocr_sentiment,train
"Invincible, Vol. 1.pdf_p0867_panel_3.jpg",neutral,,auto_ocr_sentiment,train
"Invincible, Vol. 1.pdf_p0629_panel_0.jpg",neutral,"SURE, LET'S GO--POINT
ME IN THE DIRECTION OF
THIS THREAT YOU
COULDN'T TELL ME ABOUT ,
ON THE WAY HERE.
TRUTH BETOLD, I'D &
LKE TO GET ,
TO IT.

hi

Sot
CAN GET WN
BACK HOME \\
AND ALL--
YOU UNPER-
STAND.",auto_ocr_sentiment,train
"Invincible, Vol. 1.pdf_p0008_panel_4.jpg",neutral,,auto_ocr_sentiment,train
"Invincible, Vol. 1.pdf_p0522_panel_0.jpg",neutral,,auto_ocr_sentiment,train
"Invincible, Vol. 1.pdf_p0544_panel_9.jpg",neutral,"ANV THAIS
WHY YOU HAVE
THE BEEPER.
YOU’RE NOT
SELLING
PRUGS.",auto_ocr_sentiment,train
"Invincible, Vol. 1.pdf_p0494_panel_3.jpg",joy,"I'M GOOD. I'M
GOING TO BE OUT

     

OF HERE INA",auto_ocr_sentiment,train
"Invincible, Vol. 1.pdf_p0739_panel_11.jpg",neutral,,auto_ocr_sentiment,train
"Invincible, Vol. 1.pdf_p0975_panel_3.jpg",anger,"m YOU VON'T HAVE
ENOUGH FIGHT
4 LEFT IN YOU FOR",auto_ocr_sentiment,train
"Invincible, Vol. 1.pdf_p0144_panel_2.jpg",neutral,,auto_ocr_sentiment,train
"Invincible, Vol. 1.pdf_p0119_panel_2.jpg",neutral,"AT LEAST MAKE
SURE YOU
RINSE YOUR
PLATE.",auto_ocr_sentiment,train
"Invincible, Vol. 1.pdf_p0702_panel_2.jpg",anger,"GOT A SECONP.
ARE YOU
OKAY 4

THINK SO.
YEAH.

WHAT ARE
YOU POING OUT
THERE? YOU NEEP TO
FIGHT FAST. YOU CAN’T
GIVE THEM A SECOND TO
ANTICIPATE YOUR ATTACK--
YOU CAN'T TAKE THE TIME
TO THINK. YOU JUST ACT
, AND IF YOU'RE LUCKY
I CAN'T-- ENOUGH TO LAND
THEYRE JUST A BLOW--ACT
TOO FAST. I’M AGAIN.
TRYING BUTI
CAN'T, I’M JUST
NOT USEP TO
THIS. I--I DON’T
THINK I’M
» «READY.",auto_ocr_sentiment,train
"Invincible, Vol. 1.pdf_p0142_panel_1.jpg",neutral,,auto_ocr_sentiment,train
"Invincible, Vol. 1.pdf_p0717_panel_3.jpg",anger,"GO, MARK. YOU
MUST GO AND
BE WITH YOUR

PEOPLE.

IF FOR NO
OTHER REASON
THAN YOU
REMIND ME OF
HIM--OF WHAT

I LOST--",auto_ocr_sentiment,train
"Invincible, Vol. 1.pdf_p0718_panel_0.jpg",neutral,"WHAT IS IT

YOUR
BROTHER.",auto_ocr_sentiment,train
"Invincible, Vol. 1.pdf_p1072_panel_0.jpg",neutral,,auto_ocr_sentiment,train
"Invincible, Vol. 1.pdf_p1002_panel_2.jpg",anger,"GET SOME CLOTHES
BEFORE I HEAD BACK
TO SCHOOL. I JUST
RUINED ANOTHER
, COSTUME. IF I FLEW

BACK IN THAT ONE

I’D ARRive
NAKED.",auto_ocr_sentiment,train
"Invincible, Vol. 1.pdf_p1101_panel_0.jpg",neutral,,auto_ocr_sentiment,train
"Invincible, Vol. 1.pdf_p0202_panel_4.jpg",neutral,,auto_ocr_sentiment,train
"Invincible, Vol. 1.pdf_p0492_panel_2.jpg",neutral,"a
ey
a

i
M4 5
oe *
CS ~ oe
Ul eres ies
Ul} coy Mees

f
OFF
if

wae4
oh

}
(",auto_ocr_sentiment,train
"Invincible, Vol. 1.pdf_p0434_panel_0.jpg",anger,"a

T APOLOGIZE FOR THE ST |
ATTACK. THE SEQUIPS oe |
SPAT
2 PAL Ai NS

IN THAT SHIP. }
WE'VE TAKEN
THEM INTO
x CUSTODY.",auto_ocr_sentiment,train
"Invincible, Vol. 1.pdf_p0583_panel_1.jpg",neutral,,auto_ocr_sentiment,train
"Invincible, Vol. 1.pdf_p0502_panel_1.jpg",disgust,"WE DON’T USE
THAT TERM. IT’S
PEMEANING.",auto_ocr_sentiment,train
"Invincible, Vol. 1.pdf_p0767_panel_0.jpg",neutral,,auto_ocr_sentiment,train
"Invincible, Vol. 1.pdf_p0670_panel_0.jpg",neutral,,auto_ocr_sentiment,train
"Invincible, Vol. 1.pdf_p0526_panel_1.jpg",anger,"NO--HE CAN’T BE.
HE ONE THAT SAVED
ME WAS THAT KID--

INVINCIBLE.

HE NEW ONE. HE HAD
HAT BIG FIGHT WITH
11S EVIL SUPERHERO

DAD. REMEMBER?

IT
HAPPENED
RIGHT AROUND
THE TIME THAT-- |",auto_ocr_sentiment,train
"Invincible, Vol. 1.pdf_p1064_panel_1.jpg",neutral,"ad

 

 

id
7",auto_ocr_sentiment,train
"Invincible, Vol. 1.pdf_p0812_panel_0.jpg",surprise,"WHAT
HAPPENED
TO YOU

GUYS?",auto_ocr_sentiment,train
"Invincible, Vol. 1.pdf_p0373_panel_3.jpg",fear,"Yeo, ANV WE
HAVE WORK TO DO.
THE BOY IS RUNNING
THROUGH HIS SPIEL

IN TIMES SQUARE
AGAIN.

 
   
   

DO WE KNOW
OF OMNI-MAN’S

CURRENT
WHEREABOUTS?

    
   
    
   

y WE NEED TO
7 FIGURE OUT A WAY
TO TRACK HIM. THERE

| fal ARE ONLY TWo OF THEM,
oh IF WE COULD MONITOR

THEIR MOVEMENT
WE COULD USE
JT THAT TO OUR
ADVANTAGE.",auto_ocr_sentiment,train
"Invincible, Vol. 1.pdf_p0025_panel_0.jpg",neutral,"|
:
|
|
|
|
|
;

i
———
Leeann anengnengalaungemmel

=|
ir
|
td
yd
iL
=:

i
. i

H Le)

Hirt

a |",auto_ocr_sentiment,train
"Invincible, Vol. 1.pdf_p0120_panel_3.jpg",neutral,,auto_ocr_sentiment,train
"Invincible, Vol. 1.pdf_p0813_panel_1.jpg",neutral,,auto_ocr_sentiment,train
"Invincible, Vol. 1.pdf_p0386_panel_0.jpg",neutral,,auto_ocr_sentiment,train
"Invincible, Vol. 1.pdf_p0542_panel_7.jpg",surprise,"L

ST.
WHEN HE FC
SAW THAT I
WAS THERE--
HE JUST LOOKED
AT ME, LIKE
HE WAS AS
SHOCKED AS",auto_ocr_sentiment,train
"Invincible, Vol. 1.pdf_p0894_panel_5.jpg",disgust,SWEAR!,auto_ocr_sentiment,train
"Invincible, Vol. 1.pdf_p0575_panel_2.jpg",neutral,,auto_ocr_sentiment,train
"Invincible, Vol. 1.pdf_p0088_panel_3.jpg",neutral,,auto_ocr_sentiment,train
"Invincible, Vol. 1.pdf_p0068_panel_3.jpg",neutral,,auto_ocr_sentiment,train
"Invincible, Vol. 1.pdf_p1096_panel_0.jpg",neutral,"=
:
W
3
S
3)",auto_ocr_sentiment,train
"Invincible, Vol. 1.pdf_p0774_panel_4.jpg",neutral,,auto_ocr_sentiment,train
"Invincible, Vol. 1.pdf_p0682_panel_5.jpg",fear,"DO YOU KNOW WHY
I NEVER VISITER YOU?
WHY I NEVER REALLY
GOT TO KNOW ANY OF THE
ORIGINAL GUARDIANS?
WHY I WAS SO DISTANT--
DISCONNECTED?

Co YOU KNOW
NTT TL MY HISTORY, THE
THINGS I’VE BEEN
THROUGH, HOW LONG
I’VE BEEN AROUND. YOU
KNOW EVERYTHING.
YOU ALL PIP. STILL,
YOU NEVER QUITE
UNPERSTOOP.

 
 
 
 
 
 
  
  
  
  
 
 
 
 
 
 
 
  
  
 
 
 
 
 
 
 
   

   
  
  
 
 

 

T’VE SEEN
THOUSANPS DIE.
MANY OF THEM VERY
CLOSE TO ME. I’VE LOST
HUNDREDS OF WIVES,
FRIENDS--EVEN THE
ENEMIES STARTED
GETTING TO ME AFTER A
WHILE, AND I WANTEP
SOME OF THEM

DEAD.",auto_ocr_sentiment,train
"Invincible, Vol. 1.pdf_p0428_panel_6.jpg",neutral,,auto_ocr_sentiment,train
"Invincible, Vol. 1.pdf_p0518_panel_3.jpg",neutral,,auto_ocr_sentiment,train
"Invincible, Vol. 1.pdf_p1078_panel_3.jpg",neutral,,auto_ocr_sentiment,train
"Invincible, Vol. 1.pdf_p0308_panel_4.jpg",neutral,"DON’T GE.

YOU HAD NO PART IN IT.
FROM THE SOUNDS OF IT...
I’M THE ONE THAT SHOULD
BE APOLOGIZING TO YOU. IF

T HAD CHECKED MY RECORDS
BEFORE I LEFT HERE, I

MIGHT HAVE SEEN THAT
EARTH HAD BEEN FLAGGED

AS BEING PREPPED FOR

A VILTRUMITE
TAKEOVER.",auto_ocr_sentiment,train
"Invincible, Vol. 1.pdf_p0080_panel_0.jpg",neutral,"SO, MARK... WHAT
DO YOU THINK OF

ALL THIS?

I CAN’T
BELIEVE THEY
EXPECT US TO

EAT BOILED
CHICKEN FOR
LUNCH... IT’S

INHUMANE.

NO...
THIS MALL
BOMBING
STUFF.",auto_ocr_sentiment,train
"Invincible, Vol. 1.pdf_p0061_panel_3.jpg",neutral,,auto_ocr_sentiment,train
"Invincible, Vol. 1.pdf_p0640_panel_0.jpg",neutral,,auto_ocr_sentiment,train
"Invincible, Vol. 1.pdf_p0484_panel_1.jpg",neutral,,auto_ocr_sentiment,train
"Invincible, Vol. 1.pdf_p1104_panel_7.jpg",neutral,,auto_ocr_sentiment,train
"Invincible, Vol. 1.pdf_p0866_panel_4.jpg",neutral,,auto_ocr_sentiment,train
"Invincible, Vol. 1.pdf_p1064_panel_4.jpg",neutral,,auto_ocr_sentiment,train
"Invincible, Vol. 1.pdf_p0832_panel_4.jpg",neutral,"I’M GOING
TO GET HER",auto_ocr_sentiment,train
"Invincible, Vol. 1.pdf_p0699_panel_3.jpg",neutral,,auto_ocr_sentiment,train
"Invincible, Vol. 1.pdf_p0104_panel_1.jpg",neutral,,auto_ocr_sentiment,train
"Invincible, Vol. 1.pdf_p0931_panel_0.jpg",neutral,,auto_ocr_sentiment,train
"Invincible, Vol. 1.pdf_p0683_panel_4.jpg",neutral,"\
SSX

tga
ff
-_

oo. , a . es
_— eo m_ . rN Sod",auto_ocr_sentiment,train
"Invincible, Vol. 1.pdf_p0010_panel_4.jpg",neutral,,auto_ocr_sentiment,train
"Invincible, Vol. 1.pdf_p0685_panel_1.jpg",neutral,"7
TUL",auto_ocr_sentiment,train
"Invincible, Vol. 1.pdf_p0113_panel_5.jpg",neutral,"JEEZ, THEY
VDIDN‘T PREPARE YOU
AT ALL. THEY HAD THE
SCHEDULE WELL IN
ADVANCE.

I DON’T
EVEN KNOW
WHERE TO

BEGIN...",auto_ocr_sentiment,train
"Invincible, Vol. 1.pdf_p0455_panel_6.jpg",neutral,,auto_ocr_sentiment,train
"Invincible, Vol. 1.pdf_p0381_panel_5.jpg",neutral,"I HAVE
TO PO
SOMETHING.",auto_ocr_sentiment,train
"Invincible, Vol. 1.pdf_p0448_panel_2.jpg",neutral,,auto_ocr_sentiment,train
"Invincible, Vol. 1.pdf_p0551_panel_4.jpg",neutral,"Y
SN
BOX< ke

y=
a
Oa

— {~",auto_ocr_sentiment,train
"Invincible, Vol. 1.pdf_p0665_panel_4.jpg",anger,"AdIVe ANY WAICH
N THEM MURDER
A BABY?!",auto_ocr_sentiment,train
"Invincible, Vol. 1.pdf_p0287_panel_0.jpg",neutral,,auto_ocr_sentiment,train
"Invincible, Vol. 1.pdf_p1029_panel_4.jpg",neutral,,auto_ocr_sentiment,train
"Invincible, Vol. 1.pdf_p0199_panel_5.jpg",neutral,,auto_ocr_sentiment,train
"Invincible, Vol. 1.pdf_p0572_panel_10.jpg",neutral,"y ATA \
AGE FOR THAT--JUST
BE CAREFUL. YOU SEEM
HAPPY. IT’S 4 GOOD
LOOK FOR YOU--A
WELCOME
CHANGE.",auto_ocr_sentiment,train
"Invincible, Vol. 1.pdf_p0983_panel_4.jpg",anger,"IT THOUGHT
WE WOULP HAVE
MORE TIME
TOGETHER.",auto_ocr_sentiment,train
"Invincible, Vol. 1.pdf_p0405_panel_4.jpg",anger,"I’M WORRIED
ABOUT COLLEGE--
NEW SCHOOL, NEw

ENVIRONMENT. AND I
KNOW I WOULD HAVE

 

NOT HAP TROUBLE
ATION GRADUATING IF I
5 OVER

ONE. I” TO CATGH UP.
HAPPENS",auto_ocr_sentiment,train
"Invincible, Vol. 1.pdf_p0303_panel_0.jpg",neutral,"r
By

—o",auto_ocr_sentiment,train
"Invincible, Vol. 1.pdf_p0986_panel_4.jpg",neutral,go 7,auto_ocr_sentiment,train
"Invincible, Vol. 1.pdf_p0107_panel_2.jpg",neutral,"CAN I HEAR
YOU IN MY

YOU SPEAK

ENGLISH? C )

KNOW OF A BETTER
WAY OF SUBSPACE
COMMUNICATION, I'D
LOVE TO HEAR IT.
THIS ALWAYS GIVES
Me A MASSIVE
HEADACHE!",auto_ocr_sentiment,train
"Invincible, Vol. 1.pdf_p0019_panel_3.jpg",neutral,WANE,auto_ocr_sentiment,train
"Invincible, Vol. 1.pdf_p0508_panel_0.jpg",neutral,"a

~
COMPLETELY
BLACK? YOU
COULON’T SEE
ANYTHING?",auto_ocr_sentiment,train
"Invincible, Vol. 1.pdf_p1026_panel_3.jpg",neutral,"tw
a
ws

~
<

a",auto_ocr_sentiment,train
"Invincible, Vol. 1.pdf_p0884_panel_5.jpg",fear,"WHY DON’T YOU JUST
CUT Me SOME SLACK AND
SELL ME THE STUPID
TICKETS?

   

RLERIEND SOT
AND NOT BE

 
      
 
 
 
 
 
 
   

” THINGS WERE
GOING GREAT UNTIL
YOU HAD TO TAKE THE
TIME TO EMBARRASS
ME--SO THANKS
FOR THAT.",auto_ocr_sentiment,train
"Invincible, Vol. 1.pdf_p0916_panel_1.jpg",joy,"NOW THAT
UizAber ems BECOME A
COMMANP--AND ""4
FORCE TOBE 4
KING LICARPIBNG =| RECKONED ff
WITH!

   

ad “=
Too N T
LONG HAS THIS |
ORGANIZATION . “i
BEEN A FAILURE-- = ..
A JOKE! 2
eee’ ONO 0 x
, i

E
O LEAD US FROM
PRISON--WE
CAN MAKE A
CHANGE!",auto_ocr_sentiment,train
"Invincible, Vol. 1.pdf_p0552_panel_7.jpg",fear,"Leno \' Z
Ai?

LCA ZA

 

LA Goll
ae
aS

> Ssh
ay 2",auto_ocr_sentiment,train
"Invincible, Vol. 1.pdf_p0571_panel_0.jpg",surprise,"y YEAH, ITWANTEP TO N
SIMPLIFY THE DESIGN
HEY, A BIT. SIMPLE IS IN THIS
UH--YOU YEAR, Y'KNOW. THAT

CHANGED LITTLE SQUARE OF BLACK
MY CLOTH SHOWING THROUGH
BOOTS? DIDN'T MAKE A WHOLE LOT
OF SENSE--IT WAS KINDA

LIKE SAYING “LOOK, WEAK

SPOT HERE” OR
SOMETHING.

ALSO, IT’S
ALOT EASIER
TO SUPPORT
THE KNEEPAD
NOW THAT
THERE’S A
WHOLE BOOT
UNDER IT.",auto_ocr_sentiment,train
"Invincible, Vol. 1.pdf_p0477_panel_0.jpg",neutral,LL,auto_ocr_sentiment,train
"Invincible, Vol. 1.pdf_p0830_panel_6.jpg",neutral,"IT’S
NOT THAT
SIMPLE.",auto_ocr_sentiment,train
"Invincible, Vol. 1.pdf_p0440_panel_3.jpg",neutral,,auto_ocr_sentiment,train
"Invincible, Vol. 1.pdf_p0640_panel_1.jpg",neutral,"YOU SO MUCH «
IMPLY SOMETH
LIKE THAT AGAIN
MY SON WILL NEI
PO ANYTHING
FOR YOU.

THINKIN",auto_ocr_sentiment,train
"Invincible, Vol. 1.pdf_p0994_panel_1.jpg",anger,"ARE YOU
GOING TO BE

UNTIL THEY
ARRIVE?

TANKS 2!
SOLDIERS?!
YOU'RE WASTING
YOUR TIME!!! I’M
100 STRONG!

CAN'T BE
STOPPED!",auto_ocr_sentiment,train
"Invincible, Vol. 1.pdf_p0839_panel_0.jpg",neutral,"WHAT WERE
THESE BOOKS
ABOUT?",auto_ocr_sentiment,train
"Invincible, Vol. 1.pdf_p0958_panel_2.jpg",neutral,"WAS MY BOSS
FROM WORK.
SOME GUYS
UP AND QUIT
TONIGHT...",auto_ocr_sentiment,train
"Invincible, Vol. 1.pdf_p0341_panel_5.jpg",neutral,,auto_ocr_sentiment,train
"Invincible, Vol. 1.pdf_p1017_panel_4.jpg",anger,"I’M THE IMMORTAL. T...
APOLOGIZE FOR THE

MISUNDERSTANDING.

I DION’T HURT

 

NOT EVEN ALITTLE
BIT. IMMORTAL, HUH?

we) 1 JUST FOUND OUT

RECENTLY I MAY BE

IMMORTAL--UNABLE TO ¥

BE KILLED AT LEAST.
DON’T KNOW IF I’M

SAFEFROMOLD- 4

AGE. _

ARE YOU? “|
I WOULD ASSUME ™

50 BECAUSE OF THE

NAME, BUT REALLY--
ASSUMING GOTUS §¢
TO WHERE We were
A FEW MINUTES
AGO, $0--",auto_ocr_sentiment,train
"Invincible, Vol. 1.pdf_p0043_panel_4.jpg",neutral,"YOU'V BE
SURPRISED
HOW RARELY
VEOPLE EVER
LOOK UP.",auto_ocr_sentiment,train
"Invincible, Vol. 1.pdf_p0401_panel_6.jpg",neutral,,auto_ocr_sentiment,train
"Invincible, Vol. 1.pdf_p1011_panel_2.jpg",fear,"SO WE'VE GOT
A VROVJECTILE

HOLD FROM DEEP
ON-- SPACE HEADED
@ STRAIGHT FOR 4
EARTH? 4

 
  
  
  

  
 

  
   
   
 
 

HOW

 

 
 
 
 
   

AT THAT
SIZE--WITH A
TRAJECTORY
THAT VELIBERATE
IT MUST Be AN
ATTACK.",auto_ocr_sentiment,train
"Invincible, Vol. 1.pdf_p0345_panel_1.jpg",neutral,,auto_ocr_sentiment,train
"Invincible, Vol. 1.pdf_p0040_panel_3.jpg",neutral,,auto_ocr_sentiment,train
"Invincible, Vol. 1.pdf_p1030_panel_0.jpg",neutral,"WERE YOU
GOING TO |
CALL ME? 4",auto_ocr_sentiment,train
"Invincible, Vol. 1.pdf_p0419_panel_2.jpg",neutral,"JEEZ, WHEN IS MARK
GOING TO GET HERE?
WE'VE BEEN WAITING
ALMOST TWENTY
MINUTES.",auto_ocr_sentiment,train
"Invincible, Vol. 1.pdf_p0625_panel_7.jpg",sadness,"I DON'T HAVE ALOT
OF TIME--T KINDA
NEED TO GET GOING.
I’M SORRY TO THROW

THIS ON YOU LIKE

”",auto_ocr_sentiment,train
"Invincible, Vol. 1.pdf_p0629_panel_1.jpg",neutral,"THAT’D ‘
BE
\ NICE.",auto_ocr_sentiment,train
"Invincible, Vol. 1.pdf_p0217_panel_2.jpg",neutral,"f tRY TO WALK... ¥
MA YOU'RE DOING |
‘ GOOP. 7",auto_ocr_sentiment,train
"Invincible, Vol. 1.pdf_p0677_panel_2.jpg",neutral,"z
<q
*
hw
=
te
f

3
32
sd
=>
=
2
ZO
zt
We
""Ss

BUT I CAN TRY TO
OUTRUN HIM... MAYBE",auto_ocr_sentiment,train
"Invincible, Vol. 1.pdf_p0382_panel_5.jpg",neutral,,auto_ocr_sentiment,train
"Invincible, Vol. 1.pdf_p0239_panel_5.jpg",neutral,,auto_ocr_sentiment,train
"Invincible, Vol. 1.pdf_p0404_panel_0.jpg",neutral,"WELL, IF THAT’S HOW AGREED. NOT THE MOVIE
ALL THE CLASSES ARE I WOULD’Ve ee eT

: i/
BOING TO BE, THIS ISN’T
GOING TO BE HALE
BAD.",auto_ocr_sentiment,train
"Invincible, Vol. 1.pdf_p0229_panel_3.jpg",fear,"THERE WAS A TIME
WHEN I WOULD HAVE
EATEN YOUR FACE
FOR SPEAKING TO ME

THAT WAY. BE THANKFUL
THAT I’VE CHANGED
MY WAYS.

    

I’M HERE
LOOKING FOR
APDITIONAL
EVIDENCE I MAY
HAVE MISSED
ON MY FIRST PASS
BECAUSE AS YOU
$0 KINDLY POINTED
OUT... I’M OUT OF
LEADS ANP MY
INVESTIGATION
IS GOING
NOWHERE.",auto_ocr_sentiment,train
"Invincible, Vol. 1.pdf_p0521_panel_3.jpg",neutral,,auto_ocr_sentiment,train
"Invincible, Vol. 1.pdf_p0230_panel_3.jpg",neutral,,auto_ocr_sentiment,train
"Invincible, Vol. 1.pdf_p0201_panel_2.jpg",neutral,,auto_ocr_sentiment,train
"Invincible, Vol. 1.pdf_p0445_panel_2.jpg",neutral,,auto_ocr_sentiment,train
"Invincible, Vol. 1.pdf_p0094_panel_2.jpg",neutral,,auto_ocr_sentiment,train
"Invincible, Vol. 1.pdf_p0428_panel_3.jpg",neutral,,auto_ocr_sentiment,train
"Invincible, Vol. 1.pdf_p0389_panel_1.jpg",neutral,"OKAY. SO
WHAT ARE WE
DOING HERE?

WE JUST MOVING

ROCKS2",auto_ocr_sentiment,train
"Invincible, Vol. 1.pdf_p0277_panel_3.jpg",neutral,"Ae

ar Sa
( AAS
4",auto_ocr_sentiment,train
"Invincible, Vol. 1.pdf_p1097_panel_1.jpg",joy,"MACHINE HEAD WAS A
MALCONTENT--HE WAS
AN EMBARRASSMENT. |
I’M PLEASED TO SEE
THAT YOU ARE
A REASONABLE
MAN.

 
     
 
   
 
    
 
    

ME WAITING &
FORLONG. 4",auto_ocr_sentiment,train
"Invincible, Vol. 1.pdf_p0661_panel_3.jpg",neutral,,auto_ocr_sentiment,train
"Invincible, Vol. 1.pdf_p0191_panel_7.jpg",anger,"C'MON, HURRY!
YOU WANNE GET
CAUGHT?!",auto_ocr_sentiment,train
"Invincible, Vol. 1.pdf_p0168_panel_2.jpg",neutral,,auto_ocr_sentiment,train
"Invincible, Vol. 1.pdf_p0175_panel_4.jpg",neutral,"MARK...
We’VE GOT
A FUNERAL
TO ATTEND
TOMORROW...",auto_ocr_sentiment,train
"Invincible, Vol. 1.pdf_p1023_panel_2.jpg",neutral,"STUPID
EVIL SPACE
EMPIRE--
I'VEG
HOMEWORK T
NEEDED TO",auto_ocr_sentiment,train
"Invincible, Vol. 1.pdf_p0387_panel_2.jpg",fear,"I KNOW EXACTLY
WHAT YOU’RE TALKING
ABOUT--ASIPE FROM
THE CUTE PART.

 
     
 
   
     
     
      
 
   
 
    
 
 
 
 
     
 
   
   

OH, AND THE OTHER PAY, I CALLED
HEe’sS REALLY HIM “WILL” ON ACCIDENT. HE
TEMVPERAMENTAL. LAUNCHED INTO SOME SPEECH

ABOUT HOW LAZY PEOPLE ARE
ANP THREATENED TO CALL
ME “SAM” INSTEAD
OF “SAMANTHA.”

  

LIKE T CARE.
SAMANTHA EVE
WILKINS--PICK
ONE, Y'KNOW?
IT'S JUST A
NAME!",auto_ocr_sentiment,train
"Invincible, Vol. 1.pdf_p1089_panel_3.jpg",neutral,"- “~”*

ay",auto_ocr_sentiment,train
"Invincible, Vol. 1.pdf_p0034_panel_2.jpg",neutral,,auto_ocr_sentiment,train
"Invincible, Vol. 1.pdf_p0343_panel_0.jpg",neutral,,auto_ocr_sentiment,train
"Invincible, Vol. 1.pdf_p0731_panel_0.jpg",neutral,"‘|
UPSTATE UNIVERSITY.
THE DORM ROOM OF
MARK GRAYSON ANP
WILLIAM CLOCKWELL.

HOLY
SMOKES--YOU’RE
BACK ANP YOU'VE

GONE JUST A
BIT GAY.

a

 

ee oe

rh
OT oe""
| Oe ~ © THANKS.
i } I’M HERE TO
| . = , CHANGE
| , ACTUALLY.
——' - acaal N “a",auto_ocr_sentiment,train
"Invincible, Vol. 1.pdf_p0237_panel_2.jpg",neutral,,auto_ocr_sentiment,train
"Invincible, Vol. 1.pdf_p0710_panel_5.jpg",neutral,,auto_ocr_sentiment,train
"Invincible, Vol. 1.pdf_p0516_panel_1.jpg",neutral,,auto_ocr_sentiment,train
"Invincible, Vol. 1.pdf_p0834_panel_2.jpg",neutral,"BUSY...
CAPTAIN
AMAZING |S
COMING IN HERE
FOR HIS NEw
COSTUME ANY
MINUTE... AND T’VE
GOT A SUIT OF
ARMOR THAT
NEEDS MENDING
AS WELL.",auto_ocr_sentiment,train
"Invincible, Vol. 1.pdf_p0797_panel_0.jpg",neutral,,auto_ocr_sentiment,train
"Invincible, Vol. 1.pdf_p0794_panel_2.jpg",neutral,"Le
° aad “ .
ax.
™., o \ ‘
~ 9 a»
ri
af L Ag",auto_ocr_sentiment,train
"Invincible, Vol. 1.pdf_p0459_panel_1.jpg",neutral,"hi
. ape",auto_ocr_sentiment,train
"Invincible, Vol. 1.pdf_p0060_panel_1.jpg",neutral,,auto_ocr_sentiment,train
"Invincible, Vol. 1.pdf_p0958_panel_3.jpg",neutral,,auto_ocr_sentiment,train
"Invincible, Vol. 1.pdf_p0462_panel_0.jpg",neutral,"Tey co

Tn tr",auto_ocr_sentiment,train
"Invincible, Vol. 1.pdf_p0065_panel_3.jpg",neutral,,auto_ocr_sentiment,train
"Invincible, Vol. 1.pdf_p0112_panel_2.jpg",neutral,"YOUR
CHAMPION,
THE ONE YOU

REPLACED. THE
ONE CHOSEN TO
GUARD YOUR

WORLD.",auto_ocr_sentiment,train
"Invincible, Vol. 1.pdf_p0498_panel_3.jpg",neutral,,auto_ocr_sentiment,train
"Invincible, Vol. 1.pdf_p0110_panel_2.jpg",neutral,,auto_ocr_sentiment,train
"Invincible, Vol. 1.pdf_p0637_panel_0.jpg",neutral,,auto_ocr_sentiment,train
"Invincible, Vol. 1.pdf_p0013_panel_1.jpg",neutral,"; DAD
y SAYSIT’SA
7 REFLEX... SO IF
1 I CAN FLY... IT
1 SHOULD JUST
, HAPPEN WHEN",auto_ocr_sentiment,train
"Invincible, Vol. 1.pdf_p0530_panel_10.jpg",neutral,,auto_ocr_sentiment,train
"Invincible, Vol. 1.pdf_p0974_panel_1.jpg",neutral,"FIND A WAY OFF
THIS SHIP.",auto_ocr_sentiment,train
"Invincible, Vol. 1.pdf_p0409_panel_0.jpg",neutral,,auto_ocr_sentiment,train
"Invincible, Vol. 1.pdf_p0042_panel_3.jpg",neutral,,auto_ocr_sentiment,train
"Invincible, Vol. 1.pdf_p0347_panel_4.jpg",neutral,,auto_ocr_sentiment,train
"Invincible, Vol. 1.pdf_p0460_panel_2.jpg",neutral,"GIVE ME

o
WZ
>r
iw
fy &
ou
zw

=",auto_ocr_sentiment,train
"Invincible, Vol. 1.pdf_p0108_panel_3.jpg",neutral,,auto_ocr_sentiment,train
"Invincible, Vol. 1.pdf_p1034_panel_4.jpg",neutral,"OuUlWek, YOU : i cnenEEEEEEEEEEEE?
BETTER BEHAVE = . I'M NOT
YOURSELF. J ANTICIPATING
THIS BEING
“FUN.” WISH

EVERYTHING
WILL BE FINE--
JUST GO.",auto_ocr_sentiment,train
"Invincible, Vol. 1.pdf_p0399_panel_5.jpg",neutral,"AS CHARGED.
REGARDLESS, I
Nf HAVE TO GET UP
\ EARLY TOMORROW.
\ «WITH SCHOOL
AND ALL...

SEE YOU
TOMORROW.",auto_ocr_sentiment,train
"Invincible, Vol. 1.pdf_p0572_panel_2.jpg",neutral,"I KNOW--T KEEP MES

SEE HER BUT THEN SO
COMES UP. ANP THAT

IT’S GOT SO MANY ME
SINCE I GOT OUT OF
BEEN ABLE TO PUT
OUT OF MY",auto_ocr_sentiment,train
"Invincible, Vol. 1.pdf_p0985_panel_1.jpg",neutral,"I CAME TO THE WINDO\
EARLIER--TI SAW YOU
HERE WITH GARY. I KN
YOU DION’T CHEAT ON Me
ANYTHING--AND THAT’
COOL--BUT IT’S CLEAR
ME THAT YOU'D BE HAPP
WITH HIM. AND THAT’
TOTALLY COOL,
TOO.",auto_ocr_sentiment,train
"Invincible, Vol. 1.pdf_p0488_panel_4.jpg",neutral,"Y

b

(ae onal

|

I KEEV FIGHTING
THIS ROBOT ZOMBIE
THING AND IT CAN
Be MY ARCH-VILLAIN.
I’M SURE PEOPLE
ALREADY THINK
WE’RE JOINED AT

THE HIP.

COULD IT
HAVE BEEN
THE SAME ONE?
WASN’T THE
FIRST ONE
DESTROYED?

\

MAN--I GOT NO CLUE
WHAT'S GOING ON. THIS
ONE LOOKED ALITTLE
DIFFERENT BUTWHO fg |
CAN REALLY SAY? (T <Qjr—i
CERTAINLY HADA ff
DEATH WISH LIKE 4
THE OTHER

ASK {T ieee
QUESTIONS |

NEXT TIME IT Z

DO THAT. }
THANKS. J",auto_ocr_sentiment,train
"Invincible, Vol. 1.pdf_p0214_panel_1.jpg",neutral,">wWN
eX

Ip
~Eert
2999
D xf >
2S
aor

>=",auto_ocr_sentiment,train
"Invincible, Vol. 1.pdf_p0722_panel_1.jpg",neutral,,auto_ocr_sentiment,train
"Invincible, Vol. 1.pdf_p0305_panel_3.jpg",neutral,,auto_ocr_sentiment,train
"Invincible, Vol. 1.pdf_p0408_panel_1.jpg",anger,"HIS CELLS REGENERATE--
BUT AT SUCH A RAPID LEVEL
THAT IT’S AFFECTED HIS
THOUGHT PROCESSES AND
BEHAVIOR. NOW HE’S SUPER
STRONG, INPESTRUCTIBLE,
A, AND HE KILLS ANY MAN
. THAT SO MUCH AS
La LOOKS AT HOLLY.
1 '

ATS

'
WHY’S HE
BEATING ON

THAT GUY?
DOESN'T HE",auto_ocr_sentiment,train
"Invincible, Vol. 1.pdf_p1102_panel_1.jpg",neutral,"y , | tim
dis f

 

N "" |
ea - - as | °
f way \ a
} v ee / 4 -y
NN \ Vp A \ yy vo
Cs 4 Re) a ’ Vy °
ff i “oo
i) . |
QA | |
Sam ne i
\ i (Dy) * ‘f
~ 2 OS toea dL , \"" a <r ry /
\ . vs 1
rer’ x a N
\ . \ —_ \ fy N
SF , \ . \ | | ) ~~ . :
*, \ ego > A a : 4 ' |
a : \
x \ “ ' 4
\ ve
NN a \ _—~)",auto_ocr_sentiment,train
"Invincible, Vol. 1.pdf_p0568_panel_6.jpg",neutral,"Eas

aw

P|
<t\A

a -"" = (

ann
iy

SS Ye \

ff “ Pa
‘an . Nr \ - |
, . LA \
. . \
LT 7"")",auto_ocr_sentiment,train
"Invincible, Vol. 1.pdf_p0471_panel_6.jpg",neutral,,auto_ocr_sentiment,train
"Invincible, Vol. 1.pdf_p0747_panel_9.jpg",neutral,"FOK YOU TO CAL
HER BACK.

 
    
      

OH, I
ALMOST
FORGOT.",auto_ocr_sentiment,train
"Invincible, Vol. 1.pdf_p0008_panel_2.jpg",neutral,,auto_ocr_sentiment,train
"Invincible, Vol. 1.pdf_p0724_panel_5.jpg",neutral,"EXPLOSION WAS
THE ORIGINAL AND
We ARE BOTH
CLONES OF THE
ORIGINAL

CLONE 4",auto_ocr_sentiment,train
"Invincible, Vol. 1.pdf_p0346_panel_2.jpg",neutral,,auto_ocr_sentiment,train
"Invincible, Vol. 1.pdf_p0619_panel_6.jpg",neutral,,auto_ocr_sentiment,train
"Invincible, Vol. 1.pdf_p0472_panel_1.jpg",anger,"I’VE DISCOVERED
SOMETHING NEW,
ANGSTROM. I
BELIEVE IT’S CALLED
GOOP EYE, ELBO
AND YOUR POUBLE
NEVER CEASE TO
IMPRESS ME. I
DISCOVERED A REALITY
WHERE A VIRUS ATTACKED
THE Y CHROMOSOME
KILLING ALL THE MALES
ON EARTH. I THOUGHT
MY OTHER DIMENSIONAL

\

ey !

ayy ono WYN)
GARY | eR
Yn

i
Ae)
THEY'RE GETTING A Y Oa
CATMENT \___\

F ROYAL TR
THERE. ILL BE HEADING

ALONG AFTER YOU REACH
Ld STOPPING POINT.
WE'RE GOING TO
HAVE QUITE A

TIME.

THAT’S NOT
SOMETHING THAT %
INTERESTS US NEARLY |}
AS MUCH AS GETTING
THIS PROJECT DONE
SO WE CAN GET
BACK TO OUR",auto_ocr_sentiment,train
"Invincible, Vol. 1.pdf_p0292_panel_0.jpg",neutral,,auto_ocr_sentiment,train
"Invincible, Vol. 1.pdf_p0604_panel_2.jpg",anger,"iC I COULD &
OU--HOW ' YOUR FATH
vie YOU KNOW LI GAVE YOU

IT’S VER",auto_ocr_sentiment,train
"Invincible, Vol. 1.pdf_p0229_panel_5.jpg",neutral,,auto_ocr_sentiment,train
"Invincible, Vol. 1.pdf_p1103_panel_6.jpg",neutral,"TS JUST... LVEF
NOTICED ALREADY...
I’M STILL GETTING

YOUNGER, I’M

ALREADY LOOKING A
BIT YOUNGER THAN

I WAS WHEN WE
FIKST GOT
TOGETHER.

   
  
  
 
 
    
   

GOING
ANYWHERE.",auto_ocr_sentiment,train
"Invincible, Vol. 1.pdf_p0981_panel_5.jpg",neutral,,auto_ocr_sentiment,train
"Invincible, Vol. 1.pdf_p0823_panel_2.jpg",neutral,"; wee
COME ON IN.
SORRY ABOUT THE
CONSTRUCTION,
WE HAD AN i
INCIDENT A=

a",auto_ocr_sentiment,train
"Invincible, Vol. 1.pdf_p0451_panel_6.jpg",neutral,"OH, AND
ABOUT YOU
CARRYING —_>",auto_ocr_sentiment,train
"Invincible, Vol. 1.pdf_p0382_panel_0.jpg",neutral,"teens
Fo eae MN, e.'

an
oy ~
SEntg yg Aare, ve

‘
@ Ftp",auto_ocr_sentiment,train
"Invincible, Vol. 1.pdf_p0669_panel_4.jpg",neutral,"sep FOR PROTECTION. OUR
TECHNOLOGY HAS BUILT
STRUCTURES THAT CAN
WITHSTAND THE LIGHTNING
STORMS.

Now
WE USE THE
CAVES AS A PLACE
FOR GATHERING, FOR
STUDY, FOR MANY
THINGS.

THE
ENGRAVINGS
WILL LIGHT THE
WAY. THERE ARE
MANY CAVERNS
AHEAD, MANY
LAVISHLY FURNISHEP--
WE WILL BE QUITE
COMFORTABLE

HERE.",auto_ocr_sentiment,train
"Invincible, Vol. 1.pdf_p0134_panel_1.jpg",neutral,"OH,
COME ON,
BILLY... IT’S
NOT THAT BIG

A DEAL.",auto_ocr_sentiment,train
"Invincible, Vol. 1.pdf_p1109_panel_2.jpg",neutral,"WHAT 1S
THIS STUFF
ADE
A é:
U

 

 
 

SHE’S NOT
GOING TO LET
GO UNLESS SHE
WANTS TO, HERO.
YOU READY TO Give
UPZ MY ASSOCIATE
AND I WOULD LIKE
» TO GET OUR MONEY",auto_ocr_sentiment,train
"Invincible, Vol. 1.pdf_p0272_panel_1.jpg",neutral,"YOU SAIV YOUKSELF
THAT YOU LOST YOUR
WAY... YOU LIVED

we» YOU
AS & HUMAN WHILE
RAISING ME. YOU
SAID YOU WERE
: HAPPY!!",auto_ocr_sentiment,train
"Invincible, Vol. 1.pdf_p0203_panel_3.jpg",neutral,", AKE WE ON A SECUKE LINE ¥
TO BOTHER YOU IN THE MIPPLE
> DAY BUT MARK FINALLY PUT
4ER ONE OF HIS COSTUMES IN
SH AND I CAN’T REMEMBER IF
.D THEN WARM OR WARM THEN
. YOU’D THINK I WOULD KNOW
UT NOLAN HAS BEEN CLEANING
IS UNIFORMS WITH SOLAR
ADIATION SINCE I SHRANK
HIS FIRST ONE ON
ACCIPENT.",auto_ocr_sentiment,train
"Invincible, Vol. 1.pdf_p0525_panel_5.jpg",neutral,,auto_ocr_sentiment,train
"Invincible, Vol. 1.pdf_p0080_panel_2.jpg",neutral,"WELL,
THAT'S A
GREAT WAY TO
FIGURE THIS
THING out!",auto_ocr_sentiment,train
"Invincible, Vol. 1.pdf_p0564_panel_11.jpg",neutral,,auto_ocr_sentiment,train
"Invincible, Vol. 1.pdf_p0489_panel_3.jpg",neutral,"LET’S
SEE WHAT

tT f
USE ALIVE
SUBJECT.",auto_ocr_sentiment,train
"Invincible, Vol. 1.pdf_p0839_panel_2.jpg",neutral,,auto_ocr_sentiment,train
"Invincible, Vol. 1.pdf_p1041_panel_2.jpg",neutral,,auto_ocr_sentiment,train
"Invincible, Vol. 1.pdf_p0574_panel_4.jpg",neutral,"THIS IS
REALLY
GETTING OUT
OF HAND. WHO
KNOWS? We | |
NEED TO MAKE
ALIST. / |",auto_ocr_sentiment,train
"Invincible, Vol. 1.pdf_p0141_panel_3.jpg",neutral,"NY

Ko
an as

ry
if “ie. y
ee",auto_ocr_sentiment,train
"Invincible, Vol. 1.pdf_p1021_panel_3.jpg",neutral,"LL, HE DOESNT I
LLY KNOW HOW TO BLK
ES THEM YETAND 60K
S REALLY YOUNG BL
HE’S PROBABLY
NOT VERY
POWERFUL.",auto_ocr_sentiment,train
"Invincible, Vol. 1.pdf_p0660_panel_5.jpg",neutral,,auto_ocr_sentiment,train
"Invincible, Vol. 1.pdf_p0161_panel_4.jpg",neutral,"7

THA
SOMETHING
VER

GET USEP
TO.",auto_ocr_sentiment,train
"Invincible, Vol. 1.pdf_p0819_panel_0.jpg",neutral,,auto_ocr_sentiment,train
"Invincible, Vol. 1.pdf_p0012_panel_3.jpg",fear,"L GUESS PUL TAKE A VAY OFF
THIS WEEKEND AND WRITE A
BOOK FOR THEM. I’LL HAVE TO
PICK UP A COUPLE SPARE
KEYBOARDS.

       
   
   
 
     
 
   
    
 
   

I
HOVE THE

GUARDIANS
OF THE GLOBE
CAN COVER
FOR Me.",auto_ocr_sentiment,train
"Invincible, Vol. 1.pdf_p0830_panel_4.jpg",neutral,"UH... IT DON’T HAVE
PETAILS LIKE THAT.
IT’S NOTHING LIKE
THAT... REALLY.

   
   
     
 
  

IT’S JUST...
THEY BOTH
KINDA LIKE
Me, Y’KNOW...
IN THAT WAY.",auto_ocr_sentiment,train
"Invincible, Vol. 1.pdf_p0277_panel_0.jpg",neutral,,auto_ocr_sentiment,train
"Invincible, Vol. 1.pdf_p0163_panel_3.jpg",neutral,,auto_ocr_sentiment,train
"Invincible, Vol. 1.pdf_p0086_panel_3.jpg",neutral,"«. .CROSS-REFERENCING
THEIR INFORMATION WITH
THE NECESSARY
KNOWLEDGE NEEDED TO
CONSTRUCT A BOMB
LIKE THE ONES USED
IN THE MALL
BOMBINGS.",auto_ocr_sentiment,train
"Invincible, Vol. 1.pdf_p0315_panel_3.jpg",neutral,,auto_ocr_sentiment,train
"Invincible, Vol. 1.pdf_p0202_panel_5.jpg",neutral,"\
2
f
j 7
ALL a
RIGHT YOU
LITTLE",auto_ocr_sentiment,train
"Invincible, Vol. 1.pdf_p0824_panel_2.jpg",neutral,,auto_ocr_sentiment,train
"Invincible, Vol. 1.pdf_p0563_panel_2.jpg",neutral,"OPVICUSLY, YOU Ve
ALREADY HEARD MY
STORY. IT’S ALL TRUE.
I GOT IT PIRECTLY FROM
THE SON. SOUNPS LIKE

YOUR TROOPS ARE
FALTERING IN LOYALTY,
z TO ME. |

       
   
   
   
    
 
 
 
   
   
   

  

BAD NEWS
FOR YOU--
GOOD NEWS

FOR US.",auto_ocr_sentiment,train
"Invincible, Vol. 1.pdf_p0238_panel_0.jpg",neutral,,auto_ocr_sentiment,train
"Invincible, Vol. 1.pdf_p0827_panel_3.jpg",neutral,"LI KNOW THIS {S GOING TO BE
ALITTLE HARP TO BELIEVE.
WE HAVE RUN SOME TESTS...
THIS ISLEGIT. REX, I KNOW
THIS WILL PROBABLY BE THE
MOST SHOGKING FOR YOU...
AS THIS IS ALSO A GLONED
VERSION OF YOUR BODY...
BUT PLEASE, HEAR
HIM OUT. 4",auto_ocr_sentiment,train
"Invincible, Vol. 1.pdf_p0035_panel_1.jpg",neutral,,auto_ocr_sentiment,train
"Invincible, Vol. 1.pdf_p0721_panel_1.jpg",neutral,,auto_ocr_sentiment,train
"Invincible, Vol. 1.pdf_p1009_panel_8.jpg",neutral,"TELL Me WHT
I NEED SCHOOL iw
AND T’LL

CONSIDER
STAYING.",auto_ocr_sentiment,train
"Invincible, Vol. 1.pdf_p0747_panel_4.jpg",neutral,"ANY + NEY
LAUNPRY. TI
DON’T KNOW IF
I HAVE ANY
CLEAN CLOTHES
AT THE",auto_ocr_sentiment,train
"Invincible, Vol. 1.pdf_p0502_panel_5.jpg",surprise,"OH, JEEZ!! Are
THOSE GUYS--T
MEAN--T THOUGHT
THEY WERE JUST
KNOCKED OUT!
THEY’RE
NOT--",auto_ocr_sentiment,train
"Invincible, Vol. 1.pdf_p0160_panel_1.jpg",neutral,,auto_ocr_sentiment,train
"Invincible, Vol. 1.pdf_p1019_panel_2.jpg",anger,"NO!

NO WAY--
I’M NOT
GOING ANY-
WHERE.",auto_ocr_sentiment,train
"Invincible, Vol. 1.pdf_p0603_panel_3.jpg",anger,"+ COULYN I OC It, VAM
I WAS JUST GOOD AT THE
SCIENCE STUFF--I’M

GLAD THEY KICKED
: Me OUT!

T :
HAVE SHOUTING
AT MY TABLE!
FINISH YOUR
DINNER IN Your A
ROOM!",auto_ocr_sentiment,train
"Invincible, Vol. 1.pdf_p0987_panel_0.jpg",neutral,"I KNOW IT’S GOING TO BE
HARP, MAN“ OUVE BEEN
THE HOME OF RUS LIVINGSTON, HROUGH ALOT. OULD
THE RECENTLY RESCUED ASTRONAUT NEVER PRESUME TO KNOW OR
ONCE LEFT ON MARS TO BE UNDERSTAND WHAT YOU'RE
OVERTAKEN BY THE SEQUIPS. ea GOING THROUGH--BUT I JUST
| WANT YOU TO KNOW--WE ALL,
a - Bm 10, REALLY--THAT WE'RE
HERE FOR YOU. .

IF YOU
NEED TO TALK ¥
OR WHATEVER--
OR IF YOU NEEP

THANKS,
I REALLY
APPRECIATE IT--
THAT MEANS A &
LOT TO ME.",auto_ocr_sentiment,train
"Invincible, Vol. 1.pdf_p0960_panel_1.jpg",anger,"=7 DON’T WORRY,
RED--YOU'LL
m BE FOLLOWING
\ HER SOON
h ENOUGH!

 
 
 
 
    

\
You (
KILLED KATE!!

YOU KILLED
PUPLI-KATE! A",auto_ocr_sentiment,train
"Invincible, Vol. 1.pdf_p0365_panel_0.jpg",neutral,,auto_ocr_sentiment,train
"Invincible, Vol. 1.pdf_p0292_panel_3.jpg",neutral,"DELIEVE ME,
KID. I WISH

 

YOU PATCHED
UP REAL

GOOD.
SHOULD Be BACK

UP TO FULL SPEED IN

A DAY OR TWO. WE'RE
BASICALLY JUST KEEPING
YOU HERE FOR
OBSERVATION. WE WANT
TO MAKE SURE THERE’S
NOTHING WRONG THAT

WE MISSED. |",auto_ocr_sentiment,train
"Invincible, Vol. 1.pdf_p1022_panel_2.jpg",neutral,,auto_ocr_sentiment,train
"Invincible, Vol. 1.pdf_p0141_panel_2.jpg",neutral,,auto_ocr_sentiment,train
"Invincible, Vol. 1.pdf_p0465_panel_0.jpg",neutral,,auto_ocr_sentiment,train
"Invincible, Vol. 1.pdf_p0689_panel_8.jpg",neutral,,auto_ocr_sentiment,train
"Invincible, Vol. 1.pdf_p0523_panel_2.jpg",anger,"I WORK. I JUST--I
DON’T HAVE ANYTHING
TO PO. WITH MARK
AWAY AT SCHOOL T’VE

GOT NOTHING

TO PO. <

THE HOUSE

IS EMPTY. I
SWEAR IF L PIPN’T
HAVE YOU AND
CLAIRE TO TALK

TO I’D GO
CRAZY.",auto_ocr_sentiment,train
"Invincible, Vol. 1.pdf_p0488_panel_1.jpg",anger,"V AREN'T YOU FRESH OFF
A BREAK-UP? I’M NOT
LISTENING TO YOU AT ALL.

BUT YEAH--I COMPLETELY [Be

I UNDERSTAND WHY SHE'S
/ WOULPN’T PISSED, BUT WHAT

GHOIGE Bo I 4
SWEAT IT, DUDE. 4
I’M SURE SHE'LL HAVE? gg
Be FING. YOU
DION’T REALLY
DO ANYTHING",auto_ocr_sentiment,train
"Invincible, Vol. 1.pdf_p0723_panel_10.jpg",neutral,"PAP SAIP HE COULD
-Y STILL LIVE FOR
, HUNDREDS IF NOT
THOUSANPS
OF YEARS.",auto_ocr_sentiment,train
"Invincible, Vol. 1.pdf_p0363_panel_1.jpg",neutral,,auto_ocr_sentiment,train
"Invincible, Vol. 1.pdf_p0839_panel_1.jpg",disgust,"OH, UH... SOME SPAG
PUPE IS HUNTING O

THREATS TO THEIR E

OR SOMETHING",auto_ocr_sentiment,train
"Invincible, Vol. 1.pdf_p0569_panel_0.jpg",neutral,,auto_ocr_sentiment,train
"Invincible, Vol. 1.pdf_p0648_panel_2.jpg",anger,"or! Y wuat tHese
stor) CALM THINGS CAN
DO--MASKING
gm THEMSELVES AS
SCIENCE DOG--
I THOUGHT
MAYBE

YOU-- 4",auto_ocr_sentiment,train
"Invincible, Vol. 1.pdf_p0891_panel_0.jpg",neutral,,auto_ocr_sentiment,train
"Invincible, Vol. 1.pdf_p0750_panel_4.jpg",neutral,,auto_ocr_sentiment,train
"Invincible, Vol. 1.pdf_p0224_panel_3.jpg",neutral,,auto_ocr_sentiment,train
"Invincible, Vol. 1.pdf_p0372_panel_1.jpg",neutral,,auto_ocr_sentiment,train
"Invincible, Vol. 1.pdf_p0402_panel_2.jpg",neutral,,auto_ocr_sentiment,train
"Invincible, Vol. 1.pdf_p0435_panel_2.jpg",sadness,"We HAVE BEEN BREEDING
SEQUIPS, MAKING THEM
STRONGER IN ORPER FOR
THEM TO BETTER SERVE US. IS

WERE THEY TO DISCOoveR A RA =m mn Oper 3
HOST WHO GOULD LINK THEIR om = ,
MINDS I HAVE NO POUBT S
THEY COULP OVERTHROW AL | es (|

US ALMOST

  
 
 
   
    
   
 
  

  
      
     

     
  

j

THEY HAVE EXISTED

/ / AS A SLAVE RACE FOR
CENTURIES--ASSISTING

: iP US IN ALL ASPECTS OF LIFE.
P WE HAVE BEEN MINPFUL

Py OF THE FACT THAT IF EVEN rd

RS

   

SS

 

Ss

SS

   
 

     
      
   
 
 

   
 

ONE SOLID WERE TO BE
FOUND ON OUR PLANET--
IT COULD MEAN POOM

 
 
 
 

    
     
   

  
  

—— A
>

     
  

 

  
  
 
  

 
  
  
  
 
 
 
  
  
  

 
 
 
 
 
 

  

    
  
 

FOR US ALL. INSTANTLY. * wuleu i¢ SS ow Ie
fe latalpa NONE yt is NO ioe
ma r ATs ea kes een pa DD TAKEN YOUR VV
bro eg 0 OD “AS-TRO-NOTS” IS IT YOU —
by — © OA CTT OTT INTO CUSTOPY, TO WERE ABLE ALi TIT
PREVENT THEM FROM ee
BEING TAKEN OVER. e

  

 

 

YOU, THOUGH, ARE

\ :
i i, = 4 cn
Hy NG ) , : SOLIP AS WELL--AND
Y 3 : RESISTED THE SEauIPs i A
J cunt? gettin
‘ 4S i TIM

i Seer

 
 

ATTEMPTS--YOUR SKIN
COULD NOT BE Ad |
\ PUNCTURED BY THEIR en

TENDRILS.
<_ | @& 7

    
 
  

 

=o",auto_ocr_sentiment,train
"Invincible, Vol. 1.pdf_p0230_panel_0.jpg",joy,"a2 ded Liked Lie
a! (Lire

Se

XS SSE
SSC RES

CN",auto_ocr_sentiment,train
"Invincible, Vol. 1.pdf_p0997_panel_4.jpg",fear,"THE TWO OF THE.
WERE PULLED IN
THE OTHER DIMENS

WHILE THERE--TI
BOY WAS ENC AN

BY SOM
SORCERER, TURN
INTO THAT

   
   
   
 
    
 

    
   
   

GRANDMOTHER
ACCIDENTALLY
OPENED SOME
PORTAL TO ANOTHER
DIMENSION WHEN
| AS MAKI
USLY? ) > SOME KIND OF
HERBAL REMEDY",auto_ocr_sentiment,train
"Invincible, Vol. 1.pdf_p0545_panel_7.jpg",surprise,"YEAH--
IT REALLY",auto_ocr_sentiment,train
"Invincible, Vol. 1.pdf_p0042_panel_1.jpg",neutral,,auto_ocr_sentiment,train
"Invincible, Vol. 1.pdf_p0278_panel_3.jpg",neutral,,auto_ocr_sentiment,train
"Invincible, Vol. 1.pdf_p0320_panel_4.jpg",anger,"MY MAIN CONCERN
IS YOUR MOTHER. THE
INTIMATE DETAILS OF YOUR
DISCUSSION WITH YOUR FATHER
NEARLY PUT HER INTO SHOCK
BEFORE. SHE DIDN'T SPEAK
FOR NEARLY TWO WEEKS,
ALMOST THE ENTIRE
TIME YOU WERE
UNCONSCIOUS.

THESE ARE
ALL THINGS SHE’S
HEARD BEFORE BUT I
DON’T KNOW THAT SHE’S
READY TO HEAR IT AGAIN.
IF THERE’S ANYTHING I
CAN 00, PLEASE... DON’T
HESITATE TO LET
Me KNOW.

THANKS,
CECIL. I

REALLY
APPRECIATE
THIS.

AND DON’T
WORRY... WE’LL
GET THE GUY
RESPONSIBLE FOR

AND WITH
THAT I MUST
MAKE MY EXIT.
ONE TO TELEPORT,
STAND BY.",auto_ocr_sentiment,train
"Invincible, Vol. 1.pdf_p0749_panel_6.jpg",disgust,"COOL. Sd...
YOU WANT TO
PITCH CLASS
WITH ME? WE
COULD GO TO
AFRICA.",auto_ocr_sentiment,train
"Invincible, Vol. 1.pdf_p0965_panel_1.jpg",anger,"ISABETTER FATE £
THAN PEATH!",auto_ocr_sentiment,train
"Invincible, Vol. 1.pdf_p0347_panel_3.jpg",neutral,"OH, NO '
THE CEREMONY
S TOD

IS TODAY.",auto_ocr_sentiment,train
"Invincible, Vol. 1.pdf_p0774_panel_2.jpg",surprise,HELLO?,auto_ocr_sentiment,train
"Invincible, Vol. 1.pdf_p0415_panel_1.jpg",neutral,,auto_ocr_sentiment,train
"Invincible, Vol. 1.pdf_p0440_panel_4.jpg",neutral,,auto_ocr_sentiment,train
"Invincible, Vol. 1.pdf_p0091_panel_1.jpg",neutral,"OH DEAR, I MUST
HAVE STARTED THE
TIMER TOO LATE
AFTER YOU GOT
HERE. NO MATTER,
YOU’LL HAVE A
FEW MORE
SECONDS
TO--",auto_ocr_sentiment,train
"Invincible, Vol. 1.pdf_p0938_panel_2.jpg",neutral,"YOU, Ub...
WANT TO TALK
ABOUT IT?",auto_ocr_sentiment,train
"Invincible, Vol. 1.pdf_p0831_panel_4.jpg",neutral,,auto_ocr_sentiment,train
"Invincible, Vol. 1.pdf_p0321_panel_3.jpg",neutral,,auto_ocr_sentiment,train
"Invincible, Vol. 1.pdf_p0906_panel_0.jpg",neutral,"Se Ad

 

TALESCRIA, THE CAPITAL 7
OF THE COALITION OF PLANETS, |
THE MEDICAL CENTER. :

 

ia |
CA an roy

| ;
| ~_/
ca ||| |
| - ka Hil ] tel",auto_ocr_sentiment,train
"Invincible, Vol. 1.pdf_p0793_panel_2.jpg",neutral,,auto_ocr_sentiment,train
"Invincible, Vol. 1.pdf_p0327_panel_2.jpg",anger,"A FRESHMAN, BUT OULP TELL
JUST FROM THAT BRIEF MEETING
THAT He was A GOOD
AN.

I’VE BEEN TOLD
THAT T’VE GOT AN
UNCANNY ABILITY
FOR JUDGING THE

CHARACTER OF

A PERSON.",auto_ocr_sentiment,train
"Invincible, Vol. 1.pdf_p0815_panel_0.jpg",neutral,"WHATEVER. &

LET’S Give
THIS THING A ¥

MINUTE OR TWO
TO RECHARGE

ANP THEN |

\ WE CAN GO
HOME.",auto_ocr_sentiment,train
"Invincible, Vol. 1.pdf_p0502_panel_8.jpg",anger,"WHY
AREN’T WE
GOING AFTER YOU’RE
THE BAD WHAT’S ‘a ASKING TOO
GUY # GOING ON MANY

QUESTIONS.

aa

Pee ee PY _—
a any Fane Fm | 4 aes.
pm FO

eo

» \ <a

~s ae. oe Toe |
ee SS

Sf HE Moo",auto_ocr_sentiment,train
"Invincible, Vol. 1.pdf_p0445_panel_3.jpg",neutral,,auto_ocr_sentiment,train
"Invincible, Vol. 1.pdf_p0030_panel_2.jpg",neutral,"THE SECOND STEP WAS TO INSTALL GLOBAL DEFENS
B SYSTEMS TO PROTECT THE PLANET FROM SVACEBORN
MENACES, BOTH NATURAL AND UNNATURAL, THA

MIGHT PREVENT THE SURVIVAL OF THE CIVILIZATION.",auto_ocr_sentiment,train
"Invincible, Vol. 1.pdf_p0086_panel_2.jpg",neutral,,auto_ocr_sentiment,train
"Invincible, Vol. 1.pdf_p1031_panel_3.jpg",neutral,,auto_ocr_sentiment,train
"Invincible, Vol. 1.pdf_p0749_panel_3.jpg",neutral,"<7

(E
a
2,

rs

 

‘2",auto_ocr_sentiment,train
"Invincible, Vol. 1.pdf_p0672_panel_0.jpg",neutral,,auto_ocr_sentiment,train
"Invincible, Vol. 1.pdf_p0522_panel_5.jpg",neutral,PRUGS?,auto_ocr_sentiment,train
"Invincible, Vol. 1.pdf_p0389_panel_3.jpg",neutral,"——

U
TITAN. THEY
CALL ME",auto_ocr_sentiment,train
"Invincible, Vol. 1.pdf_p0282_panel_2.jpg",neutral,,auto_ocr_sentiment,train
"Invincible, Vol. 1.pdf_p0869_panel_4.jpg",neutral,"ARE WE
WINNING 4 I
CAN’T EVEN

TELL IF

WE’RE DOING

ANYTHING.

i oN PROGRESS.
» FES
‘ Cd
e. bf \",auto_ocr_sentiment,train
"Invincible, Vol. 1.pdf_p0723_panel_5.jpg",neutral,"THEY
HAD A CHILD
TOGETHER.",auto_ocr_sentiment,train
"Invincible, Vol. 1.pdf_p0083_panel_2.jpg",neutral,,auto_ocr_sentiment,train
"Invincible, Vol. 1.pdf_p1012_panel_3.jpg",surprise,"YEAH. IT'S N
JUST HARD HONESTLY,
D THE I JUST PO
. NOT TAKE IT
SERIOUSLY. T
DON’T CARE
ABOUT IT. IT’S",auto_ocr_sentiment,train
"Invincible, Vol. 1.pdf_p0515_panel_6.jpg",neutral,,auto_ocr_sentiment,train
"Invincible, Vol. 1.pdf_p0047_panel_5.jpg",neutral,,auto_ocr_sentiment,train
"Invincible, Vol. 1.pdf_p0524_panel_11.jpg",neutral,,auto_ocr_sentiment,train
"Invincible, Vol. 1.pdf_p0249_panel_1.jpg",anger,"OF COURSE, WHEN I CAME OF AGE, I SIGNED UP
FOR DUTY. I WAS ON THE SEARCH COMMITTEE,

MY JOB WAS TO LOCATE AND EVALUATE PLANETS
THAT MIGHT BE RIPE FOR CONQUEST.

—_-—-— -—a i -

od

BY THEN THE OPERATION
HAD BEEN EXPANDED AND
PERFECTED. I WAS
STATIONED ON A MOBILE
BASE THAT TRAVELED
FROM PLANET TO PLANET
AS WE CONQUERED THEM.",auto_ocr_sentiment,train
"Invincible, Vol. 1.pdf_p1057_panel_1.jpg",neutral,,auto_ocr_sentiment,train
"Invincible, Vol. 1.pdf_p0621_panel_1.jpg",neutral,"--IS

{S
ER",auto_ocr_sentiment,train
"Invincible, Vol. 1.pdf_p0332_panel_0.jpg",fear,"3
=
wi
<
o
<
r
Ww
I

INVOLVEMENT WITH
THE PREVIOUS OWNERS
AND HE CAN BE VERY
PERSUASIVE.

 

| iON PA 2m.",auto_ocr_sentiment,train
"Invincible, Vol. 1.pdf_p0226_panel_1.jpg",neutral,"ac
| | 7 = NN >, we ~
Z. ee oe",auto_ocr_sentiment,train
"Invincible, Vol. 1.pdf_p0225_panel_0.jpg",neutral,,auto_ocr_sentiment,train
"Invincible, Vol. 1.pdf_p0615_panel_2.jpg",neutral,,auto_ocr_sentiment,train
"Invincible, Vol. 1.pdf_p0542_panel_10.jpg",anger,"HE TOLD Me--HE TOLD
ME THAT EVERYTHING
HE HAP EVER TOLD
Me ABOUT
HIMSELF --",auto_ocr_sentiment,train
"Invincible, Vol. 1.pdf_p0818_panel_2.jpg",fear,"WE COVERED THE WHOLE
THING UP. LEAKED SOME
NONSENSE ABOUT A GAS
LINE BLOWING. LOCAL
AUTHORITIES SEEM TO
HAVE BOUGHT IT. SO
YOUR IDENTITY IS
CLEAR.

   
    
 
    
 
   
   
   
 
 
 
   
    
 
 
    
   

  

YOU CAN
SEE YOUR MOTHER
INA MOMENT BUT

FIRST--ANGSTROM
LEVY, WHAT HAPPENED
TO HIM? HOW DID
YOU STOV",auto_ocr_sentiment,train
"Invincible, Vol. 1.pdf_p0043_panel_3.jpg",neutral,,auto_ocr_sentiment,train
"Invincible, Vol. 1.pdf_p0816_panel_1.jpg",neutral,,auto_ocr_sentiment,train
"Invincible, Vol. 1.pdf_p1033_panel_3.jpg",surprise,"YOU'RE GOING
TO CLASS
TOMORROW?",auto_ocr_sentiment,train
"Invincible, Vol. 1.pdf_p0198_panel_2.jpg",neutral,,auto_ocr_sentiment,train
"Invincible, Vol. 1.pdf_p0626_panel_2.jpg",neutral,,auto_ocr_sentiment,train
"Invincible, Vol. 1.pdf_p0034_panel_4.jpg",neutral,,auto_ocr_sentiment,train
"Invincible, Vol. 1.pdf_p0700_panel_6.jpg",neutral,,auto_ocr_sentiment,train
"Invincible, Vol. 1.pdf_p0316_panel_4.jpg",neutral,"y ——_="",
awa 3

Ol
A) y Ni
a an Ly
Fh 7
*
<p f aa!
CE a, oo ,
2 c
oy 7 eS
>, A]
if

b 7
ei (FY eZ
Oe Q",auto_ocr_sentiment,train
"Invincible, Vol. 1.pdf_p0661_panel_2.jpg",neutral,,auto_ocr_sentiment,train
"Invincible, Vol. 1.pdf_p0915_panel_0.jpg",neutral,,auto_ocr_sentiment,train
"Invincible, Vol. 1.pdf_p0318_panel_4.jpg",neutral,"' 1 SEE ONE SIGN OF
YOU CHANGING

SIDES AND I’M
TAKING YOU

 

SIMPLE

mt",auto_ocr_sentiment,train
"Invincible, Vol. 1.pdf_p0700_panel_1.jpg",neutral,"YOU’RE IN WAY OVER
YOUR HEAD HERE,
CHILD.",auto_ocr_sentiment,train
"Invincible, Vol. 1.pdf_p0775_panel_1.jpg",neutral,"""

TTT The | —M TTT TT eS a
| Eh
: i a
mr.",auto_ocr_sentiment,train
"Invincible, Vol. 1.pdf_p0202_panel_0.jpg",fear,"e. - ng
Wes

Wis G

UN LIKE HORROR MOVIES...
| “AS LONG AS THEY’RE
| NOT ZOMBIE Movies.

 

WY BLASPHEMY. ¥",auto_ocr_sentiment,train
"Invincible, Vol. 1.pdf_p1046_panel_1.jpg",neutral,"STILL, I GAN
SEE THAT YOU
CARE A GREAT

DEAL ABOUT THIS
PLANET AND ITS
INHABITANTS. ,",auto_ocr_sentiment,train
"Invincible, Vol. 1.pdf_p0753_panel_7.jpg",neutral,"YOU
MAPE THIS?
L’VE GOT TO

INSIDE!",auto_ocr_sentiment,train
"Invincible, Vol. 1.pdf_p0380_panel_1.jpg",anger,"NO, JUST
CONFUSED AS
TO WHAT THE

HECK Is GOING",auto_ocr_sentiment,train
"Invincible, Vol. 1.pdf_p0775_panel_0.jpg",neutral,,auto_ocr_sentiment,train
"Invincible, Vol. 1.pdf_p1026_panel_2.jpg",neutral,,auto_ocr_sentiment,train
"Invincible, Vol. 1.pdf_p0419_panel_4.jpg",neutral,,auto_ocr_sentiment,train
"Invincible, Vol. 1.pdf_p0627_panel_2.jpg",neutral,,auto_ocr_sentiment,train
"Invincible, Vol. 1.pdf_p0611_panel_7.jpg",neutral,"S NOT,
DION’T SEE HER
LEAVE. IT’S A
BIG VLACE,
THOUGH. SHE
COULD BE ANY-
WHERE.",auto_ocr_sentiment,train
"Invincible, Vol. 1.pdf_p0626_panel_1.jpg",neutral,"WELL, IT’S TOO
LATE NOW. T |

PROMISE--T’LL |
MAKE IT UP TO A

I KNOW YOU
WILL.",auto_ocr_sentiment,train
"Invincible, Vol. 1.pdf_p0624_panel_4.jpg",neutral,"AND THEN CORY SAID
“TLL SEE YOU GUYS
TOMORROW"" AND
TOTALLY Lert with
THE GUY. WE HAP TO 2
BUM A RIDE HOME Seer ety’
OFF SOME GIRL WE’D
° YOU'RE
HERE!",auto_ocr_sentiment,train
"Invincible, Vol. 1.pdf_p0804_panel_5.jpg",neutral,,auto_ocr_sentiment,train
"Invincible, Vol. 1.pdf_p0476_panel_10.jpg",neutral,"IT’D
Be",auto_ocr_sentiment,train
"Invincible, Vol. 1.pdf_p0551_panel_2.jpg",surprise,"oa!

Ss",auto_ocr_sentiment,train
"Invincible, Vol. 1.pdf_p1025_panel_0.jpg",surprise,"THE DORM ROOM OF MARK
GRAYSON ANP WILLIAM
CLOCKWELL.

a

y UPSTATE UNIVERSITY. Fer | i Oe |
a my

iA",auto_ocr_sentiment,train
"Invincible, Vol. 1.pdf_p0424_panel_0.jpg",neutral,,auto_ocr_sentiment,train
"Invincible, Vol. 1.pdf_p0563_panel_4.jpg",surprise,"YOU
KNOW--
> TWO EYES--
. MUSTACHE.

YOU 7
BICLOPS
ALL LOOK
THE SAME",auto_ocr_sentiment,train
"Invincible, Vol. 1.pdf_p0942_panel_2.jpg",fear,"GOOP--YOU'RE

STILL HERE. I’VE
. GOT A LIVE ONE
~ FOR YOU.

   
   
      
   
 

  

THE LIZARD LEAGUE
HAS TAKEN OVER A MISSILE
SILO IN WYOMING--THEY’VE

GOT THEIR FINGER ON THE

BUTTON. WE DON’T YET KNOW

WHAT THEIR TARGET IS BUT

EVERY MAJOR CITY ON

THE PLANET IS

    
   
    
 
  
  
 
 

 
   
   
 

THE BEST
PART IS THAT THIS
MISSILE WILL HAVE U,
S AND A WRITTEN ALL
OVER IT. THEY HIT He

 
     
  
  
 

   

    
 
  

WAR THREE.

 

WHICH MEANS
EVEN /F YOUR

TEAMMATES SUCCEED
IN STOPPING THE SEGUID
INVASION, IF THEY
ARE ABLE TO STOP
THEM--

  
   
  
 

   
 
 
 

 
 

THEY
MAY NOT HAVE
A PLANET TO
RETUR® HOME",auto_ocr_sentiment,train
"Invincible, Vol. 1.pdf_p0939_panel_2.jpg",sadness,"of A “I
SHORT TOPAY AND
THE WIFE FORGOT TO

PACK MY LUNCH
THIS MORNING.

 
 
 

  

|

A QUARTER A | of

p— i “i
wey
Beet

\ Sa

\",auto_ocr_sentiment,train
"Invincible, Vol. 1.pdf_p1084_panel_0.jpg",neutral,,auto_ocr_sentiment,train
"Invincible, Vol. 1.pdf_p0837_panel_0.jpg",fear,"IT SOUNPED
IMPORTANT... LIKE
IT WAS SOMETHING
I REALLY NEeEpep

 
 
   
  
  
     
    
    
 

 
 

” YOU FATHER ~
DION’T ALWAYS \ ig
WRITE TRAVEL

  

  
 
    
 

  
 

ITHING
TO DO. BOOKS. ye INK
""DIRTY LITTLE
DAD WROTE SECRET"" STASHED

IN ONE OF THESE
CABINETS OVER HERE.
THEY DIDN’T TAKE OFF,

THEY SOLD BARELY
JUST ENOUGH FOR HIM
TO DO A FEW OF

THEM... BUT I
WAS A FAN.

  
   
     
     
 
   
  

TRAVEL BOOKS
RIGHT? WE’VE GOT
THEM ALL AT THE
HOUSE. WHY
WOULD HE WANT
ME TO READ

  

  

<S",auto_ocr_sentiment,train
"Invincible, Vol. 1.pdf_p0487_panel_2.jpg",neutral,""" MAYBE YoU %
7 WERE JUST TOO",auto_ocr_sentiment,train
"Invincible, Vol. 1.pdf_p0966_panel_5.jpg",neutral,"JUST TRY

YOUR BEST--IFE
YOU CAN’T--We’LL
FIGURE SOMETHING
OUT. I PROMISE--

BUT PLEASE, KEEP

IT UP AS LONG AS

OU CAN.",auto_ocr_sentiment,train
"Invincible, Vol. 1.pdf_p0639_panel_2.jpg",neutral,,auto_ocr_sentiment,train
"Invincible, Vol. 1.pdf_p0326_panel_2.jpg",neutral,,auto_ocr_sentiment,train
"Invincible, Vol. 1.pdf_p0291_panel_1.jpg",neutral,"/

«
es
eo wAS

 

fy ‘ > 7
f",auto_ocr_sentiment,train
"Invincible, Vol. 1.pdf_p0107_panel_0.jpg",neutral,".. .BUT IF
YOU’RE TRYING
TO SLAM ME INTO
SOMETHING, YOUR
MOON IS THE
CLOSEST OPTION...
AND IT’S THAT",auto_ocr_sentiment,train
"Invincible, Vol. 1.pdf_p0128_panel_0.jpg",neutral,"I
SUPPOSE
YOU’RE ALL
WONPERING
WHY I CALLED

YOU HERE.

IF THERE
IS ONE THING
I HAVE LEARNED IN
MY LIFE THUS FAR IT’S

 

THAT THINGS CHANGE. |
T POACAABC? ALMOST",auto_ocr_sentiment,train
"Invincible, Vol. 1.pdf_p0611_panel_8.jpg",neutral,"WISH
T HAP TIME
A TOFOLLOW ff
. YOU...

 

| CM OA
wa MWe
y Ae
Li lean Ls
\ 7 QS = 4",auto_ocr_sentiment,train
"Invincible, Vol. 1.pdf_p0184_panel_4.jpg",anger,"can’ t STOP
e! I WON’T
Quit UNTIL T
SEE THEIR
BODIES
DESTROYED!",auto_ocr_sentiment,train
"Invincible, Vol. 1.pdf_p0508_panel_3.jpg",anger,"& HAV
r ON MY MIND
GIRL TROUBLE...
JRE YOU DON’T
NT TO HEAR
ABOUT IT.",auto_ocr_sentiment,train
"Invincible, Vol. 1.pdf_p0837_panel_9.jpg",neutral,,auto_ocr_sentiment,train
"Invincible, Vol. 1.pdf_p0596_panel_3.jpg",anger,"THE DEAL WAS
Ware REX WAS

HE WAS TRAINED IN
ALL MANNERS OF
GYMNASTICS AND
FIGHTING.

CHEMICALLY ALTERED TO
MAKE IT PENSER--TO

MAKE HIM STRONGER.

| 4 ; >
L. |
i
é
o",auto_ocr_sentiment,train
"Invincible, Vol. 1.pdf_p1104_panel_5.jpg",neutral,,auto_ocr_sentiment,train
"Invincible, Vol. 1.pdf_p0986_panel_0.jpg",neutral,"THE PENTAGON, THE

Lp ray

‘
a
a
4
a
‘ °",auto_ocr_sentiment,train
"Invincible, Vol. 1.pdf_p0888_panel_3.jpg",neutral,,auto_ocr_sentiment,train
"Invincible, Vol. 1.pdf_p0984_panel_1.jpg",neutral,"SURE, MAN. I
WAS LEAVING
ANYWAY.",auto_ocr_sentiment,train
"Invincible, Vol. 1.pdf_p0422_panel_5.jpg",neutral,"THERE’S A
CATCH. IT IS
IMPORTANT THAT
THE AMERICAN
PEOPLE DON’T
THINK OUR SPACE
PROGRAM IS
DEPENDANT ON
UPER-HUMANS,
50 YOU WON’T BE
INVOLVED IN
ANY KIND OF
OFFICIAL
CAPACITY.",auto_ocr_sentiment,train
"Invincible, Vol. 1.pdf_p0688_panel_2.jpg",neutral,"og
(fs
WE Pox pr",auto_ocr_sentiment,train
"Invincible, Vol. 1.pdf_p0064_panel_1.jpg",neutral,"=

a
7
8",auto_ocr_sentiment,train
"Invincible, Vol. 1.pdf_p0343_panel_1.jpg",neutral,,auto_ocr_sentiment,train
"Invincible, Vol. 1.pdf_p0043_panel_2.jpg",neutral,,auto_ocr_sentiment,train
"Invincible, Vol. 1.pdf_p0876_panel_1.jpg",neutral,,auto_ocr_sentiment,train
"Invincible, Vol. 1.pdf_p0753_panel_6.jpg",neutral,"Re 5
THIS PLACE! I MAPE IT.
I’VE BEEN PRACTICING.
I CAN DO ALL SORTS OF
THINGS WITH MY
POWERS Now.",auto_ocr_sentiment,train
"Invincible, Vol. 1.pdf_p0300_panel_1.jpg",neutral,,auto_ocr_sentiment,train
"Invincible, Vol. 1.pdf_p1103_panel_4.jpg",neutral,"On, LM SOKKY, KUVY.
I REALLY DIDN’T MEAN
TO SNAP AT YOU LIKE
THAT... I’M JUST... I’M
FRUSTRATED.",auto_ocr_sentiment,train
"Invincible, Vol. 1.pdf_p0791_panel_6.jpg",sadness,"ALL TOU Ve

   
    

L’M GOING DONE IS PISS
SON HURT-- ME OFF.
a MAKE YOU

“VEN GOING
HIS CHILD",auto_ocr_sentiment,train
"Invincible, Vol. 1.pdf_p0913_panel_2.jpg",neutral,,auto_ocr_sentiment,train
"Invincible, Vol. 1.pdf_p0818_panel_4.jpg",anger,"BEAT YOURSELE
UP OVER IT.

7 YOu DID
THE RIGHT
THING.",auto_ocr_sentiment,train
"Invincible, Vol. 1.pdf_p0494_panel_1.jpg",neutral,"""tS GOCOY 10 See YOU,
MAN. THANKS FOR COMING YX THE IMMORTAL
BY. I SUPPOSE OUR (S AVERY BUSY
FEARLESS LEAPER COULDN'T FP MAN... .
. | ~~ FORGET

BE BOTHERED TO VAY US /
LOW TIER GUARDIANS A4 THAT! THE
MAN IS A GRADE-A

A VISIT, EH?
JERK. HE VROBABLY
DOESN’T EVEN REALIZE
We WERE HURT. I TELL
YOU, ROBOT, I WASN’T
AROUND UNTIL AFTER

 
      
 

YOU’/RE TWICE THE
LEADER HE
WAS.

  

s baa =

p VA =>. ong

| 2 THE WAY YOU vs
GUIDE US OUT THERE--

CY §=69YOU REALLY HELP OUT.
THE IMMORTAL JUST PoES ,

WHAT HE DOES, HE FIGHTS |e’
THE BATTLES FOR US. THAT'S >a
NOLEADER NOTINMY Boo. £",auto_ocr_sentiment,train
"Invincible, Vol. 1.pdf_p0115_panel_1.jpg",neutral,"ARE YOU \
TALKING ABOUT? ‘Ram
I’VE GOT THE a
MANDATE FOR THIS
PLANET RIGHT
HERE!

SEE?
URATH! IT
SAYS IT RIGHT

ERE.",auto_ocr_sentiment,train
"Invincible, Vol. 1.pdf_p0521_panel_7.jpg",neutral,,auto_ocr_sentiment,train
"Invincible, Vol. 1.pdf_p0721_panel_11.jpg",neutral,,auto_ocr_sentiment,train
"Invincible, Vol. 1.pdf_p0411_panel_3.jpg",neutral,,auto_ocr_sentiment,train
"Invincible, Vol. 1.pdf_p0763_panel_1.jpg",neutral,,auto_ocr_sentiment,train
"Invincible, Vol. 1.pdf_p0677_panel_0.jpg",neutral,,auto_ocr_sentiment,train
"Invincible, Vol. 1.pdf_p0196_panel_3.jpg",neutral,,auto_ocr_sentiment,train
"Invincible, Vol. 1.pdf_p0785_panel_4.jpg",neutral,,auto_ocr_sentiment,train
"Invincible, Vol. 1.pdf_p0474_panel_3.jpg",neutral,"ETA Y
FEW PRINKS IN
YOUR MOTHER
AND THERE’S

NOT MUCH SHE
WON’T TELL 4
YOU.",auto_ocr_sentiment,train
"Invincible, Vol. 1.pdf_p0874_panel_7.jpg",neutral,,auto_ocr_sentiment,train
"Invincible, Vol. 1.pdf_p0867_panel_1.jpg",fear,"VEAN WINSLOW
BROUGHT YOU A
LETTER YESTERDAY.
IT’S ON THE

      
   
 
 

 
 

WHAT
Ake YOU
DOING TODAY?
YOU GOT",auto_ocr_sentiment,train
"Invincible, Vol. 1.pdf_p1024_panel_1.jpg",anger,"I WAS IN
A BLIND RAGE--
I COULDN’T--

IT WAS
IMPOSSIBLE
TO STOP

HAD
IT BEEN A
DIFFERENT
CIRCUMSTANCE--
HAD IT NOT BEEN &
ALONE, SOMEONE
COULD HAVE

m BEEN HURT.",auto_ocr_sentiment,train
"Invincible, Vol. 1.pdf_p0402_panel_5.jpg",neutral,,auto_ocr_sentiment,train
"Invincible, Vol. 1.pdf_p0556_panel_3.jpg",anger,"POTENTIAL TO TURN THE FORCES THROUGHOUT THE
TIDE IN OUR UNIVERSE IN HOPES OF
FAVOR. IF ONE INDIVIPUALLY CONQUERING
VILTRUMITE HAS MULTIPLE PLANETS AT
ABANDONED HIS POST, ONCE MAY BE PROVEN
SO TOO, IT STANDS TO FOLLY. C THAT
REASON, COULP OTHERS. |

BE THE CASE
IF VILTRUMITE OFFSPRING WE MUST LEARN

HS News CKING
WITH IT MANY QUESTIONS. THE VILTRUMITES’ CURRENT
QUESTIONS WITH THE TACTIC OF SPREADING THEIR

BORN ON ALIEN WORLDS
HAVE NO LOYALTY TO THE TO EXPLOIT d HIS
VILTRUM EMPIRE--WE
MUST DISCOVER IF

THERE ARE
MORE. YES,
NEWLY ADPED
REPRESENTATIVE
FROM THE PLANET
GELDARIA. WHAT
HAVE YOU TO
SAY?",auto_ocr_sentiment,train
"Invincible, Vol. 1.pdf_p0496_panel_0.jpg",neutral,,auto_ocr_sentiment,train
"Invincible, Vol. 1.pdf_p0471_panel_4.jpg",neutral,,auto_ocr_sentiment,train
"Invincible, Vol. 1.pdf_p0574_panel_3.jpg",neutral,,auto_ocr_sentiment,train
"Invincible, Vol. 1.pdf_p0453_panel_1.jpg",neutral,,auto_ocr_sentiment,train
"Invincible, Vol. 1.pdf_p0678_panel_1.jpg",neutral,"FAST. HE
WILL BE ON
S IN

MOMENTS.",auto_ocr_sentiment,train
"Invincible, Vol. 1.pdf_p0400_panel_3.jpg",neutral,,auto_ocr_sentiment,train
"Invincible, Vol. 1.pdf_p0053_panel_0.jpg",anger,"ron I

EVERYONE’S THINKING IT... AND
7M GOING TO BE THE GUY TO SAY
IT. WHATEVER HAPPENED...
COULON’T HAVE HAPPENED
TOA NICE NCH OF

JESUS, MAREK! THAT'S A PRETTY
MEAN THING TO SAY! I TALKED TO
TODD A FEW TIMES... I MEAN, I
CAN’T SPEAK FOR THE OTHER
TWO BUT HE AT LEAST
SEEMED NICE.",auto_ocr_sentiment,train
"Invincible, Vol. 1.pdf_p0627_panel_3.jpg",neutral,cN ye,auto_ocr_sentiment,train
"Invincible, Vol. 1.pdf_p0959_panel_2.jpg",neutral,,auto_ocr_sentiment,train
"Invincible, Vol. 1.pdf_p0043_panel_5.jpg",neutral,". VO YOU KNOW OF
ANY OTHER SECLUDED
PLACES AROUND

I GUESS
NOT, BUT NOW
THAT WE’RE
IN COSTUME...
HOW PO WE GET
OUT OF HERE
WITHOUT BEING
SPOTTED?",auto_ocr_sentiment,train
"Invincible, Vol. 1.pdf_p1076_panel_5.jpg",neutral,"AKROGANT. CONSIVDEKED THE
POSSIBILITY We
COULD BEAT
THEM.",auto_ocr_sentiment,train
"Invincible, Vol. 1.pdf_p0067_panel_1.jpg",neutral,,auto_ocr_sentiment,train
"Invincible, Vol. 1.pdf_p0664_panel_3.jpg",neutral,"I MEAN--
NOLAN IS AN
EARTH NAME,
RIGHT4 YOU HAP TO
HAVE A PIFFERENT
NAME ON VILTRUM.",auto_ocr_sentiment,train
"Invincible, Vol. 1.pdf_p0640_panel_5.jpg",fear,orm,auto_ocr_sentiment,train
"Invincible, Vol. 1.pdf_p0055_panel_0.jpg",neutral,"I DON’T KNOW IF
I CAN MAKE IT. I’Ve
GOT TO WORK
TONIGHT.

IF YOU WANT TO SWING BY
THE... ""SECRET LAIR"" COR
WHATEVER THE BOYS CALL
IT) AFTER SCHOOL TODAY,
I’M SURE ROBOT WOULP
BE GLAD TO SEE YOU.
YOU NEVER DID GET
BACK TO HIM ON
WHETHER OR NOT
YOU WERE GOING
TO JOIN THE
TEAM.",auto_ocr_sentiment,train
"Invincible, Vol. 1.pdf_p0224_panel_4.jpg",neutral,,auto_ocr_sentiment,train
"Invincible, Vol. 1.pdf_p0020_panel_1.jpg",neutral,,auto_ocr_sentiment,train
"Invincible, Vol. 1.pdf_p0920_panel_7.jpg",neutral,"THANKS
FOR
TOUGHING
IT OUT.",auto_ocr_sentiment,train
"Invincible, Vol. 1.pdf_p1026_panel_0.jpg",neutral,,auto_ocr_sentiment,train
"Invincible, Vol. 1.pdf_p0473_panel_1.jpg",neutral,"WHAT YOU’RE DOING 4
IS RUBBISH! THIS IS
MERELY A COMMON
TRASH BAG! GOING
BY THE AMOUNT OF
FAST FOOD WASTE,",auto_ocr_sentiment,train
"Invincible, Vol. 1.pdf_p0167_panel_1.jpg",neutral,,auto_ocr_sentiment,train
"Invincible, Vol. 1.pdf_p0180_panel_0.jpg",neutral,,auto_ocr_sentiment,train
"Invincible, Vol. 1.pdf_p0185_panel_0.jpg",anger,"THEY ABANDONED
SAMSON-- TURNED
THEIR BACKS ON HIM
WHEN He NEepep
THEM MOST!

 

FOR
THAT THEY
MUST PAY!",auto_ocr_sentiment,train
"Invincible, Vol. 1.pdf_p1029_panel_1.jpg",neutral,"IL WAS ABOUT
TO HEAD OUT
FOR A SNACK
ANYWAY...",auto_ocr_sentiment,train
"Invincible, Vol. 1.pdf_p1009_panel_2.jpg",neutral,"I COULD
QUIT
SCHOOL.",auto_ocr_sentiment,train
"Invincible, Vol. 1.pdf_p0061_panel_2.jpg",neutral,,auto_ocr_sentiment,train
"Invincible, Vol. 1.pdf_p0772_panel_5.jpg",fear,"I’M NOT HAPPY

ABOUT YOU CARTING
Me BACK HERE LIKE
I’M LITTLE MORE
THAN A SACK OF
POTATOES BUT I
KNOW [T WAS
FOR A GOOD
CAUSE.

   
   
   
     

TOOK ME
LILE FIVE
MINUTES TO
CATCH MY BREATH,
THOUGH. DIP
YOU SAVE THAT",auto_ocr_sentiment,train
"Invincible, Vol. 1.pdf_p0880_panel_1.jpg",neutral,,auto_ocr_sentiment,train
"Invincible, Vol. 1.pdf_p0664_panel_7.jpg",sadness,"I HOPE THIS TALK WE’VE
HAP IS SHOWING YOU THAT
YOU KNEW ME BETTER
THAN EVEN I WOULD
LIKE TO HAVE
ADMITTED.

I'M
SORRY, SON--
FOR EVERY-",auto_ocr_sentiment,train
"Invincible, Vol. 1.pdf_p1056_panel_4.jpg",neutral,"WHAT, LIKE TOM
NOT SMART ENOUGH
TO COMPREHEND

YOUR COSMIC
SPACE FIGHTS OK
SOMETHING?",auto_ocr_sentiment,train
"Invincible, Vol. 1.pdf_p0338_panel_1.jpg",neutral,"I
UNPERSTAND

THAT, BUT--

 

NO YOU PON’T UNDERSTAND.
EVER SINCE I GOT THESE POWERS
WHEN I WAS SIXTEEN MY

AGING PROCESS HAS
BEEN REVERSED!",auto_ocr_sentiment,train
"Invincible, Vol. 1.pdf_p0617_panel_1.jpg",neutral,,auto_ocr_sentiment,train
"Invincible, Vol. 1.pdf_p1039_panel_0.jpg",neutral,,auto_ocr_sentiment,train
"Invincible, Vol. 1.pdf_p0280_panel_4.jpg",neutral,,auto_ocr_sentiment,train
"Invincible, Vol. 1.pdf_p0205_panel_0.jpg",neutral,,auto_ocr_sentiment,train
"Invincible, Vol. 1.pdf_p1019_panel_6.jpg",neutral,,auto_ocr_sentiment,train
"Invincible, Vol. 1.pdf_p0631_panel_0.jpg",neutral,,auto_ocr_sentiment,train
"Invincible, Vol. 1.pdf_p0780_panel_0.jpg",neutral,"DID YOU KNOW
YOUR IDENTITY IS
PUBLIC IN ALMOST
FORTY PERCENT
OF THE REALITIES
YOU EXIST
IN?

  

VJ

  

THAT'S
ALMOST HALF.
THAT MEANS

YOU'RE
CARELESS.",auto_ocr_sentiment,train
"Invincible, Vol. 1.pdf_p0284_panel_3.jpg",neutral,,auto_ocr_sentiment,train
"Invincible, Vol. 1.pdf_p0820_panel_0.jpg",neutral,,auto_ocr_sentiment,train
"Invincible, Vol. 1.pdf_p0211_panel_5.jpg",fear,"JUST BECAUSE TM
PISSED OFF AT YOU FOR
WHAT YOU DIP TO Eve
DOESN’T MEAN T WANT
TO SEE YOU
PEAP.

     
 
   
   
 
  
 

 
 

THAT
DOESN’T MEAN
I’M SPEAKING",auto_ocr_sentiment,train
"Invincible, Vol. 1.pdf_p0387_panel_5.jpg",neutral,"YEAH--T HAV A
WEEK LIKE THAT,
TOO. I FINALLY
JUST TOLD HIM
TO--",auto_ocr_sentiment,train
"Invincible, Vol. 1.pdf_p1077_panel_3.jpg",neutral,,auto_ocr_sentiment,train
"Invincible, Vol. 1.pdf_p0081_panel_1.jpg",disgust,"VAKT IS SO MUCK
EASIER THAN
THE THINKING
PART.",auto_ocr_sentiment,train
"Invincible, Vol. 1.pdf_p0677_panel_3.jpg",neutral,"I THINK
HE’S GETTING
CLOSER.",auto_ocr_sentiment,train
"Invincible, Vol. 1.pdf_p0383_panel_1.jpg",neutral,,auto_ocr_sentiment,train
"Invincible, Vol. 1.pdf_p0525_panel_9.jpg",fear,"THE MIDPLE OF THE
APOLOGY --HE

ARTED TALKING TO

MSELF--TOUCHED

5S EAR--AND THEN

JUMPED OUT OF
THE WINDOW.

    
  

I LOOKED
OUT THE
WINDOW AND

HE WAS GONE.
JUST GONE.",auto_ocr_sentiment,train
"Invincible, Vol. 1.pdf_p0014_panel_4.jpg",fear,"JUST BECAUSE BULLETS BOUNCE
OFF ME POESN’T MEAN THEY FEEL
LIKE BACK RUBS! THERE WERE
AT LEASE SIX COPS BACK
THERE READY TO
OVEN FIRE!

 
  
 
 
   
   
  

BESIDES...
THEY WON’T
CATCH US.",auto_ocr_sentiment,train
"Invincible, Vol. 1.pdf_p0252_panel_5.jpg",anger,"ASIDE FROM ENSURING THE PLANET
PID NOT BECOME STRONG ENOUGH TO
DEFEND ITSELF FROM US, IT WOULD
BE OURS TO DO WITH AS WE PLEASED
FOR FIVE HUNDRED YEARS.

mM sport""
Ag
yj

AT THE END OF THAT TIME, THE
KNOWLEDGE We HAP COLLECTED
WOULD BE USED TO QUICKLY AND
EFFICIENTLY BRING THE PLANET
UNDER VILTRUM RULE.

IEA

My gS
N",auto_ocr_sentiment,train
"Invincible, Vol. 1.pdf_p0639_panel_10.jpg",neutral,,auto_ocr_sentiment,train
"Invincible, Vol. 1.pdf_p0380_panel_0.jpg",fear,"7

 

  

THEY'RE
RETREATING?

. —Z ve

pune ' rrr | i} ,
A 4 \eee eo
eel Th ' iN WS ‘4

 

ey ry ™.\

 

Et a. |

  
 

  

he ny
Fey | cfd

YOU GUYS

“hea

 

DISAPPOINTED.

 

 

Fd

ae",auto_ocr_sentiment,train
"Invincible, Vol. 1.pdf_p0434_panel_4.jpg",neutral,"———d
———

""
A
ys.

bd
Ls}
|

|
PN",auto_ocr_sentiment,train
"Invincible, Vol. 1.pdf_p0545_panel_8.jpg",neutral,"SO
THAT’S ME--
SUVERHERO
MARK. THAT’S
EVERY-
THING.",auto_ocr_sentiment,train
"Invincible, Vol. 1.pdf_p0113_panel_3.jpg",surprise,"WHAT ARE
YOU TALKING
ABOUT? DIDN'T

THEY EXPLAIN IT
ALL TO YOU?
DON’T YOU
KNOW?",auto_ocr_sentiment,train
"Invincible, Vol. 1.pdf_p0062_panel_3.jpg",neutral,I’LL BE,auto_ocr_sentiment,train
"Invincible, Vol. 1.pdf_p0112_panel_0.jpg",neutral,"WHAT

WERE YOU
SAYING EARLIER...
ABOUT MY
PREDECESSOR?",auto_ocr_sentiment,train
"Invincible, Vol. 1.pdf_p0476_panel_9.jpg",neutral,"Ver ime WAT, 2 GUILIA
SAY, IT’S NICE TO
ACTUALLY SPEND
SOME TIME WITH
YOU, MOM.

     
   
 
  

WE
SHOULD
REALLY DO
THIS MORE
OFTEN.",auto_ocr_sentiment,train
"Invincible, Vol. 1.pdf_p0129_panel_4.jpg",neutral,,auto_ocr_sentiment,train
"Invincible, Vol. 1.pdf_p1000_panel_2.jpg",disgust,"Year, Wetl--
THE COSTUMED
PARTS OF MY
LIFE ARE THE
ONLY PARTS
THAT DON’T
TOTALLY
SUCK.

I CAN’T
BELIEVE LI
BROKE
UV WITH
AMBER.",auto_ocr_sentiment,train
"Invincible, Vol. 1.pdf_p0054_panel_4.jpg",neutral,,auto_ocr_sentiment,train
"Invincible, Vol. 1.pdf_p0498_panel_1.jpg",neutral,,auto_ocr_sentiment,train
"Invincible, Vol. 1.pdf_p0748_panel_7.jpg",neutral,"NJ
I’ve GOT
TO MAKE A
PHONE

 

Ly CG :
Lae “Y
2 NOOO

4",auto_ocr_sentiment,train
"Invincible, Vol. 1.pdf_p0048_panel_4.jpg",neutral,,auto_ocr_sentiment,train
"Invincible, Vol. 1.pdf_p0699_panel_1.jpg",joy,"FOOLISH CHILP.
YOU'LL PIE SOON

ENOUGH!",auto_ocr_sentiment,train
"Invincible, Vol. 1.pdf_p0160_panel_0.jpg",anger,"POES--NOT-
-COMPUTE!",auto_ocr_sentiment,train
"Invincible, Vol. 1.pdf_p0186_panel_2.jpg",neutral,,auto_ocr_sentiment,train
"Invincible, Vol. 1.pdf_p0748_panel_8.jpg",neutral,,auto_ocr_sentiment,train
"Invincible, Vol. 1.pdf_p0140_panel_5.jpg",neutral,,auto_ocr_sentiment,train
"Invincible, Vol. 1.pdf_p0290_panel_1.jpg",neutral,"ei
Zon AK ,
eG

Y
Ss

\ ge OG a
GHOMUNE",auto_ocr_sentiment,train
"Invincible, Vol. 1.pdf_p0643_panel_0.jpg",neutral,"S0--THE

{ FIGHTING IS
OVER? WE'RE |}

\ PONE WITH /
THAT?",auto_ocr_sentiment,train
"Invincible, Vol. 1.pdf_p0170_panel_0.jpg",neutral,,auto_ocr_sentiment,train
"Invincible, Vol. 1.pdf_p0320_panel_3.jpg",neutral,"YOUK PHYSICS TEACHEK,
THERE’S NOTHING TO TIE
YOU WITH THIS REGION.

FOR THE MOST PART,
YOU'VE BOTH BEEN
ACTIVE IN ALL PARTS
OF THE WORLD. IT’S
ONLY SPECULATED
THAT YOU ARE
AMERICAN.

   
    
     
   
     
   
       
   
     

YOU COULP
Be ANY NUMBER
OF THOUSANDS
OF “MARKS” ON
THIS CARTH.",auto_ocr_sentiment,train
"Invincible, Vol. 1.pdf_p0817_panel_1.jpg",sadness,"WAS HERE?
BUT--7

PROBABLY ‘a
GOT THEM OUT. = y

 

THERE’S NOTHING I
| TO WORRY ABOUT.",auto_ocr_sentiment,train
"Invincible, Vol. 1.pdf_p0920_panel_4.jpg",neutral,,auto_ocr_sentiment,train
"Invincible, Vol. 1.pdf_p0109_panel_1.jpg",anger,"YOUR
PREDECESSOR
WASN’T MUCH IN THE
WAY OF CONVERSATION.
SOME THINK THAT’S A
SIGN OF DETERMINATION
BUT TI THINK IT’S A NEED

FOR CONCENTRATION
THAT INPICATES
WEAKNESS. OF

COURSE, I

DON’T THINK I

EVER FOUGHT
HIM THIS

LONG.",auto_ocr_sentiment,train
"Invincible, Vol. 1.pdf_p0102_panel_1.jpg",anger,"DAD,
WAIT! How
AM I SUPPOSED
TO FIGHT THIS
GUY IN ORBITZ
HOW WILL T
BREATHE?",auto_ocr_sentiment,train
"Invincible, Vol. 1.pdf_p0962_panel_4.jpg",fear,"OH--TREY VO--
THEY'VE GOT
HUNDREDS OF
SMALLER SHIPS
IN THIS THING,
THEY’RE IN THE
HANGAR BAY--

LEVEL 84.

THEY USED
TO TAKE MY
SCHOOL ON
TOURS

THROUGH THIS
SHIP--I’VE
MEMORIZED
ALMOST THE

 
 
 
 
 
 
  
  
  
 
 
 
 
 
  
 
 
 
 
 
 

IT WOULD
TAKE US A WHILE
TO GET THERE
FROM HERE--
BUT I KNOW
THE WAY.",auto_ocr_sentiment,train
"Invincible, Vol. 1.pdf_p0094_panel_4.jpg",neutral,"SOUNDS
LIKe A VLAN
TO ME. THE

SOONER TIT PUT
THIS BEHIND
ME THE
BETTER.",auto_ocr_sentiment,train
"Invincible, Vol. 1.pdf_p0984_panel_2.jpg",neutral,"I’M GLAD YOU’RE
BACK. YOU’RE ALIVE
ANP THE PLANET IS

STILL HERE SOT
TAKE IT THINGS
WENT WELL.",auto_ocr_sentiment,train
"Invincible, Vol. 1.pdf_p1004_panel_0.jpg",neutral,"ew i viedca

 
  
 
 
 

   
  
   
  
   
     

I HAVEN’T
TOLD MOM YET.
I WANTED TO
SURPRISE
YOU.

  

MISSION
ACCOMPLISHED.

‘
Te uey

~y ~ co 3S SN NY ‘ . RD Gk CS PSS{ soe. ~* ne
YON .s * ~
~ ~ NK ‘ ~ A XK \ Nu Ct are . . .

~ | - ™ N . ~

Ne ~* SSS ~~ XN “XN ~\N OS NA . . .
~ . . ; ae ~‘N™ ~~ ~ re
\’ ~\~ ~ . NN SS NNN N ON . .™“ . ~~ uXKe™ a
AQ ‘\ NAKKS S ~ on ~ ~ SANNA ~ vN\S

~ SPOR NWAL ™ ‘ ™ NN SAAN nN ~ . \Q MAIN ‘ ; .
™ SAKA > ~ CRAN OS OLS AROS AAR NON NS CNN en L '

. “NOUN .
NMS ~ ~ x ~ ~ ANAK. .

“NS SANS 7 SS

«

~ oN . NNN “> NX
~~ > . ~ ~wo ON y 4 . N NN,
es = SEE ~~ wa ™~ La 7 mw > NN ce AK™ ~ oS ~ shit yO s",auto_ocr_sentiment,train
"Invincible, Vol. 1.pdf_p0495_panel_5.jpg",neutral,"CECIL WON'T |
RELEASE HER,
1'M SURE",auto_ocr_sentiment,train
"Invincible, Vol. 1.pdf_p0840_panel_0.jpg",neutral,,auto_ocr_sentiment,train
"Invincible, Vol. 1.pdf_p0596_panel_4.jpg",anger,"HE WAS ALSO GIVEN OTHER...
ENHANCEMENTS. |

THE ABILITY TO CHARGE
MOLECULES TO AN UNSTABLE",auto_ocr_sentiment,train
"Invincible, Vol. 1.pdf_p0448_panel_4.jpg",neutral,,auto_ocr_sentiment,train
"Invincible, Vol. 1.pdf_p0377_panel_2.jpg",neutral,,auto_ocr_sentiment,train
"Invincible, Vol. 1.pdf_p0110_panel_0.jpg",neutral,,auto_ocr_sentiment,train
"Invincible, Vol. 1.pdf_p1008_panel_8.jpg",neutral,". YOUR
FATHER.",auto_ocr_sentiment,train
"Invincible, Vol. 1.pdf_p0612_panel_0.jpg",neutral,,auto_ocr_sentiment,train
"Invincible, Vol. 1.pdf_p0542_panel_4.jpg",anger,"ANWAY--
> CAME AFTER

FATHER. IT WAS
= NEWS THAT THEY
> FIGHTING--SO I
J TO WHERE THEY
rE, NOT KNOWING
{AT WAS GOING
ON.",auto_ocr_sentiment,train
"Invincible, Vol. 1.pdf_p1086_panel_2.jpg",anger,"KATE NEVEK SAID
YOU WERE CRAZY!
WHY WOULD YOU
THING T KILLED HERS
I KILLED THE GUY
WHO KILLED HER...
ANP ONLY THEN
BECAUSE

I WAS
DESPERATE!",auto_ocr_sentiment,train
"Invincible, Vol. 1.pdf_p0086_panel_0.jpg",neutral,"I’ve
BEEN USING

SECONDARY OPERATING
SYSTEMS TO RUN CHECKS

ON ALL EMPLOYEES OF

YOUR HIGH SCHOOL.
TEACHERS, CUSTODIANS,
BUS DRIVERS,
EVERYONE, AND

——",auto_ocr_sentiment,train
"Invincible, Vol. 1.pdf_p0607_panel_7.jpg",neutral,"mous 2

UP LATER?

9
&
E
o
S
tA
\
(
S
w
w
9
W

iS THERE ANY WAY I
COULD LEAVE THESE
HERE ANP VICK THEM",auto_ocr_sentiment,train
"Invincible, Vol. 1.pdf_p0021_panel_3.jpg",neutral,,auto_ocr_sentiment,train
"Invincible, Vol. 1.pdf_p1040_panel_4.jpg",neutral,,auto_ocr_sentiment,train
"Invincible, Vol. 1.pdf_p0639_panel_4.jpg",neutral,"MISS GRAYSON.
HOW MANY TIMES
HAVE T TOLD YOU
O CALL ME CECIL2
ESIDES, IF I START
TELEPORTING INTO
THE FRONT LAWN,
40W LONG DO YOU
THINK YOUR SON’S
SECRET IDENTITY
WILL LAST?",auto_ocr_sentiment,train
"Invincible, Vol. 1.pdf_p0731_panel_7.jpg",surprise,"WOW, YOU CAME
To see ME BEFORE
AMBER? I THINK
YOU'RE BACK TO
BEING THE GAY

ONE.",auto_ocr_sentiment,train
"Invincible, Vol. 1.pdf_p0472_panel_0.jpg",neutral,": g
ls
m iO |
* : v
\""\
\",auto_ocr_sentiment,train
"Invincible, Vol. 1.pdf_p0424_panel_1.jpg",neutral,"if,",auto_ocr_sentiment,train
"Invincible, Vol. 1.pdf_p0773_panel_2.jpg",neutral,,auto_ocr_sentiment,train
"Invincible, Vol. 1.pdf_p0067_panel_0.jpg",neutral,,auto_ocr_sentiment,train
"Invincible, Vol. 1.pdf_p0685_panel_7.jpg",surprise,"SOMETHING
LIKE THAT--
YEAH. WHAT’S
THE BIG DEAL,
BRIDGET 4",auto_ocr_sentiment,train
"Invincible, Vol. 1.pdf_p0888_panel_0.jpg",neutral,"NOT THE WALL,
BUT CLOSE
ENOUGH.

    
   

-— 7

nd

\\",auto_ocr_sentiment,train
"Invincible, Vol. 1.pdf_p0452_panel_3.jpg",neutral,,auto_ocr_sentiment,train
"Invincible, Vol. 1.pdf_p0984_panel_6.jpg",fear,"WELL, I'M INVINCIBLE AND
THAT WAS COOL FOR LIKE THE
FIRST FIVE MINUTES YOU
KNEW... THINGS WERE GREAT.
I HAP THIS AWESOME EXCUSE
FOR STANDING YOU UP ALL THE
TIME--ANP CUTTING OUT EARLY

WHILE WE WERE OUT. IT WAS
.  LIKE--ALL OF A SUPDEN
THINGS MADE
SENSE.

 
 
 
 
 
 
 
 
 
 
 
 
 
 
 
 
 
  

  
   
 
 
 
 
  
  
 
 
 
  
 

YOU KNEW
WHY I WAS A
CRAVVY
BOYFRIEND
AND THAT MADE

IT OKA

[( BUT THEN
THINGS GOT
WORSE.",auto_ocr_sentiment,train
"Invincible, Vol. 1.pdf_p0684_panel_0.jpg",fear,"ne |
rt

\

‘

SOMEWHERE
ELSE ENTIRELY
(THOUGH STILL
ON EARTH).

ov

WW

 

hay

| or

 

9",auto_ocr_sentiment,train
"Invincible, Vol. 1.pdf_p0765_panel_1.jpg",neutral,,auto_ocr_sentiment,train
"Invincible, Vol. 1.pdf_p0255_panel_2.jpg",neutral,"THAN PROCREATION WAS A
WELCOME SURPRISE.",auto_ocr_sentiment,train
"Invincible, Vol. 1.pdf_p0810_panel_3.jpg",neutral,,auto_ocr_sentiment,train
"Invincible, Vol. 1.pdf_p0651_panel_3.jpg",neutral,,auto_ocr_sentiment,train
"Invincible, Vol. 1.pdf_p0272_panel_0.jpg",neutral,"I’VEe SEEN YOU SAVE
PEOPLE... I’VE SEEN YOU
PROTECT THEM. YOU MAY
HAVE BEEN A COLD-HEARTED",auto_ocr_sentiment,train
"Invincible, Vol. 1.pdf_p0538_panel_11.jpg",anger,"LEVEN FUT TOGETHEK
ALITTLE COSTUME, TO
MASK MY IDENTITY
WHILE I PRACTICED
FLYING. RUBBER
GLOVES, A BANDANA--
SWEATPANTS. IT WAS
RIVICULOUS.",auto_ocr_sentiment,train
"Invincible, Vol. 1.pdf_p0078_panel_0.jpg",neutral,"I MEAN, IT’S LATE ANP
ALL BUT I JUST WANTED
TO LET HER KNOW SO
THAT--",auto_ocr_sentiment,train
"Invincible, Vol. 1.pdf_p0061_panel_1.jpg",neutral,"eG
yor N",auto_ocr_sentiment,train
"Invincible, Vol. 1.pdf_p0937_panel_2.jpg",neutral,"“T DON’T “I DON'T
HAVE A REALLY HAVE
CHOICE, TIME TO TALK,

AMBER. AMBER.”

“7 DON'T
KNOW WHEN
I'LL BE BACK, }

AMBER.”",auto_ocr_sentiment,train
"Invincible, Vol. 1.pdf_p0759_panel_0.jpg",neutral,"WHAT ARE I LIKE TO SIT =
YOU DOING UP HERE--WATCH
UP HERE? THE SUNRISE, LOOK
7 AT THE HORIZON, THE
ANIMALS, WHATEVER.
IT’S $0 PEACEFUL
OUT HERE.",auto_ocr_sentiment,train
"Invincible, Vol. 1.pdf_p0385_panel_2.jpg",neutral,"THERE'S NO TWO WAYS ABOUT YF EFFECTIVE IMMEDIATELY, HE
IT. YOURE NOT FIT TO LEAD. we IS THE LEADER OF THIS TEAM.
STOPPED AN ALIEN INVASION YOU'RE WELCOME TO STAY ON
THROUGH LUCK. HAD THE AS A MEMBER. I THINK WITH
INMORTAL BEEN IN CONTROL YOUR INTELLIGENCE YOU
OF THIS TEAM, THIS CAN BE VALUABLE IN +
NEVER WOULD HAVE THAT CAPACITY. BUT THE
YOURS TO
MAKE.",auto_ocr_sentiment,train
"Invincible, Vol. 1.pdf_p0440_panel_1.jpg",neutral,"=~
:

 

|

pr Shy
K Ses [pet FF

(Crea

' a }

p
/ a iY",auto_ocr_sentiment,train
"Invincible, Vol. 1.pdf_p0823_panel_1.jpg",neutral,"——/ , pesbie = NL
GRAYSON I’M APRIL HOWSAM, I’M
ASSUME? /=F\ Your SON’s New TUTOR.
a — CECIL STEDMAN SENT ME.
HE DIDN’T TELL YOu I

WAS COMING PIP A
Dy = ae

a HE’S VERY
FORGETEUL--OR
IS IT NEGLIGENT?
NEVER MIND. ARE YOU
GOING TO INVITE ME IN2 I
FEEL LIKE SOMETHING’S
GOING TO FALL ON MY HEAD
OUT HERE WITH ALL
THIS CONSTRUCTION
BEING DONE.

pli we

Hii",auto_ocr_sentiment,train
"Invincible, Vol. 1.pdf_p0663_panel_0.jpg",neutral,"YOU SEE
THE COLOR OF
HIS SKIN, HOW
’'S DIFFERENT
IM OURS? THAT’S
AUSE ANDRESSA’S
OPLE AKE NOT AS
OMPATIBLE WITH
ILTRUMITE DNA
AS HUMANS
— WERE.",auto_ocr_sentiment,train
"Invincible, Vol. 1.pdf_p0281_panel_1.jpg",neutral,,auto_ocr_sentiment,train
"Invincible, Vol. 1.pdf_p0334_panel_0.jpg",neutral,"f\ \/
rf
wy",auto_ocr_sentiment,train
"Invincible, Vol. 1.pdf_p0933_panel_4.jpg",surprise,"OH, THIS
STINKS. I DON’T
WANT TO BE AWAY
FROM MY HUSBANP

SO SOON AFTER
OUR WEDDING.",auto_ocr_sentiment,train
"Invincible, Vol. 1.pdf_p0910_panel_2.jpg",neutral,,auto_ocr_sentiment,train
"Invincible, Vol. 1.pdf_p0181_panel_1.jpg",neutral,"WELL... THAT'S NOT
GOOD NEWS. T’LL LET
YOU KNOW IF I HEAR

ANYTHING. SOMEONE’S
BOUND TO TAKE
CREDIT FOR IT
SOONER OR

OH, THERE’S
THE FAMILY...
I’M GOING TO
GO FINP OUR
SEATS,",auto_ocr_sentiment,train
"Invincible, Vol. 1.pdf_p0759_panel_6.jpg",neutral,,auto_ocr_sentiment,train
"Invincible, Vol. 1.pdf_p1084_panel_1.jpg",neutral,,auto_ocr_sentiment,train
"Invincible, Vol. 1.pdf_p0792_panel_2.jpg",neutral,,auto_ocr_sentiment,train
"Invincible, Vol. 1.pdf_p0830_panel_3.jpg",anger,"WHOA, THERE!
TREAP CAREFULLY
“ROM HERE ON OUT.

CERTAIN PETAILS
COULD BE
HAZARDOUS TO

MY AGING

> HEART.
SHE CAN P
ONLY BEAT

Y’KNOW. X°",auto_ocr_sentiment,train
"Invincible, Vol. 1.pdf_p0478_panel_3.jpg",neutral,,auto_ocr_sentiment,train
"Invincible, Vol. 1.pdf_p0351_panel_2.jpg",neutral,,auto_ocr_sentiment,train
"Invincible, Vol. 1.pdf_p0682_panel_1.jpg",neutral,,auto_ocr_sentiment,train
"Invincible, Vol. 1.pdf_p0794_panel_1.jpg",neutral,,auto_ocr_sentiment,train
"Invincible, Vol. 1.pdf_p0095_panel_1.jpg",neutral,,auto_ocr_sentiment,train
"Invincible, Vol. 1.pdf_p0772_panel_4.jpg",neutral,"GOOD AT ACTING
THOUGH HAVEN'T

YOu’RE NOT
SERIOUSLY
MAD AT ME,
ARE YOU?",auto_ocr_sentiment,train
"Invincible, Vol. 1.pdf_p0196_panel_2.jpg",neutral,"PY IN Ail? £2

] NUMBER ON US BEFOR
WE GOT THEM, CAPTAIN
(IT’S GOING TO TAKE AT
LEAST FORTY-Five
MINUTES UNTIL
WE'RE BACK
ON-LINE.",auto_ocr_sentiment,train
"Invincible, Vol. 1.pdf_p0228_panel_6.jpg",neutral,,auto_ocr_sentiment,train
"Invincible, Vol. 1.pdf_p0704_panel_6.jpg",neutral,"YOU'VE ONLY GOT YOURSELF
TO BLAME, THOUGH. YOU MADE
IT CLEAR TO ME, THAT WORKING
TOGETHER, WITH MYSELF, ONLY
WORKS IF I’M UNAWARE OF SO YOU
WHICH ONE IS THE JUST HAD
CLONE.

TOGO.",auto_ocr_sentiment,train
"Invincible, Vol. 1.pdf_p0598_panel_8.jpg",anger,"|] .- AND THEN DEFENDED
|| THEM AGAIN.",auto_ocr_sentiment,train
"Invincible, Vol. 1.pdf_p0378_panel_5.jpg",neutral,"I NEVE ’
SAID ANYTHING ¥
ABOUT
a GIVING UP.

BEAT THEM...

WE ALWAYS

po. We HAVE
0.",auto_ocr_sentiment,train
"Invincible, Vol. 1.pdf_p0587_panel_5.jpg",neutral,WL HOR,auto_ocr_sentiment,train
"Invincible, Vol. 1.pdf_p0962_panel_2.jpg",neutral,"THAT PULSE
DISRUPTED THEIR
PSYCHIC LINK--
EVEN RENPERED
THE SEGUIDS
UNCONSCIOUS
FOR A FEW MINUTES-
IF IT DISMANTLE MY
ARMOR I CAN USE
\ THE COMPONENTS
. TO AMPLIFY ITS
» EFFECT. 4

, l— I COULD
GET CLOSE ENO
TO THE HOST--

ENOUGH FOR US
> GET HIM OUT
OF HERE.",auto_ocr_sentiment,train
"Invincible, Vol. 1.pdf_p0635_panel_4.jpg",neutral,,auto_ocr_sentiment,train
"Invincible, Vol. 1.pdf_p0997_panel_3.jpg",neutral,"IS AN EIGHT
YEAR-OLP ff
BOY.",auto_ocr_sentiment,train
"Invincible, Vol. 1.pdf_p0499_panel_4.jpg",surprise,"YEAH--THANKS FOR
THAT. I’M GOING TO
GO BEAT THE CRAP
OUT OF A BUNCH
OF BAP GUYS

TELL
EVE I SAID--
OH, SORRY. T
FORGOT THAT
SHE PUMPED

YOU.",auto_ocr_sentiment,train
"Invincible, Vol. 1.pdf_p0628_panel_1.jpg",neutral,,auto_ocr_sentiment,train
"Invincible, Vol. 1.pdf_p0806_panel_3.jpg",neutral,,auto_ocr_sentiment,train
"Invincible, Vol. 1.pdf_p1077_panel_2.jpg",surprise,"S0--I
mrt! GUESS EVE
CAME TO

SEE YOU?",auto_ocr_sentiment,train
"Invincible, Vol. 1.pdf_p0102_panel_2.jpg",neutral,"CAN HOLD MY
BREATH FOR TWO
WEEKS. YOU SHOULD
BE ABLE TO HOLD
OUT FOR AN HOUR AT
LEAST. I’ve GOT
0 GO, YOU'LL
PO FINE.

REALLY?

I GUESS I
NEVER TRIED
THAT. I
MEAN... IF YOU
SAY 50...",auto_ocr_sentiment,train
"Invincible, Vol. 1.pdf_p0384_panel_3.jpg",joy,"I KNOW.

IT’S JUST--MY
DAD... I--IT’S HARD
TO EXPLAIN. WHEN
I’M WITH YOu--IT
MAKES ME HAPPY.
FEELING HAPPY
AFTER EVERYTHING
THAT HAPPENED
JUST DION’T SEEM
RIGHT.",auto_ocr_sentiment,train
"Invincible, Vol. 1.pdf_p0372_panel_4.jpg",neutral,,auto_ocr_sentiment,train
"Invincible, Vol. 1.pdf_p0091_panel_2.jpg",neutral,,auto_ocr_sentiment,train
"Invincible, Vol. 1.pdf_p0733_panel_3.jpg",sadness,"[’M JUST UPSET.
JU’VE NEVER BEEN
INE THAT LONG. TI
UST--I’M HAVING
ROUBLE DEALING

 
 
 
 
  
 
 
  
  
 
 
 
 
 
 
 
    

REALLY DO.

I’M SO
HAPPY THAT
‘OU’RE BACK--
VE GOT ALOT OF
MXED FEELINGS

RIGHT NOW. I

PON’T KNOW
WHETHER TO
HUG YOU OR
HIT YOU.",auto_ocr_sentiment,train
"Invincible, Vol. 1.pdf_p0187_panel_0.jpg",neutral,,auto_ocr_sentiment,train
"Invincible, Vol. 1.pdf_p1000_panel_5.jpg",neutral,"reason
IF YOU’RE
ABSOLUTE LAST GOING TO BE
THING ITNEED LIKE THAT I’M
TO HEAR. OUT OF HERE.
I’ve GOT PLENTY
OF BETTER THINGS
I COULD BE
DOING WITH
MY TIME.

OH,
COME ON,
MAN--I WAS
JUST TRYING

WHERE ARE
YOU GOING--
WHAT’S BETTER
THAN HANGING",auto_ocr_sentiment,train
"Invincible, Vol. 1.pdf_p0747_panel_10.jpg",neutral,"IT’S GOT SOME
IND OF COUNTRY
VE IN FRONT OF IT
NP ALL KINDS OF

RA NUMBERS. SEE
~ECIL CAN KNOCK

= COST OFF YOUR

. ANYTHING MORE
AN FIVE MINUTES
WILL COST A
FORTUNE.",auto_ocr_sentiment,train
"Invincible, Vol. 1.pdf_p0201_panel_0.jpg",neutral,"nahn. |
Aaa heal
Pa “lay",auto_ocr_sentiment,train
"Invincible, Vol. 1.pdf_p0164_panel_0.jpg",neutral,,auto_ocr_sentiment,train
"Invincible, Vol. 1.pdf_p0723_panel_6.jpg",neutral,,auto_ocr_sentiment,train
"Invincible, Vol. 1.pdf_p0536_panel_1.jpg",neutral,"YOU HAVE NO IDEA
HOW GOOP IT FEELS
TO FINALLY GET THAT

OFF MY CHEST. I’M

S0 HAPPY YOU’RE
Sn THIS SO

   
    

WELL.
I’ve
BEEN

PRETTY",auto_ocr_sentiment,train
"Invincible, Vol. 1.pdf_p1077_panel_1.jpg",neutral,"YEAH--SOME LAST
MINUTE ADUUSTMENTS
TO MY NEW HAND.
NOTHING MAJOR.

I CAN

CONTROL THE
DISTANCE A
LITTLE BETTER
NOW. PRETTY
COOL.",auto_ocr_sentiment,train
"Invincible, Vol. 1.pdf_p0014_panel_5.jpg",anger,"WHATEVER. JUST
GET US OVER
THAT FENCE.",auto_ocr_sentiment,train
"Invincible, Vol. 1.pdf_p0681_panel_0.jpg",neutral,"BACK ON EARTH. |

THE E HIDDEN ROCKY
TH NE GUARPIANS
OF THE GLOBE.

a",auto_ocr_sentiment,train
"Invincible, Vol. 1.pdf_p0878_panel_0.jpg",neutral,,auto_ocr_sentiment,train
"Invincible, Vol. 1.pdf_p0762_panel_6.jpg",neutral,"CAN WE JUST
CHANGE THE
SUBUECT?

I’D
REALLY
LIKE TO JUST
CHANGE THE
SUBUJECT.",auto_ocr_sentiment,train
"Invincible, Vol. 1.pdf_p0721_panel_5.jpg",neutral,,auto_ocr_sentiment,train
"Invincible, Vol. 1.pdf_p0986_panel_5.jpg",anger,"PUPE--I WAS JOKING.
T KNOW YOU SAVED THE
WORLD. MY THING IS
BEING KEPT HUSH-HUSH.
THEY DON’T WANT THE
PUBLIC TO KNOW THEY
ALMOST BOUGHT IT PON’T FEE
GUILTY",auto_ocr_sentiment,train
"Invincible, Vol. 1.pdf_p0828_panel_4.jpg",fear,"GOOD, BECAUSE I'M
NOT ATTRACTED TO

CHILDREN--WHICH

Y'KNOW, IS PART OF
THE PROBLEM.

 
 
    
  

 
  

YOU
ARE KINDA
CUTE,
THOUGH.

  
  

3/ COULD HANG OUT \
y SOME TIME, IF YOU
WANTEP. THE TWO
OF US GOULP SPEND
TIME TOGETHER
WITHOUT TURNING",auto_ocr_sentiment,train
"Invincible, Vol. 1.pdf_p1041_panel_5.jpg",neutral,"JUST
REMEMBER--
WE’RE SAVING
PEOPLE--NOT

MY BEST TO

\ REMEMBER.",auto_ocr_sentiment,train
"Invincible, Vol. 1.pdf_p0364_panel_2.jpg",neutral,"a Coy
ee

AC) wi Ld oe =|) LS

eee ae
SS ee

ee 7

Eo, =",auto_ocr_sentiment,train
"Invincible, Vol. 1.pdf_p0918_panel_0.jpg",neutral,"NEWL
OLIVE

AVOrPTEV
R GRAYSON. |",auto_ocr_sentiment,train
"Invincible, Vol. 1.pdf_p0760_panel_11.jpg",neutral,,auto_ocr_sentiment,train
"Invincible, Vol. 1.pdf_p0308_panel_3.jpg",anger,"HIGHLY UNORTHODOX
IR FOR A VILTRUMITE.
’T JUST LEAVE THEIR
HEY DESTROYED MY
VORLD HUNDREDS OF
AGO. MY PEOPLE ARE
OMADIC SPECIES
JSE WE RESISTED
ILTRUMITES WHEN
Y ATTEMPTED TO
TAKE OVER.",auto_ocr_sentiment,train
"Invincible, Vol. 1.pdf_p0982_panel_1.jpg",neutral,,auto_ocr_sentiment,train
"Invincible, Vol. 1.pdf_p0409_panel_3.jpg",neutral,,auto_ocr_sentiment,train
"Invincible, Vol. 1.pdf_p0055_panel_5.jpg",surprise,"OH. HEY,
WILLIAM...
GOING OUT
WHERE?

DON’T PLAY
DUMB WITH Me.
YOU TWO ARE AN
ITEM, BOYFRIEND AND
GIRLFRIEND, AND ALL
THE PERKS THAT
COME WITH IT.",auto_ocr_sentiment,train
"Invincible, Vol. 1.pdf_p0771_panel_1.jpg",fear,"No! FoR WHAT z
I’M PAYING YOU--
YOU WILL DO EVERY
SINGLE THING

I ASK YOU To--
MY WAY.

  
 
 
 
  
    
 
   
 

THIS WOULD BE EASIER ¥
IF YOU WOULD JUST
ALLOW US TO DO THE
PROCEDURE AT

   
      
 
 
 
 

  
 
 

THEN WE
—7 WOULDN’T HAVE ¥
TO TAZE THE TIME
TO MOVE AND
REASSEMBLE ,
EVERYTHING.

  
    
 

THIS ISN’T
SUPPOSED

    
 

AND I WANT MY MIND--
ALL MY KNOWLEDGE--
ALL MY VERSONALITY--
I WANT THE CLONE TO BE
PERFECT, NO
DIFFERENCES BEYOND 4g
THE PHYSICAL.

 
   
     
   
  
 
 
 
 
 
  
  
  
 
 
 
  

I CLONED THIS ONE
A FEW SHORT WEEKS
AGO--AND HE CAN’T

EVEN TELL. IT’S A
SEAMLESS PROCESS.
THAT'S WHY YOU’VE

CONTACTED Z\

THAT IS
OMETHING

     
     
   
    
   
   
  
  
 

TAKEN INTO
ACCOUNT.

    

.
{
KEEP IN
MIND--THE
PROCESS WILL
NOT ERASE YOUR
MIND--OR TRANSFER
YOU INTO THE NEw
BODY--IT WILL ONLY
CREATE A PERFECT

DUPLICATE... IN
THIS CASE AN
IMPROVED

ONE. S",auto_ocr_sentiment,train
"Invincible, Vol. 1.pdf_p0397_panel_0.jpg",surprise,""" YKNOW--

: my 7
. TT ate Feta wis'l gat
ets °
""ye ~. = ae ‘
‘ Ss : . we
Seegats ‘",auto_ocr_sentiment,train
"Invincible, Vol. 1.pdf_p0864_panel_1.jpg",neutral,,auto_ocr_sentiment,train
"Invincible, Vol. 1.pdf_p0650_panel_4.jpg",neutral,"YES, SON.
THIS IS MY
HOME NOW. T
WILL NEVER Be
RETURNING TO
EARTH. THIS
PROBABLY WASN’T
THE EASIEST

WAY FOR YOU TO
DISCOVER THIS
BUT IT HAVE AN
ENTIRELY NEW
LIFE... IT HAVE",auto_ocr_sentiment,train
"Invincible, Vol. 1.pdf_p0540_panel_4.jpg",neutral,"Iriemevy rilivi TNT
THE SKY AND SAVED
THE MALL.

 

you were N
ON TV, THEN.

THAT WAS WHEN
— YOU CALLED OMNI-

MAN ""DAD"" AND
EVERYONE FOUND

. OUT YOU WERE

HIS SON.",auto_ocr_sentiment,train
"Invincible, Vol. 1.pdf_p0287_panel_1.jpg",neutral,,auto_ocr_sentiment,train
"Invincible, Vol. 1.pdf_p0185_panel_1.jpg",neutral,,auto_ocr_sentiment,train
"Invincible, Vol. 1.pdf_p0101_panel_0.jpg",neutral,"PEBEBIE, I NEED TO
SPEAK WITH MARK,
QUICK! OKAY, HON...
I’LL GO GET
HIM.",auto_ocr_sentiment,train
"Invincible, Vol. 1.pdf_p1108_panel_3.jpg",neutral,,auto_ocr_sentiment,train
"Invincible, Vol. 1.pdf_p0662_panel_4.jpg",neutral,,auto_ocr_sentiment,train
"Invincible, Vol. 1.pdf_p0481_panel_4.jpg",neutral,,auto_ocr_sentiment,train
"Invincible, Vol. 1.pdf_p0153_panel_7.jpg",neutral,,auto_ocr_sentiment,train
"Invincible, Vol. 1.pdf_p1086_panel_7.jpg",neutral,,auto_ocr_sentiment,train
"Invincible, Vol. 1.pdf_p0468_panel_0.jpg",neutral,,auto_ocr_sentiment,train
"Invincible, Vol. 1.pdf_p0132_panel_0.jpg",neutral,,auto_ocr_sentiment,train
"Invincible, Vol. 1.pdf_p1054_panel_0.jpg",neutral,,auto_ocr_sentiment,train
"Invincible, Vol. 1.pdf_p0018_panel_2.jpg",neutral,"YOU
DON’T HAVE
TO APOLOGIZE
TO ME, I’Ve BEEN
WORKING WITH YOUR
FATHER FOR YEARS. T
KNOW HE HAS BIGGER
PRIORITIES THAN ,
LOOKING AT SILLY
CLOTHES. 4

so, 7
WHAT PO YOU
THINK OF THE
COSTUME? BE

HONEST. ‘",auto_ocr_sentiment,train
"Invincible, Vol. 1.pdf_p0639_panel_6.jpg",anger,"27U TOU VIP Gel MT
MESSAGE. I’ve BEEN
VERY BUSY THIS PAST

WEEK ANP I JUST
WANTED TO APOLOGIZE
FOR NOT CONTACTING

YOU IN PERSON
> BEFORE.
ANP TO

APOLOGIZE FOR
ALLOWING MARK TO
VENTURE OUT INTO
THE UNKNOWN LIKE

HE HAS. T TRIED
TO STOP HIM, I
ASSURE YOU.",auto_ocr_sentiment,train
"Invincible, Vol. 1.pdf_p0373_panel_4.jpg",fear,"I'M VPOING EVER
REALLY. IT’S ALN
TO GET MY H4
TECHNOLOG

    
   
   

LOOK AT
PLACE. HO
WE GOING
ANYTHING
THIS LAUG

ARRAY
EGUIPME

MY
HANDS ARE
TIED.",auto_ocr_sentiment,train
"Invincible, Vol. 1.pdf_p0321_panel_0.jpg",neutral,"-

f —« JEEZ.
WHO GOULD
ITBETHIS |
TIME?",auto_ocr_sentiment,train
"Invincible, Vol. 1.pdf_p1057_panel_0.jpg",neutral,,auto_ocr_sentiment,train
"Invincible, Vol. 1.pdf_p0746_panel_2.jpg",neutral,,auto_ocr_sentiment,train
"Invincible, Vol. 1.pdf_p1096_panel_1.jpg",anger,"THIS IS
ry UNACCEPTABLE!
MULTI-PAUL WAS A
PIRECT AGENT OF MY
ORGANIZATION. THE
FACT THAT HE IS
INCARCERATED HERE
ON AMERICAN
SOIL ISA
TRAVESTY!

Your
PREDECESSOR
KNEW WHAT IT MEANT
TO BE A MEMBER OF
A @6°pTHE ORDER. THERE
A ARE CERTAIN THINGS
Wa, THAT JUST AREN'T
- DONE.

rye
\

‘
a

y

y

6

rs",auto_ocr_sentiment,train
"Invincible, Vol. 1.pdf_p0231_panel_0.jpg",neutral,"Fd
|i PT Mes",auto_ocr_sentiment,train
"Invincible, Vol. 1.pdf_p1104_panel_1.jpg",fear,"YOU THINK THIS
IS EASY FOR ME--
TRYING TO MAKE THIS
WoRK4! I JUST SPENT
AN HOUR IN A STORE
FULL OF THINGS I
KNEW TI COULD JUST
TAKE AND NOBODY
COULD STOP (
Me!

       
      
   
   
   
    
 

  

   
 
   
 
     

fF You've YY
GOTAVROBLEM \

WITH IT--YOU
SHOULD DO THE
SHOPPING.",auto_ocr_sentiment,train
"Invincible, Vol. 1.pdf_p1043_panel_1.jpg",neutral,,auto_ocr_sentiment,train
"Invincible, Vol. 1.pdf_p0149_panel_0.jpg",surprise,"Sa ttt

MIPNIGHT CITY.

od -_

 
     

  

NINE O/CLOCK... AM. i

  
      
   

mM LHAVEN'T BEENUP OE
Mm THIS EARLY IN YEARS... J

OH, OUIT YOUR BELLY- sf
ACHING... WE’RE MAKING I
GOOD TIME HERE.",auto_ocr_sentiment,train
"Invincible, Vol. 1.pdf_p0760_panel_2.jpg",neutral,"<i

YOU
WANT SOME
CREAM AND
(os SUGARZ
{ < |",auto_ocr_sentiment,train
"Invincible, Vol. 1.pdf_p0469_panel_4.jpg",neutral,,auto_ocr_sentiment,train
"Invincible, Vol. 1.pdf_p0112_panel_1.jpg",neutral,"YOU
MEAN THE

PREVIOUS we =O WHAT ARE
CHAMPION? Ray YOU TALKING",auto_ocr_sentiment,train
"Invincible, Vol. 1.pdf_p0686_panel_9.jpg",neutral,,auto_ocr_sentiment,train
"Invincible, Vol. 1.pdf_p0686_panel_0.jpg",neutral,"a
THE GRAYSON
HOUSEHOLD.",auto_ocr_sentiment,train
"Invincible, Vol. 1.pdf_p0521_panel_8.jpg",neutral,,auto_ocr_sentiment,train
"Invincible, Vol. 1.pdf_p0084_panel_4.jpg",disgust,Sra,auto_ocr_sentiment,train
"Invincible, Vol. 1.pdf_p0354_panel_4.jpg",neutral,,auto_ocr_sentiment,train
"Invincible, Vol. 1.pdf_p0920_panel_1.jpg",neutral,"10 SPELL IT OUT,
AMBER. YOU
WANT SOME
ALONE TIME.
IT’S COOL.

IT WAS
FUN, MARK.
YOU MAY HAVE
JUST WON
ME OVER.",auto_ocr_sentiment,train
"Invincible, Vol. 1.pdf_p0537_panel_3.jpg",neutral,YOU DION’T,auto_ocr_sentiment,train
"Invincible, Vol. 1.pdf_p0575_panel_0.jpg",sadness,"""TVEe

ALREADY,
SORRY.“ SHE
DOESN’T HAVE |
ANY PLANS, |

STUPID",auto_ocr_sentiment,train
"Invincible, Vol. 1.pdf_p0763_panel_5.jpg",anger,"IN A WAY,

NO TWO WAYS ABOUT IT. T MEAN, IT KINDA SUCKS FOR

AND LIKE SHE LIKES ME, AND SHE PUTS HER TO BE WITH ME. T
MAGIC, SHE | UP WITH MY SUPERHERO STUFF, MEAN, WHEN WE GOT

APPEARS. ANP SHE’S JUST ALL TOGETHER, SHE THOUGHT
AROUND I WAS JUST A NORMAL
UND GREAT. I REALLY GUY. SHE DIDN'T SET
LIKE HER. WE GET OUT TO HAVE A
ALONG GREAT WHEN BOYFRIEND
I’M NOT GONE FOR A LIKE ME.
COUPLE MONTHS. THING
IS, IT CAN UNPER: STANP
WHY SHE GETS UPSET. I
MEAN--IT ONLY MAKES
SENSE FOR HER TO
GET UPSET. SHE
WORRIES ABOUT

ANP NOW
THAT SHE KNOWS...
SHE’S DEALING WITH
IT REALLY WELL. SO
YEAH, THINGS
ARE GOOP.",auto_ocr_sentiment,train
"Invincible, Vol. 1.pdf_p1016_panel_1.jpg",neutral,,auto_ocr_sentiment,train
"Invincible, Vol. 1.pdf_p0480_panel_3.jpg",neutral,,auto_ocr_sentiment,train
"Invincible, Vol. 1.pdf_p1091_panel_1.jpg",fear,"P7 GENERAL KREGG,
I DIDN’T EXPECT
—. YOU TO GOME DOWN
“SN HERE YOURSELE...
I’M IMPRESSED.

 
   
   
   
  
  
 

      

YOU KNOW
I WOULDN’T
MISS THIS.

 

       
      
     
   

I’VE BEEN
WATCHING YOUR
SESSION FROM THE \
OBSERVATION DECK. |
YOU'LL BE HAPPY
TO KNOW YOU’VE

PASSED
INSPECTION.
YOUR
EXECUTION

IS BEING
SCHEDULED

    
 
 
 
       

 

 
 

TIME, NOW. SOON,

VERY SOON, FOR THE

DISGRACE YOU'VE
CAUSED US...",auto_ocr_sentiment,train
"Invincible, Vol. 1.pdf_p0753_panel_1.jpg",neutral,"/ THAT WAS LIKE
ARE ON THE : HALF-SPEEP
GROUND. FOR ME. ANYTHING
FINALLY. LESS AND IT WOULD
YOU FLEW HAVE TAKEN HOURS
WAY TOO FAST-- TO GET HERE.

TERRIFYING.

Y
, be
, f ef,
y a

Cn |
SU

ars
Fed

yt)

ml pals ml
cae
eae

Bie
aon (ea

Cen re ape a pantregapenngny=i-opmmnmiel
yi jee
+ J

 

eS SZ
Sg |",auto_ocr_sentiment,train
"Invincible, Vol. 1.pdf_p0754_panel_0.jpg",joy,"Y THANKS FOR ©
BRINGING ME,
MARK--THIS IS

GOING TO BE
6000 GREAT.

SO
EXCITED.",auto_ocr_sentiment,train
"Invincible, Vol. 1.pdf_p0573_panel_2.jpg",neutral,,auto_ocr_sentiment,train
"Invincible, Vol. 1.pdf_p0528_panel_8.jpg",neutral,,auto_ocr_sentiment,train
"Invincible, Vol. 1.pdf_p0389_panel_4.jpg",neutral,,auto_ocr_sentiment,train
"Invincible, Vol. 1.pdf_p0502_panel_6.jpg",neutral,,auto_ocr_sentiment,train
"Invincible, Vol. 1.pdf_p0971_panel_6.jpg",neutral,,auto_ocr_sentiment,train
"Invincible, Vol. 1.pdf_p1037_panel_5.jpg",neutral,"HAPPY, I’M HAPPY. I
HAD NOTICED YOU
WERE, I DON’T KNOW,
BACK TO YOUR OLD
SELF OR WHATEVER

RECENTLY.",auto_ocr_sentiment,train
"Invincible, Vol. 1.pdf_p0136_panel_0.jpg",neutral,,auto_ocr_sentiment,train
"Invincible, Vol. 1.pdf_p0334_panel_3.jpg",anger,"WHY PID
YOU HAVE TO
FIGHT HIM,

MARK?

WHY DID
YOU HAVE TO
DRIVE HIM
AWAY?",auto_ocr_sentiment,train
"Invincible, Vol. 1.pdf_p0043_panel_6.jpg",neutral,,auto_ocr_sentiment,train
"Invincible, Vol. 1.pdf_p0745_panel_0.jpg",neutral,,auto_ocr_sentiment,train
"Invincible, Vol. 1.pdf_p0823_panel_3.jpg",neutral,"I’Ve BEEN BRIEFED
ON YOUR RECENT
ENCOUNTER WITH
ANGSTROM LEVY.
I KNOW ALL ABOUT
IT. IT’S IMPORTANT
THAT I KNOW
EVERYTHING

THAT HAPPENS
HERE.
y IT HELPS
ME RELATE
TO MY
is",auto_ocr_sentiment,train
"Invincible, Vol. 1.pdf_p0624_panel_7.jpg",fear,"C'MON, BRIDGET--
GIVE US A MINUTE
TO TALK. YOU SHOULD
RUN DOWN TO THE
VENDING MACHINE
ANP GET US SOME
SODAS.

       
   
   
     
 
      
     

  

OKAY, BUT
T’LL BE GONE
LESS THAN FIVE
MINUTES--DON’T
TRY ANYTHING
FUNNY",auto_ocr_sentiment,train
"Invincible, Vol. 1.pdf_p1019_panel_3.jpg",anger,"YOU Ve GOT NO IVEA
WHAT I’ve BEEN
THROUGH RECENTLY.
I’M NOT GOING OUT MY
INTO SPAGE AGAIN-- LM
NO WAY. I--SPAGE esTle
SUCKS. dust eat
I’ve BEEN
Y ouTIN space More AND I--
THAN I’VE BEEN ON
THIS PLANET IN THE
LAST FEW MONTHS. I
JUST BROKE UP WITH
MY GIRLERIEND--WHO
I REALLY DID LiKe--
BECAUSE I’M GONE
50 MUCH. I NEVER
GET TO Ste

NO. THERE'S
NO WAY I’M GOING
I’M SORRY ALLEN,
BUT I'D FIGHT YOU
BEFORE I LET YOU
TAKE ME.",auto_ocr_sentiment,train
"Invincible, Vol. 1.pdf_p0976_panel_0.jpg",neutral,,auto_ocr_sentiment,train
"Invincible, Vol. 1.pdf_p0129_panel_5.jpg",neutral,,auto_ocr_sentiment,train
"Invincible, Vol. 1.pdf_p0769_panel_3.jpg",neutral,"AMBER TO
SAFETY AND
THEN I’LL HELP!
GO--T’LL Be
BACK INA",auto_ocr_sentiment,train
"Invincible, Vol. 1.pdf_p0343_panel_6.jpg",neutral,,auto_ocr_sentiment,train
"Invincible, Vol. 1.pdf_p0338_panel_0.jpg",neutral,,auto_ocr_sentiment,train
"Invincible, Vol. 1.pdf_p0541_panel_9.jpg",neutral,,auto_ocr_sentiment,train
"Invincible, Vol. 1.pdf_p0526_panel_7.jpg",disgust,"BOYFRIEND IS A
SUPERHERO. IT
ALL MAKES SO
MUCH SENSE
Now.",auto_ocr_sentiment,train
"Invincible, Vol. 1.pdf_p0510_panel_1.jpg",neutral,"OKAY, J
“ROBOT.” |",auto_ocr_sentiment,train
"Invincible, Vol. 1.pdf_p0433_panel_5.jpg",neutral,"Fy fp i 2
Y J a |
ij i >
] s »
}
J
a o
. 3 “>
e A}
of © 9
N oe °

o \y
i
. . _ 3 H
. Vys . 4 }
ihe, Qe
af ‘ ° Sn
o a wd S
\? 5. .",auto_ocr_sentiment,train
"Invincible, Vol. 1.pdf_p0561_panel_3.jpg",fear,"WHAT # LIKE TREKE'S SOME UNCKAN SVY
SITTING AT THE NEXT BOOTH OVER THAT’S
GOING TO SEE YOU CONVERSING WITH ME,

PIECE TOGETHER THE MEANING OF OUR
HALF FINISHED STATEMENTS AND
ARREST YOU ON THE

       
    
 
   
 
    

  

, 6 THAT'S
RIDICUL--",auto_ocr_sentiment,train
"Invincible, Vol. 1.pdf_p0923_panel_3.jpg",anger,"+ WAS SOKKY 10 HEAK

I CAN’T BELIEVE THAT
VILLAIN ATTACKED
YOUR HOME--THAT’S

HORRIBLE.

1) / -

hae
4
|

od oy",auto_ocr_sentiment,train
"Invincible, Vol. 1.pdf_p0034_panel_5.jpg",surprise,"Wow.

 
 
 
   

f

GOING TO
BE ABLE TO
FLY?!",auto_ocr_sentiment,train
"Invincible, Vol. 1.pdf_p0893_panel_1.jpg",neutral,,auto_ocr_sentiment,train
"Invincible, Vol. 1.pdf_p0831_panel_0.jpg",fear,"I’VE KNOWN EVE LONGER, X&
BUT SHE’S ALWAYS JUST
BEEN AFRIENP. I NEVER
REALLY LOOKED AT HER
> THAT WAY.

  
    

THAT'S NICE. i

ANYWAY...SHE WAS
ALWAYS UNAVAILABLE
TO ME--FIRST BECAUSE

    
       
   
   

    
   
      
 
 

MOSTLY
BECAUSE SHE

  
   
 
   
  
 
  
  

  
    

$0 I r
NEVER REALLY ‘om

   
   
  

    
  
  

TRIGH
me NOT 70, ste LATER BECAUSE T WAS ""Hee THAT.
H
WAS DATING REX f WITH AMBER. way.

SPLODE WHEN

  
  

 

I DID REX’S
COSTUME.",auto_ocr_sentiment,train
"Invincible, Vol. 1.pdf_p0399_panel_3.jpg",joy,". i io ze Biche | * ae
Ya)",auto_ocr_sentiment,train
"Invincible, Vol. 1.pdf_p0908_panel_4.jpg",neutral,,auto_ocr_sentiment,train
"Invincible, Vol. 1.pdf_p0805_panel_3.jpg",neutral,"WB WHICH FRANKLY,
ISN’T ANY OF

U
BUSINESS.",auto_ocr_sentiment,train
"Invincible, Vol. 1.pdf_p0992_panel_6.jpg",neutral,"FIKST Ortr--We Ve GOI SS
ALOT OF WORK TO DO AND
NOT ALOT OF TIME. BETA

TEAM IS COMING IN HERE IN

SIXTEEN HOURS TO WORK

ON THE INNER STRUCTURES.
WE HAVE TO HAVE THIS

. DOME SECURE, COMPLETE

m& AND FUNCTIONING
G6BEFORE THEN.

SECOND--I

Y was ON THE MARS —
4. MISSION WHEN WE WERE a
TAKEN CAPTIVE. INVINCIBLE Vem 4 if
a a ee Poe LIM We WOULE HAVE i
nn T\\ oo BCCN CXECUTCD. QS ee",auto_ocr_sentiment,train
"Invincible, Vol. 1.pdf_p0824_panel_8.jpg",neutral,THOUGH... ZS _\J,auto_ocr_sentiment,train
"Invincible, Vol. 1.pdf_p0481_panel_2.jpg",neutral,"PARPON ME
IF THIS CLASS
ISN’T MY TOP PRIORITY.
I COULD TEACH THIS
CLASS, YOU PRIMATE.
I SKIPPED IT FOUR YEARS
AGO BECAUSE IT WAS
BENEATH ME BUT Now ;
I’M TOLD I MUST TAKE DON’T
IT TO MOVE ON TO MAKE THIS A
GRADUATE THING, OKAY? T’LL
SCHOOL. BE COMING ANP GOING
AS I PLEASE. I HOFE
MY PERFECT SCORES
WILL GRANT ME SOME
LEEWAY WHEN IT COMES
TO THIS RIDICULOUS
RITUAL OF PHYSICAL
APPEARANCE IN THESE
CLASSROOMS.

IT COULD
PO WITHOUT
THE
CONFLICT.",auto_ocr_sentiment,train
"Invincible, Vol. 1.pdf_p0173_panel_0.jpg",neutral,,auto_ocr_sentiment,train
"Invincible, Vol. 1.pdf_p0384_panel_0.jpg",anger,"I’M GOING TO GET MY

CD PLAYER OUT OF MY

LOCKER AND THEN We
CAN GO GRAB

RA
SOMETHING
TO EAT.

I’M GOING TO STEAL
SOME PAPER FOR MY
PRINTER AT
HOME.

HEH.

DON’T GET
CAUGHT.

MARK,
DO YOU STILL
WANT TO BE
WITH Me?",auto_ocr_sentiment,train
"Invincible, Vol. 1.pdf_p0841_panel_1.jpg",fear,"WHAT IS IT,
MARK?

  

HERE ARE REAL,
THEY HAVE
TO BE...

ENE

VILTRUMITES... [T’S
ABOUT ELIMINATING
THINGS THAT CAN
HURT THEM.

  
  
 
     
 
 
    

 
   

VILTRUMITES...

MY DAD
IS TELLING
Me HOW
TO BEAT
THEM.",auto_ocr_sentiment,train
"Invincible, Vol. 1.pdf_p0888_panel_4.jpg",neutral,,auto_ocr_sentiment,train
"Invincible, Vol. 1.pdf_p1081_panel_4.jpg",neutral,,auto_ocr_sentiment,train
"Invincible, Vol. 1.pdf_p0423_panel_0.jpg",neutral,"h ; ‘A o ;
BRU
Ps Ry
Z£@°=3s ~<a a.
oF an 8",auto_ocr_sentiment,train
"Invincible, Vol. 1.pdf_p0700_panel_3.jpg",neutral,,auto_ocr_sentiment,train
"Invincible, Vol. 1.pdf_p0127_panel_1.jpg",neutral,"FOR
NOW. DON’T
YOU HAVE
SOMEWHERE
YOU NEED
TO BE?",auto_ocr_sentiment,train
"Invincible, Vol. 1.pdf_p1086_panel_8.jpg",neutral,,auto_ocr_sentiment,train
"Invincible, Vol. 1.pdf_p1076_panel_1.jpg",neutral,"\

ar in
NR",auto_ocr_sentiment,train
"Invincible, Vol. 1.pdf_p0071_panel_3.jpg",neutral,,auto_ocr_sentiment,train
"Invincible, Vol. 1.pdf_p0611_panel_6.jpg",anger,"i CAN'T Devieve
HE'S STILL INA
COMA FROM THAT
BEATING BATTLE
BEAST GAVE HIM.
I SHOULD BE
ABLE TO SWING
THAT. GALL
MY CELL,
OKAY 2",auto_ocr_sentiment,train
"Invincible, Vol. 1.pdf_p0167_panel_3.jpg",neutral,,auto_ocr_sentiment,train
"Invincible, Vol. 1.pdf_p0907_panel_1.jpg",neutral,"= Hy
y
MEAN
2 eS

WY Ae",auto_ocr_sentiment,train
"Invincible, Vol. 1.pdf_p0038_panel_3.jpg",neutral,,auto_ocr_sentiment,train
"Invincible, Vol. 1.pdf_p0045_panel_3.jpg",neutral,"ISA BLUK. Ll KEMEMBER

UT TO GET THE NEW

NT AT THE TOYS B’
- AND THEN..

“NOTHING.",auto_ocr_sentiment,train
"Invincible, Vol. 1.pdf_p0752_panel_0.jpg",neutral,"THE APARTMENT OF
RUS LIVINGSTON.

ALTHOUGH, HE HASN’T 2
LIVED THERE SINCE His [=
RECENT MISSION

TO MARS.",auto_ocr_sentiment,train
"Invincible, Vol. 1.pdf_p0213_panel_4.jpg",neutral,"jerk
YSN eee",auto_ocr_sentiment,train
"Invincible, Vol. 1.pdf_p1082_panel_3.jpg",joy,"y ee
ce
Pe
heey

7” 7 a he, ¢ ; f

re
7 S",auto_ocr_sentiment,train
"Invincible, Vol. 1.pdf_p0536_panel_10.jpg",anger,"CUT ME SOME SLACK,
OKAY? I’ve NEVER
ACTUALLY SAT POWN
ANP TOLP THIS
STORY
BEFORE.",auto_ocr_sentiment,train
"Invincible, Vol. 1.pdf_p0937_panel_6.jpg",neutral,,auto_ocr_sentiment,train
"Invincible, Vol. 1.pdf_p1035_panel_2.jpg",neutral,"L HOPE YOU DON'T THINK
I WOULON‘T NOTICE ONE
OF MY NOTORIOUSLY
EMPTY CLASSROOM SEATS
SUDDENLY FILLED. I’M

NOT AN UNOBSERVANT jf yusTW

> g TOPULL You.
SAY THAT IF '

YOU CAN COMI
LATE IN THE ¢
AND JUST
EVERYTHIN
THE LAST WV
YOU CA",auto_ocr_sentiment,train
"Invincible, Vol. 1.pdf_p0681_panel_2.jpg",anger,"; KNO

pateD. very I’M PLANNING ON
GETTING A NEW
ONE. I PROMISE.
I JUST WANTED
TO TRY IT ON
JUST IN

  

m|
MY POWER SUIT
WAS PESTROYEDP BY
MONSTER GIRL IN THE FIGHT
WITH OMNIPOTUS, AND I’ve",auto_ocr_sentiment,train
"Invincible, Vol. 1.pdf_p0290_panel_4.jpg",neutral,,auto_ocr_sentiment,train
"Invincible, Vol. 1.pdf_p0539_panel_3.jpg",neutral,,auto_ocr_sentiment,train
"Invincible, Vol. 1.pdf_p0031_panel_1.jpg",disgust,"OF COURSE, WHEN TI CAME OF AGE, I SIGNED UP
FOR DUTY. I WAS ON THE SEARCH COMMITTEE; MY
JOB WAS TO LOCATE AND SUGGEST PLANETS THAT
MIGHT BE ELIGIBLE FOR OUR INTERFERENCE.

BY THEN, THE OPERATION HAP BEEN
EXPANPED AND PERFECTED. I

WAS STATIONED ON A MOBILE BASE
THAT TRAVELED FROM PLANET TO
PLANET AS WE PISCOVERED THEM.",auto_ocr_sentiment,train
"Invincible, Vol. 1.pdf_p0610_panel_6.jpg",neutral,,auto_ocr_sentiment,train
"Invincible, Vol. 1.pdf_p1114_panel_1.jpg",neutral,"Starting with issue #8, RYAN OTTLEY has not only made Invincible his home, but he
has made it his own as well. For years, the artist has joined forces with Robert Kirkman
in detailing the ongoing adventures of young Mark Grayson. Not only is Ottley a talented
Storyteller, but he also boasts an unparalleled work ethic. His speed made it possible for
him to draw a guest spot on DC Comics’ Superman/Batman as well as launch the new
ongoing series Haunt, while remaining Invincible’s regular artist for over sixty issues and
counting.",auto_ocr_sentiment,train
"Invincible, Vol. 1.pdf_p0259_panel_1.jpg",neutral,,auto_ocr_sentiment,train
"Invincible, Vol. 1.pdf_p0014_panel_1.jpg",neutral,"On, SOITS MY
FAULT THE COPS

Co SHOWED UP SO
; QUICK?
)",auto_ocr_sentiment,train
"Invincible, Vol. 1.pdf_p0358_panel_1.jpg",surprise,"SOMETHING I NEVER GOT
AROUND TO ASKING... HOW
PID YOU KNOW MARK’S
SECKET IDENTITY 2

I
RECOGNIZED
HIM FROM WHEN
WE TEAMED-UP.

I USED TO THINK YOU TWO
WERE GOING OUT... UNTIL HE
GOT WITH AMBER. HOW’D
YOU FIND OUT?",auto_ocr_sentiment,train
"Invincible, Vol. 1.pdf_p0579_panel_6.jpg",anger,"DON 'T--
BE SO0--
_ CONFIDENT!

y vO YOU--
REALLY-—
THINK THOSE
TWO--COULP
HAVE DONE--
ALL THIS--

WORK"" --ALONE?!",auto_ocr_sentiment,train
"Invincible, Vol. 1.pdf_p0940_panel_0.jpg",anger,"KILL ANYTHING
THAT MOVES! OUR
MOMENT OF TRIUMPH
IS AT HAND!!

AAT, “KG",auto_ocr_sentiment,train
"Invincible, Vol. 1.pdf_p0938_panel_0.jpg",neutral,"r oY » P]
MEANWHILE, — § an ;
1 PEEP IN SPACE. §
q : iz",auto_ocr_sentiment,train
"Invincible, Vol. 1.pdf_p0174_panel_0.jpg",neutral,,auto_ocr_sentiment,train
"Invincible, Vol. 1.pdf_p0363_panel_5.jpg",anger,"I’M NOT
GOING TO LET
YOU HURT
ANYBODY!",auto_ocr_sentiment,train
"Invincible, Vol. 1.pdf_p0641_panel_0.jpg",neutral,,auto_ocr_sentiment,train
"Invincible, Vol. 1.pdf_p0659_panel_2.jpg",sadness,"SORRY ABOUT
CUTTING YOU OFF
LIKE THAT--1I’M

STILL ALITTLE NEW
TO ALL THIS. I
PROMISE.",auto_ocr_sentiment,train
"Invincible, Vol. 1.pdf_p0748_panel_0.jpg",neutral,"WILLIAM Eaeeee SHARE. I san
fh A

x
I “~— gen . ——-
el a seems i ; | | |
R *
+. ; a AF | 2 — ! ‘ i lun 2
> ~ Ge
a ey |
ae - “Ss ;
. ; Ca

a.
Fr eae, UNIVERSITY. THE a == | | ert
POEM BUILDING THAT HOUSES | a
ae a TUT",auto_ocr_sentiment,train
"Invincible, Vol. 1.pdf_p0042_panel_5.jpg",neutral,"YOU'LL GET THE
HANG OF IT. TEEN
SUPERHEROES
START PRINKING
COFFEE AT AN
EARLY AGE.",auto_ocr_sentiment,train
"Invincible, Vol. 1.pdf_p0598_panel_2.jpg",neutral,"I REMEMBER AN
ACCIPENT--LONG
AGO.",auto_ocr_sentiment,train
"Invincible, Vol. 1.pdf_p1000_panel_4.jpg",surprise,"WHAT [F I
ASK HER OUT,
HUH4

    

 
   

es

YOU HEAR
THAT BED ON
MY SIDE OF THE
ROOM SQUEAKING
AND SHAKING WITH
HER IN IT AND YOU’LL
NEVER THINK ABOUT

HER AGAIN.",auto_ocr_sentiment,train
"Invincible, Vol. 1.pdf_p0456_panel_2.jpg",neutral,"INCLUDING
YOUR

MISERABLE
\ 4 ~\ tice.",auto_ocr_sentiment,train
"Invincible, Vol. 1.pdf_p1095_panel_1.jpg",neutral,,auto_ocr_sentiment,train
"Invincible, Vol. 1.pdf_p1043_panel_0.jpg",neutral,,auto_ocr_sentiment,train
"Invincible, Vol. 1.pdf_p0446_panel_1.jpg",neutral,"OH, GOODP--YOU'RE
AWAKE. I THINK MARK
MAY BE BACK TODAY OR

TOMORROW. HIS MOM
SAID HEP ONLY BE GONE
ABOUT TWO WEEKS.
I’M GOING TO CALL
AND SEE IF HE’S
BACK ALREADY.

YOU DIDN’T
HAVE TO SLEEP
DOWN HERE, Y'KNOW.
MY PARENTS WILL BE
GONE ON VACATION
FOR ANOTHER FEW
DAYS. YOU COULD
HAVE SLEPT IN
MY BED WITH",auto_ocr_sentiment,train
"Invincible, Vol. 1.pdf_p1095_panel_2.jpg",neutral,,auto_ocr_sentiment,train
"Invincible, Vol. 1.pdf_p0069_panel_3.jpg",neutral,,auto_ocr_sentiment,train
"Invincible, Vol. 1.pdf_p0640_panel_3.jpg",neutral,"YEARS. GETTING
POPPED LIKE THAT
REALLY TAKES /
ME BACK. 4

I REALLY
SHOULD Be
GOING
THOUGH.",auto_ocr_sentiment,train
"Invincible, Vol. 1.pdf_p0613_panel_2.jpg",sadness,"SORRY,
I FORGOT
YOU WERE
MISTER
SAVING-THE-
WORLD-PALY,
THE SUPER-",auto_ocr_sentiment,train
"Invincible, Vol. 1.pdf_p0738_panel_0.jpg",neutral,,auto_ocr_sentiment,train
"Invincible, Vol. 1.pdf_p0322_panel_5.jpg",neutral,"I’M GOING TO TURN IN.
I’VE GOT MY FIRST DAY
TO SCHOOL TOMORROW
P I DON’T WANT TO
BE DOZING OFF

IN CLASS.",auto_ocr_sentiment,train
"Invincible, Vol. 1.pdf_p0912_panel_6.jpg",neutral,"YOU GUYS ARE
RIPICULOUS.

  

DO YOU
HATE MARKZ
WHAT PO YOU
GUYS HAVE
AGAINST MY BOY-
FRIEND? «",auto_ocr_sentiment,train
"Invincible, Vol. 1.pdf_p0407_panel_5.jpg",neutral,"INVINCIBLE, RIGHT #
THE NAME’S BOLT. I
SAW YOU AND YOUR PAD
ON TV... TOUGH BREAK,

KIDDO. GOOD TO SEE

YOU’RE ON THE SIDE ,
OF THE ANGELS,
THOUGH.",auto_ocr_sentiment,train
"Invincible, Vol. 1.pdf_p1024_panel_0.jpg",neutral,"UTAH, THE ROCKY
MOUNTAIN BASE OF
THE GUARDIANS OF
THE GLOBE.",auto_ocr_sentiment,train
"Invincible, Vol. 1.pdf_p0664_panel_4.jpg",neutral,"NO, NOLAN IS AND
HAS ALWAYS BEEN
MY NAME. THE
VILTRUMITES HAVE
NO NEED FOR LAST
NAMES, SO
GRAYSON WAS
ADDED WHILE I
WAS ON EARTH.",auto_ocr_sentiment,train
"Invincible, Vol. 1.pdf_p0780_panel_3.jpg",neutral,,auto_ocr_sentiment,train
"Invincible, Vol. 1.pdf_p0246_panel_2.jpg",neutral,"THE SECOND STEP WAS TO INSTALL
A GLOBAL WATCHTOWER WHERE WE
COULD KEEP SUPPLIES FOR ALONG
TERM OCCUPATION, AND MONITOR
THE ENTIRE PLANET FROM ORBIT.",auto_ocr_sentiment,train
"Invincible, Vol. 1.pdf_p0009_panel_5.jpg",neutral,"AY Mi

sj",auto_ocr_sentiment,train
"Invincible, Vol. 1.pdf_p0530_panel_0.jpg",neutral,"DON’T BE CUTE. I’M

NOT MEANING, T-

CAN'T-BE-HURT
“INVINCIBLE.” I MEAN
I’M-THE-BLUE-AND-
YELLOW-GUY-FROM-
TV “INVINCIBLE.”
Si",auto_ocr_sentiment,train
"Invincible, Vol. 1.pdf_p0615_panel_0.jpg",neutral,,auto_ocr_sentiment,train
"Invincible, Vol. 1.pdf_p0295_panel_0.jpg",neutral,"MRS. GRAYSON... I

NEED TO TALK WITH YOU Sa 7

FOR A MINUTE. I KNOW
THAT IT IS THE LEAST OF
YOUR WORRIES AT THIS
POINT BUT I WANTED TO
LET YOU KNOW THAT
YOU’RE BEING

TAKEN CARE
OF.

 

I UNDERSTAND THAT
NOLAN WAS RESPONSIBLE
FOR THE FAMILY FINANCES

AND THAT YOU HAVE NO

INCOME WHATSOEVER

WITHOUT",auto_ocr_sentiment,train
"Invincible, Vol. 1.pdf_p0335_panel_0.jpg",neutral,,auto_ocr_sentiment,train
"Invincible, Vol. 1.pdf_p1111_panel_0.jpg",fear,"DIP WE
WIN?

 

We’RE DONE. I NOTICED
THAT BUILDING WAS
BEING EVACUATED DURING
THE FIGHT--ANDP T PULLED
BACK AT THE END TO
LESSEN THE IMPACT SO
THE BUILDING WOULON’T

SE... SO THERE’S
NO FURTHER

DANGER. goveeNMENT
WILL CLEAN

  
 
 
 
  
 
   
 
 

  
  
 

$0 THAT
WAS GOOD,
RIGHT? I
DID GOOD.

 

I WASN’T
SURE IF T
COULD DO IT--",auto_ocr_sentiment,train
"Invincible, Vol. 1.pdf_p0948_panel_3.jpg",neutral,"OKAY --NOW
WHO'S GETTING
US IN HERE? A",auto_ocr_sentiment,train
"Invincible, Vol. 1.pdf_p0516_panel_3.jpg",neutral,,auto_ocr_sentiment,train
"Invincible, Vol. 1.pdf_p0375_panel_2.jpg",anger,"YOU SHOULD KNOW BETTER
THAN TO DEFY US AFTER ALL
THIS TIME. YOU’VE BEEN
THROUGH THIS
BEFORE

ANP T WILL
REBUILD AGAIN.
I WILL NOT LET
YOU SUCCEED.",auto_ocr_sentiment,train
"Invincible, Vol. 1.pdf_p0478_panel_4.jpg",neutral,"5)

HOXS2y
~
pe *%3

>",auto_ocr_sentiment,train
"Invincible, Vol. 1.pdf_p0524_panel_2.jpg",neutral,"WHERE
DO I HAVE
TO GO?

CHUCK E
CHEESE ISN’T
OVEN THIS f
LATE.",auto_ocr_sentiment,train
"Invincible, Vol. 1.pdf_p0196_panel_4.jpg",neutral,"Sik, |- 1 CAN
CONFIGURE THE
DEFLECTOR ARRAY
TO EMIT MULTIPLE
TRACTOR BEAMS IT
MAY GE POSSIBLE
TO SLINGSHOT
OURSELVES AWAY
FROM THE STAR
BY USING THE
FRAGMENTED
REMAINS OF THE
TERRELIAN
VESSEL.",auto_ocr_sentiment,train
"Invincible, Vol. 1.pdf_p0642_panel_3.jpg",neutral,,auto_ocr_sentiment,train
"Invincible, Vol. 1.pdf_p0297_panel_2.jpg",neutral,,auto_ocr_sentiment,train
"Invincible, Vol. 1.pdf_p0484_panel_3.jpg",neutral,,auto_ocr_sentiment,train
"Invincible, Vol. 1.pdf_p0944_panel_1.jpg",neutral,"7” WHAT KIND

OF FIREPOWER
POES THIS

. THING HAVE?

 

IT DOESN'T HAVE |
ANY WEAPONS.",auto_ocr_sentiment,train
"Invincible, Vol. 1.pdf_p0750_panel_7.jpg",neutral,"ACTS AROUND
YOU SOMETIMES.
BESIDES...",auto_ocr_sentiment,train
"Invincible, Vol. 1.pdf_p0834_panel_9.jpg",neutral,,auto_ocr_sentiment,train
"Invincible, Vol. 1.pdf_p0976_panel_7.jpg",neutral,"Ne

LED =O

a ‘Sar
wee .

SY

 

Pap \ 3
,",auto_ocr_sentiment,train
"Invincible, Vol. 1.pdf_p0779_panel_1.jpg",sadness,"; DION’T KNOW WHERE

REMEMBERED Eve §&
HAD LED--
THOUGHT MAYBE
E WOULD
NOW.

I’M
SORRY. I
DIDN’T KNOW ‘\
WHAT ELSE
TO PO.

/ iw

ACTUALLY ™

I THINK HE
TO ME.",auto_ocr_sentiment,train
"Invincible, Vol. 1.pdf_p1080_panel_3.jpg",neutral,"4 DON'T KNOW, MAN--

 

I MAY HAVE BLOWN IT,
TOO, I APPRECIATE THE
SUPPORT BUT I JUST
DON’T THINK IT’S
GOING TO WORK
OUT.",auto_ocr_sentiment,train
"Invincible, Vol. 1.pdf_p0803_panel_2.jpg",neutral,,auto_ocr_sentiment,train
"Invincible, Vol. 1.pdf_p0676_panel_1.jpg",neutral,"MY HAND
IS STILL SORE
FROM HITTING
HIM--IT SEEMS
LIKE He MAY BE
AS POWERFUL
AS MY PAP.",auto_ocr_sentiment,train
"Invincible, Vol. 1.pdf_p0521_panel_6.jpg",anger,"\BOUT HOW HE
NOULD REPLY

IM IN MY HEAD
TO BE THIS

sREAT GUY--

THEN I GAVE",auto_ocr_sentiment,train
"Invincible, Vol. 1.pdf_p0813_panel_4.jpg",neutral,,auto_ocr_sentiment,train
"Invincible, Vol. 1.pdf_p0432_panel_3.jpg",neutral,,auto_ocr_sentiment,train
"Invincible, Vol. 1.pdf_p0828_panel_3.jpg",anger,"NO, I BARELY KNOW YOU--
HAT WOULP BE MORONIC AND
I’M ONE OF THE SMARTEST
PEOPLE ON THE PLANET. MY
FEELINGS FOR YOU ARE SO
MUGH MORE THAN THAT.
RESPECT, ADMIRATION...

YOU'VE MOVER ME.

IT’S TRUE
THAT I CLONED
REX SIMPLY BECAUSE
HIS FORM WAS
PLEASING TO YOUR
EYE--BUT I WOULD

WOULD BE THE
PRETEXT TOA

RELATIONSHIP.
>",auto_ocr_sentiment,train
"Invincible, Vol. 1.pdf_p1070_panel_0.jpg",neutral,,auto_ocr_sentiment,train
"Invincible, Vol. 1.pdf_p0366_panel_3.jpg",neutral,,auto_ocr_sentiment,train
"Invincible, Vol. 1.pdf_p0132_panel_4.jpg",neutral,,auto_ocr_sentiment,train
"Invincible, Vol. 1.pdf_p0279_panel_2.jpg",neutral,,auto_ocr_sentiment,train
"Invincible, Vol. 1.pdf_p0008_panel_1.jpg",neutral,"; READY, WITH TEN
MINUTES TO SPARE.

SHOULP NEVER
HAVE POUBTEDP
\ YOU, SON.",auto_ocr_sentiment,train
"Invincible, Vol. 1.pdf_p1100_panel_3.jpg",anger,"iL PONT KNOW WHRAT
TO TELL YOU, MAN. T
DON’T DISAGREE...
BUT GOING STRAIGHT
WAS YOUR We CAN GO

IDEA. OUT AND ROB A
BANK TOMORROW
IF YOU WANT. TETHER
TYRANT AND
MAGMANIAC--BACK
IN ACTION!
JUST SAY THE",auto_ocr_sentiment,train
"Invincible, Vol. 1.pdf_p0763_panel_2.jpg",neutral,,auto_ocr_sentiment,train
"Invincible, Vol. 1.pdf_p0989_panel_0.jpg",neutral,,auto_ocr_sentiment,train
"Invincible, Vol. 1.pdf_p0646_panel_2.jpg",anger,"CAUSE OF THIS
ETIC HANPICAP--

Y HAVE EVOLVED
HE POINT WHERE
ING IS AN ALMOST
TANEOUS PROCESS
VED PURING THE
TION THEY ARE
ATTEMPTING

TO LEARN.",auto_ocr_sentiment,train
"Invincible, Vol. 1.pdf_p0196_panel_1.jpg",neutral,"7 We WILL
7 BE VAPORIZED
ON THE SURFACE
OF THE STAR IN
LESS THAN SIX
MINUTES.

7 ENGINEERING.
HOW LONG UNTIL
THE ENGINES
ARE REVPAIRED2S",auto_ocr_sentiment,train
"Invincible, Vol. 1.pdf_p0118_panel_1.jpg",fear,"IT’S SO NICE

TO HAVE YOU

HOME THIS
EARLY.

 

=o
eee PS EY
Boe

: ry
hegre

LS ame ae",auto_ocr_sentiment,train
"Invincible, Vol. 1.pdf_p0341_panel_2.jpg",neutral,"YOU KNOW I’VE GOT STL
PERIOD. I CAN SHOW L
I WANT. I WAS WAITI
I WANT TO TALK
MARK.",auto_ocr_sentiment,train
"Invincible, Vol. 1.pdf_p0780_panel_5.jpg",anger,"LM ANGSTKCOM :
LEVY! THE NEXT TIME
YOU FORGET MY
NAME--iIT WILL BE
BECAUSE YOU’R
DEAD!",auto_ocr_sentiment,train
"Invincible, Vol. 1.pdf_p0106_panel_0.jpg",surprise,"OH,
WAIT. YOU’RE",auto_ocr_sentiment,train
"Invincible, Vol. 1.pdf_p0725_panel_4.jpg",neutral,,auto_ocr_sentiment,train
"Invincible, Vol. 1.pdf_p0307_panel_5.jpg",neutral,,auto_ocr_sentiment,train
"Invincible, Vol. 1.pdf_p0824_panel_4.jpg",surprise,"TO DETERMINE

EXACTLY WHAT

THAT GROWTH
RATE IS.",auto_ocr_sentiment,train
"Invincible, Vol. 1.pdf_p0299_panel_4.jpg",neutral,,auto_ocr_sentiment,train
"Invincible, Vol. 1.pdf_p0458_panel_2.jpg",neutral,,auto_ocr_sentiment,train
"Invincible, Vol. 1.pdf_p0797_panel_3.jpg",neutral,,auto_ocr_sentiment,train
"Invincible, Vol. 1.pdf_p0564_panel_5.jpg",neutral,,auto_ocr_sentiment,train
"Invincible, Vol. 1.pdf_p0892_panel_3.jpg",neutral,"YOU'VE
BEEN UP ALL

NIGHT, KID.
THERE’S NOTHING
YOU CAN DO HERE.

GO HOME--GET",auto_ocr_sentiment,train
"Invincible, Vol. 1.pdf_p0087_panel_0.jpg",neutral,,auto_ocr_sentiment,train
"Invincible, Vol. 1.pdf_p0560_panel_0.jpg",neutral,"IT JUST ISN'T NATURAL 7
FOR ME TO. DON’T FEED
ME THAT UNOPAN %
RHETORIC. YOU

KNOW I KNOW
YOU DON’T BUY |

ANY OF THAT 4

CRAP. 4",auto_ocr_sentiment,train
"Invincible, Vol. 1.pdf_p0551_panel_5.jpg",neutral,"“KO a

THE UNOPAN LEAPER HAP DEVISED
A METHOD OF GENETIC ENHANCE-
MENT THAT MIGHT ENGINEER A

NEW BREED OF UNOPAN, STRONG
ENOUGH TO WITHSTAND A
VILTRUMITE INVASION.",auto_ocr_sentiment,train
"Invincible, Vol. 1.pdf_p0319_panel_0.jpg",neutral,,auto_ocr_sentiment,train
"Invincible, Vol. 1.pdf_p0787_panel_1.jpg",fear,"I CAN’T BELIEVE YOU’D
LIE TO HIM LIKE THAT. WHAT
KIND OF MOTHER ARE YOU?
HOW COULD YOU TELL HIM
THAT? YOU DON’T KNOW
THAT FOR SURE.

         
     
 
      
       
         
   

  

YOU’RE
IN SHOCK
AREN’T

I BET YOU’RE NOT EVEN
HEARING ME. BLOCKING
ME OUT, RIGHT? THAT‘’S
A DEFENSE MECHANISM
FOR PEOPLE WHO
EXPERIENCE SERIOUS
TRAUMA... LIKE YOU
ARE NOW.",auto_ocr_sentiment,train
"Invincible, Vol. 1.pdf_p0738_panel_7.jpg",neutral,"YOU'RE A
CRAFTY ONE,
MARK
GRAYSON.

YOU
LEAVE ME
HERE WITH A
BABY THAT HAS
NO ONE TO RAISE IT
FOR THREE HOURS
ANP YOU THINK I’M
GOING TO Be ABLE
TO PART WITH",auto_ocr_sentiment,train
"Invincible, Vol. 1.pdf_p0341_panel_3.jpg",fear,"HALL FIRST
NHENEVER
FOR YOU.

YOU,

I’M

 
 
 
 
    
 
 
   

I DON’T
'EALLY KNOW.
ONIGHT’S NOT
REALLY A--",auto_ocr_sentiment,train
"Invincible, Vol. 1.pdf_p0717_panel_4.jpg",neutral,,auto_ocr_sentiment,train
"Invincible, Vol. 1.pdf_p0412_panel_4.jpg",anger,"CHICK CRAP!
T WHO'S

WHAT TIME ‘alll
isitz! £",auto_ocr_sentiment,train
"Invincible, Vol. 1.pdf_p0468_panel_1.jpg",neutral,,auto_ocr_sentiment,train
"Invincible, Vol. 1.pdf_p0517_panel_2.jpg",anger,"BUT THIS IS
IMPORTANT--
YOU DON’T
UNDERSTAND.

   
     
   
  
  

   
      
  
 

IMPORTANT
THAN PEOPLE
PYING, KID? I
. KINPA POUBT
THAT.",auto_ocr_sentiment,train
"Invincible, Vol. 1.pdf_p0471_panel_1.jpg",neutral,,auto_ocr_sentiment,train
"Invincible, Vol. 1.pdf_p0199_panel_4.jpg",surprise,"OH... | PONT
KNOW ABOUT
THAT.",auto_ocr_sentiment,train
"Invincible, Vol. 1.pdf_p0564_panel_8.jpg",neutral,,auto_ocr_sentiment,train
"Invincible, Vol. 1.pdf_p0699_panel_0.jpg",neutral,,auto_ocr_sentiment,train
"Invincible, Vol. 1.pdf_p0566_panel_1.jpg",neutral,"2

»)",auto_ocr_sentiment,train
"Invincible, Vol. 1.pdf_p0364_panel_1.jpg",neutral,,auto_ocr_sentiment,train
"Invincible, Vol. 1.pdf_p0174_panel_6.jpg",neutral,,auto_ocr_sentiment,train
"Invincible, Vol. 1.pdf_p0886_panel_5.jpg",neutral,,auto_ocr_sentiment,train
"Invincible, Vol. 1.pdf_p0297_panel_0.jpg",neutral,,auto_ocr_sentiment,train
"Invincible, Vol. 1.pdf_p0294_panel_5.jpg",surprise,"OH,
MAN... YOU
KNOW TOO?!
THANK GOD!
I THOUGHT I
TOTALLY
BLEW IT.

MX",auto_ocr_sentiment,train
"Invincible, Vol. 1.pdf_p0750_panel_1.jpg",neutral,,auto_ocr_sentiment,train
"Invincible, Vol. 1.pdf_p0095_panel_9.jpg",neutral,,auto_ocr_sentiment,train
"Invincible, Vol. 1.pdf_p0773_panel_0.jpg",sadness,"THIS I(S

 

} I’M GLAD YOU
LIKE IT. I’VE BEEN
EXPERIMENTING A

LITTLE TO SEE IF I CAN

ALTER THE NUTRIENTS",auto_ocr_sentiment,train
"Invincible, Vol. 1.pdf_p0420_panel_4.jpg",neutral,,auto_ocr_sentiment,train
"Invincible, Vol. 1.pdf_p0504_panel_0.jpg",anger,"I FELT THAT--
WHAT GIVES? AREN'T
YOU JUST A NORMAL
GUY LiKe THE
ORIGINAL 2",auto_ocr_sentiment,train
"Invincible, Vol. 1.pdf_p0323_panel_0.jpg",neutral,,auto_ocr_sentiment,train
"Invincible, Vol. 1.pdf_p0084_panel_3.jpg",neutral,"SORRY,
Si@. ILL TRY
TO MAKE SURE IT
DOESN’T HAPPEN
AGAIN.",auto_ocr_sentiment,train
"Invincible, Vol. 1.pdf_p0709_panel_0.jpg",neutral,"a ——
WS

WY next Time qi",auto_ocr_sentiment,train
"Invincible, Vol. 1.pdf_p0828_panel_1.jpg",fear,"WHILE TRYING TO FIND A FOR ¢
CURE FOR YOUR CONDITION.... BEEN C
I BECAME ENAMORED LIFE TI
WITH YOUR PLIGHT, WHICH MECH,
MIRRORED MING. IN Never
GETTING TO KNOW YOU, I
WAS FASCINATER BY
YOUR ABILITY TO COPE...
(T INSPIRED",auto_ocr_sentiment,train
"Invincible, Vol. 1.pdf_p0488_panel_3.jpg",fear,"ANY SUPER-VILLAINS.
I'M NOT GOING TO BE
SELLING YOU OUT TOA
NEWSPAPER ANYTIME

SOON, AND I DOUBT
AMBER WOULD
EITHER.

 
  
 

BESIDES,
YOU PON’T
EVEN HAVE
AN ARGH-
VILLAIN.",auto_ocr_sentiment,train
"Invincible, Vol. 1.pdf_p0208_panel_5.jpg",surprise,"HAVE BEEN TOLD
BY NOW IF
THERE WERE.

         

a

OKAY...
OKAY... WHAT'S
YOUR NAME#
I GOTTA",auto_ocr_sentiment,train
"Invincible, Vol. 1.pdf_p0749_panel_4.jpg",sadness,"DID I WAKE YOU
UP? I’M SORRY.
[ THOUGHT YOU’P
BE UP ALREADY.
DO YOU WANT ME
TO LEAVE SO YOU
CAN GO BACK
TO SLEEP?",auto_ocr_sentiment,train
"Invincible, Vol. 1.pdf_p0457_panel_2.jpg",neutral,,auto_ocr_sentiment,train
"Invincible, Vol. 1.pdf_p0339_panel_1.jpg",neutral,,auto_ocr_sentiment,train
"Invincible, Vol. 1.pdf_p0641_panel_1.jpg",neutral,,auto_ocr_sentiment,train
"Invincible, Vol. 1.pdf_p0838_panel_1.jpg",neutral,"yw he obta
here it car
the wea
1known to
known are
The infon
om thou:
cetchy ey
imaged ar
e weapon’
yints to th
1is Weapo
nitted ane
istoppable
asts from
ce thro
asting a pé
ey encour
lips--anytl
stroyed. |
eory. No
ose enol
finity ray |
yace Rider

Whether
yt, I had m
int down
‘termine \
ories of hi
id if so, ar:
and trial 1
e empire.
ywerful as
> was a ht
Ice.

Little w
yace Ride
hat quad
erated in,
e had be
gend. Ste
ross the t
as Said to
ice. Stori
ith each c
ould be n
as a task |
ire not fail
hat was at:
‘life.

At first,
yr simil:
ements. A
yssible for
stion--if tt
ese storie:
ad that the
eapon we!
r fetched
pabilities
les. But
arly fiftec
iS.
The firs
as contac
ibordinate
ho was wi
Ss possible",auto_ocr_sentiment,train
"Invincible, Vol. 1.pdf_p0901_panel_1.jpg",fear,"'7/ OW, HEY--ME
Bt We soul bd
TIME eT NIGHT. VIES | (T AGAIN SOME

 

Pil The \ me",auto_ocr_sentiment,train
"Invincible, Vol. 1.pdf_p1108_panel_0.jpg",surprise,"OH, NOT =a
THIS CRAP
AGAIN!
x . _
VI fo
[AZ SLY",auto_ocr_sentiment,train
"Invincible, Vol. 1.pdf_p0502_panel_4.jpg",neutral,,auto_ocr_sentiment,train
"Invincible, Vol. 1.pdf_p0337_panel_2.jpg",anger,"WE NEED TO DISCUSS
YOUR BEHAVIOR. YOU ARE
AN EXCELLENT MEMBER

OF OUR TEAM. I DON’T WANT
YOU TO THINK THIS IS ABOUT

YOUR PERFORMANCE,

BECAUSE IT HAS NOTHING
TO DO WITH IT. YOU ARE A
VERY PROPUCTIVE AND
VALUED MEMBER OF THE

GUARDIANS OF THE
GLOBE.

   
 
 
   
 
  
 
 
 
 
 
 
 
   

 

THE
PROBLEM I
HAVE WITH YOU
IS YOUR CONDUCT
DURING OUR
DOWNTIMES.",auto_ocr_sentiment,train
"Invincible, Vol. 1.pdf_p0381_panel_2.jpg",neutral,"THE OLP TEAM—té«<S
WAS NOTHING BUT
A-LIST HEROES. THEY
WOULD HAVE PREVENTED
THIS INVASION
WITHIN MINUTES.",auto_ocr_sentiment,train
"Invincible, Vol. 1.pdf_p0092_panel_3.jpg",neutral,,auto_ocr_sentiment,train
"Invincible, Vol. 1.pdf_p0355_panel_1.jpg",neutral,,auto_ocr_sentiment,train
"Invincible, Vol. 1.pdf_p0937_panel_7.jpg",neutral,,auto_ocr_sentiment,train
"Invincible, Vol. 1.pdf_p1107_panel_0.jpg",neutral,,auto_ocr_sentiment,train
"Invincible, Vol. 1.pdf_p0508_panel_1.jpg",neutral,"DIFFERENT FREQUENCY
THAN THE OTHER THINGS / AS USUAL. ASIDE",auto_ocr_sentiment,train
"Invincible, Vol. 1.pdf_p0589_panel_5.jpg",neutral,"YES--INVINCIBLE--I HAVE

KNOWLEDGE OF HIM FROM A

DOZEN WORLDS. HE WILL BE
EASY N° FIND--EASY TO

COME--YOU’RE HURT.
WE NEED TO GET YOU
SOMEWHERE SAFE
WHERE I CAN HAVE A
LOOK AT YOU. I KNOW
A DOCTOR WHO

Ww",auto_ocr_sentiment,train
"Invincible, Vol. 1.pdf_p0566_panel_2.jpg",neutral,"CALM TOUKSELr,
CHILD. IT COULD
HAVE BEEN MUCH

RY K
THIS TIME. (

THIS IS
A TIME OF
CELEBRATION,
NOT
REMORSE.",auto_ocr_sentiment,train
"Invincible, Vol. 1.pdf_p0523_panel_7.jpg",sadness,"I MISS
HIM. I MISS
THE NOLAN I

KNEW--MARK’S

FATHER. BUT T

JUST--I DON’T
KNOW IF ANY",auto_ocr_sentiment,train
"Invincible, Vol. 1.pdf_p0475_panel_0.jpg",sadness,"IF T HAD KNOWN You'p YE
Be ON TIME I WOULD
HAVE SUGGESTED YOU
HAVE SAVED ON
| GAS. +N 5
boy th ,
\j

Qos
<_a
a —
} j _

i
Lf

/

U

MW
=p
Nn

b
== NM

il
Ro / thd oF)
al hes

 

% \ )
ws LoS /
|",auto_ocr_sentiment,train
"Invincible, Vol. 1.pdf_p0379_panel_1.jpg",neutral,"<q
(a

an
>
ue
<I
+
:

UP THERE...
PO YOU SEE
THAT?

LUCKY ME.
TI’LL STILL BE
AROUND FOR",auto_ocr_sentiment,train
"Invincible, Vol. 1.pdf_p0673_panel_1.jpg",neutral,,auto_ocr_sentiment,train
"Invincible, Vol. 1.pdf_p0136_panel_2.jpg",neutral,"ONLY IF I
CAN CALL YOU
R. SHERI.",auto_ocr_sentiment,train
"Invincible, Vol. 1.pdf_p0479_panel_2.jpg",neutral,,auto_ocr_sentiment,train
"Invincible, Vol. 1.pdf_p0502_panel_2.jpg",neutral,"HEH, GOOD
ONE--
REALLY--",auto_ocr_sentiment,train
"Invincible, Vol. 1.pdf_p0643_panel_4.jpg",neutral,,auto_ocr_sentiment,train
"Invincible, Vol. 1.pdf_p0463_panel_3.jpg",neutral,"H... |
ROOM. WHAT
WOULD WILLIAM
THINK 4
=",auto_ocr_sentiment,train
"Invincible, Vol. 1.pdf_p0258_panel_4.jpg",anger,"EC

=>

oe

I COULD NEVER BRING Ga NO MATTER HOW T TRIED TO DISTANCE

MYSELF TO DO IT. } MYSELF FROM HER EMOTIONALLY... I
GOULPN’T DENY THAT I HAD GROWN
QUITE FOND OF HER.",auto_ocr_sentiment,train
"Invincible, Vol. 1.pdf_p0940_panel_1.jpg",neutral,,auto_ocr_sentiment,train
"Invincible, Vol. 1.pdf_p0294_panel_3.jpg",neutral,"HAVE YOU HEARD
FROM MARK? HE
HASN’T BEEN IN
SCHOOL FOR TWO
WEEKS AND I’M
STARTING TO GET
WORRIED.",auto_ocr_sentiment,train
"Invincible, Vol. 1.pdf_p0189_panel_1.jpg",neutral,,auto_ocr_sentiment,train
"Invincible, Vol. 1.pdf_p0397_panel_1.jpg",neutral,,auto_ocr_sentiment,train
"Invincible, Vol. 1.pdf_p0972_panel_4.jpg",neutral,,auto_ocr_sentiment,train
"Invincible, Vol. 1.pdf_p0270_panel_1.jpg",surprise,"SAY THESE
THINGS? HOW
CAN YOU SAY

THAT ABOUT
MOM?! You
LOVE HER...",auto_ocr_sentiment,train
"Invincible, Vol. 1.pdf_p0444_panel_4.jpg",neutral,,auto_ocr_sentiment,train
"Invincible, Vol. 1.pdf_p1054_panel_1.jpg",surprise,"YEAH, =
THANKS.
\7 Li<e I
DON’T HAVE
ENOUGH",auto_ocr_sentiment,train
"Invincible, Vol. 1.pdf_p0325_panel_0.jpg",sadness,"OKAY. SORRY. YOU GUYS WANT COOL. IT’S BEEN A

TO GO OUT FOR A QUICK BITE AT WHILE SINCE We’Ve ALL
THE BURGER MART AFTER HUNG OUT AFTER SCHOOL.
SCHOOL TODAY 4 [IT MIGHT THIS’LL BE FUN. THAT [S...

HELP TAKE YOUR MIND ER... UNLESS YOU’D

OFF THINGS, MARK. RATHER DO SOMETHING

ELSE, EVE. OR... YOU

COULD TAG
ALONG.

   
  
 
  
 

   
   
  

  
 

I THINK
I CAN DO
THAT.

    
 

oa
N 7
ve cs AS

 
  
 
     
   
 
    

DON’T WORRY. I’ve
GOT PLENTY OF STUFF
TO DO TODAY, AND I DON’T
WANT TO BREAK UP YOUR
LITTLE BOYS CLUB. YOU GO
HAVE FUN. I’VE GOT TO
GET TO CLASS. LATER GUYS.",auto_ocr_sentiment,train
"Invincible, Vol. 1.pdf_p1060_panel_0.jpg",surprise,"IS THAT A
VILTRUMITE
SHIP? I
PH THINK IT IS.
CRAP.

» MAYBE _

4 THEY DIDN’T
NOTICE f
Me.",auto_ocr_sentiment,train
"Invincible, Vol. 1.pdf_p0179_panel_2.jpg",neutral,,auto_ocr_sentiment,train
"Invincible, Vol. 1.pdf_p0725_panel_0.jpg",neutral,"SO WHILE WE ARE
BOTH CERTAINLY
CLONES OF ONE
MAULER--ONE OF US
IS A CLONE OF THE
OTHER. I Believe
I’VE DISCOVERED A
NEW SOURCE FOR
DISPUTE BETWEEN

US...",auto_ocr_sentiment,train
"Invincible, Vol. 1.pdf_p0431_panel_2.jpg",neutral,,auto_ocr_sentiment,train
"Invincible, Vol. 1.pdf_p0082_panel_2.jpg",anger,"RESPONSIBLE
FOR POPULATING
THE ENTIRE

| WHEN THIS
GIRL’S FATHER
FOUND OUT, SHE
- ~' WAS BANISHEP TO
\ , THE MIPDLE WORLD
OF HUMANS. SHE HAD
TWINS WHO SHE NAMED
HUNAHPU ANP XBALANGQUE,
X THE HERO TWINS. THESE
TWINS WOULD Be",auto_ocr_sentiment,train
"Invincible, Vol. 1.pdf_p0927_panel_1.jpg",neutral,,auto_ocr_sentiment,train
"Invincible, Vol. 1.pdf_p0801_panel_3.jpg",sadness,"SHOULDN’T Be
MORE THAN

ANOTHER COUPLE

HOURS OR",auto_ocr_sentiment,train
"Invincible, Vol. 1.pdf_p0830_panel_8.jpg",neutral,"I KINDA
LIKE THEM
BOTH.",auto_ocr_sentiment,train
"Invincible, Vol. 1.pdf_p1074_panel_2.jpg",anger,"O REALL
KICK YOUR EXERCISE
ROUTINE INTO OVERPRIVE.
YOU’RE GOING TO SEE
A REMARKABLE
DIFFERENCE
VERY SOON.",auto_ocr_sentiment,train
"Invincible, Vol. 1.pdf_p0379_panel_0.jpg",neutral,"THE EVENTS
OF TODAY Witt.

FORGOTTEN... NOT
FOR MANY,
MANY YEARS.

—_ _____@ €f

AAT hk

r
cl
C
4
s",auto_ocr_sentiment,train
"Invincible, Vol. 1.pdf_p1037_panel_2.jpg",neutral,"EVEN BEEN GONE A
YEAR... I DION’T

HIS NAME
wore coe ne
a / 8=SAME REALTOR I'M
amc WORKING FOR. HE WAS
HELPING ME OUT--
| SINCE I WAS JUST

\

oi

SINCE THEN, I1’S NOT
SERIOUS YET, BUT I
DIDN'T WANT YoU TO
FIND OUT LATER.
I WANTE?P TO
TELL YOU.",auto_ocr_sentiment,train
"Invincible, Vol. 1.pdf_p0949_panel_4.jpg",neutral,,auto_ocr_sentiment,train
"Invincible, Vol. 1.pdf_p0227_panel_0.jpg",neutral,"RECLNGLD

Ul, JOLMSON

7 SCHOOL

— acskiaes epee",auto_ocr_sentiment,train
"Invincible, Vol. 1.pdf_p0744_panel_0.jpg",neutral,"THANKS FOR THE
APVERTISEMENT,
BLACK SAMSON!
NOW THEY’RE ALL

GOING AFTER OUR
EARPIECES.",auto_ocr_sentiment,train
"Invincible, Vol. 1.pdf_p0487_panel_0.jpg",neutral,,auto_ocr_sentiment,train
"Invincible, Vol. 1.pdf_p0953_panel_0.jpg",neutral,"wwe \
Pe ee
CR ey ,

wae

ms
me Pet ~",auto_ocr_sentiment,train
"Invincible, Vol. 1.pdf_p0803_panel_0.jpg",anger,"I KILLED
eee ALL
JUST KILLEP
HIM. A",auto_ocr_sentiment,train
"Invincible, Vol. 1.pdf_p0537_panel_10.jpg",neutral,"NO. He OLY Me
WHEN TI WAS SEVEN.
He SAID IF I WAS
GOING TO GET POWERS
THEY’D PROBABLY
KICK IN AROUND
VPUBERTY--THIRTEEN,
FOURTEEN.",auto_ocr_sentiment,train
"Invincible, Vol. 1.pdf_p0541_panel_2.jpg",surprise,"YEAH, WELL--THAT’S
BECAUSE YOU'RE NOT
IN “THE BUSINESS.""
OTHERWISE YOU’D
TOTALLY KNOW WHO
THEY WERE.",auto_ocr_sentiment,train
"Invincible, Vol. 1.pdf_p0499_panel_1.jpg",neutral,"Pieris Frat bits
ROBOT THING? sHe |
""eae
CALLED AMBER
For ge EVERY DAY FoR
"" TWO WEEKS. I DON’T
KNOW WHAT ELSE TO
DO. I’M WORRIED--
I’M WORRIED THAT
IT’S OVER.

WELL,
SHE (S
AT COLLEGE
NOW. I’M SURE
SHE’S GOT ALL
KINDS OF OTHER
GUYS AROUND TO",auto_ocr_sentiment,train
"Invincible, Vol. 1.pdf_p0038_panel_4.jpg",neutral,,auto_ocr_sentiment,train
"Invincible, Vol. 1.pdf_p0476_panel_5.jpg",neutral,,auto_ocr_sentiment,train
"Invincible, Vol. 1.pdf_p0774_panel_0.jpg",neutral,,auto_ocr_sentiment,train
"Invincible, Vol. 1.pdf_p0208_panel_0.jpg",neutral,"eS
HLT EEN

EO |

I JUST WANTEP TO

4

t
u
Wi
—
5
ey
WS
wo
3S
WS
=
>
Wi
ZO
Cg
9
W
—

a
aa)
ER
ra
Sa
S$
ya

iy
>
2%
ia
SY

WELL

<
Sf
Ww
tw
Ww
+
°
wv
Ww
tw
iy
+
te
z
=
WW
+
=",auto_ocr_sentiment,train
"Invincible, Vol. 1.pdf_p1029_panel_3.jpg",neutral,,auto_ocr_sentiment,train
"Invincible, Vol. 1.pdf_p0584_panel_2.jpg",neutral,,auto_ocr_sentiment,train
"Invincible, Vol. 1.pdf_p0910_panel_5.jpg",neutral,,auto_ocr_sentiment,train
"Invincible, Vol. 1.pdf_p0685_panel_8.jpg",neutral,"AMBER,
JUST- “ARE You
SURE HE’S NOT
JUST CHEATING
ON YOU?",auto_ocr_sentiment,train
"Invincible, Vol. 1.pdf_p1067_panel_6.jpg",neutral,"BUT AS TI
HAS GONE ON,
THE THINGS
I'VE LEARNED
SINCE HIS",auto_ocr_sentiment,train
"Invincible, Vol. 1.pdf_p0878_panel_1.jpg",neutral,,auto_ocr_sentiment,train
"Invincible, Vol. 1.pdf_p0340_panel_4.jpg",neutral,,auto_ocr_sentiment,train
"Invincible, Vol. 1.pdf_p0523_panel_8.jpg",neutral,"MY FRIEND.
4 GOO0P
 ERIEND.",auto_ocr_sentiment,train
"Invincible, Vol. 1.pdf_p0426_panel_3.jpg",neutral,,auto_ocr_sentiment,train
"Invincible, Vol. 1.pdf_p0454_panel_0.jpg",neutral,"FURNACE--
HE’S A PERSONAL
FAVORITE OF MINE.
HE JUST LOOKS
COOL, AND THAT
COUNTS FOR
ALOT THESE
DAYS.",auto_ocr_sentiment,train
"Invincible, Vol. 1.pdf_p0180_panel_4.jpg",surprise,"YEAH...

YOU KNOW
MARK... OUR SON.
HIS BIRTHDAY IS
NEXT WEEK.
DON’T TELL
Me YOU
FORGOT!",auto_ocr_sentiment,train
"Invincible, Vol. 1.pdf_p0837_panel_6.jpg",neutral,"THEY’RE
YOURS, TAKE
THEM.",auto_ocr_sentiment,train
"Invincible, Vol. 1.pdf_p0231_panel_1.jpg",neutral,"WHAT’S Cone
ON? WHAT
we LINE

 

it q VTS""",auto_ocr_sentiment,train
"Invincible, Vol. 1.pdf_p1002_panel_3.jpg",neutral,,auto_ocr_sentiment,train
"Invincible, Vol. 1.pdf_p0613_panel_5.jpg",neutral,"NOBOPY’S
SEEN HIM
AT ALL2",auto_ocr_sentiment,train
"Invincible, Vol. 1.pdf_p0381_panel_0.jpg",neutral,,auto_ocr_sentiment,train
"Invincible, Vol. 1.pdf_p0982_panel_5.jpg",neutral,,auto_ocr_sentiment,train
"Invincible, Vol. 1.pdf_p0119_panel_4.jpg",neutral,"OH,
COME ON...
HOW WAS I
SUPPOSED
TO--2",auto_ocr_sentiment,train
"Invincible, Vol. 1.pdf_p1103_panel_1.jpg",neutral,,auto_ocr_sentiment,train
"Invincible, Vol. 1.pdf_p0342_panel_4.jpg",fear,"QUICK... WE
MUST RETURN
0 OUR
KINGDOM.

 

YOU SAID
YOU WOULD
ALLOW ME TO VERY WELL,
BUT MAKE IT
FIRST! Qe
l i
r 2",auto_ocr_sentiment,train
"Invincible, Vol. 1.pdf_p0236_panel_5.jpg",neutral,,auto_ocr_sentiment,train
"Invincible, Vol. 1.pdf_p0433_panel_3.jpg",neutral,"\

SSF
ee
ar,

cae",auto_ocr_sentiment,train
"Invincible, Vol. 1.pdf_p0793_panel_1.jpg",neutral,,auto_ocr_sentiment,train
"Invincible, Vol. 1.pdf_p0480_panel_1.jpg",neutral,"ME, RICK. Y

SHOWEP YOU \)
AROUND THE

PORMS LAST

SEMESTER.",auto_ocr_sentiment,train
"Invincible, Vol. 1.pdf_p0333_panel_4.jpg",neutral,,auto_ocr_sentiment,train
"Invincible, Vol. 1.pdf_p0891_panel_3.jpg",sadness,"YOu :
THIS TO PEOPLE AND JUST

GET AWAY WITH IT?2! You
THINK YOU’/RE NOT GOING TO
HAVE TO PAY FOR WHAT
YOU PIP TO THESE
PEOPLE?!

DID TOMY |
\ FRIEND?! 4

om

 

I’M SORRY
YOU'RE TOO

' UNINTELLIGENT %

TO SEE HOW
IMPORTANT MY
WORK IS. IF YOU

WOULD THINK

ABOUT THE GOOD |
THAT CAN COME 4
FROM--",auto_ocr_sentiment,train
"Invincible, Vol. 1.pdf_p0232_panel_3.jpg",neutral,,auto_ocr_sentiment,train
"Invincible, Vol. 1.pdf_p0724_panel_1.jpg",neutral,,auto_ocr_sentiment,train
"Invincible, Vol. 1.pdf_p0535_panel_0.jpg",neutral,,auto_ocr_sentiment,train
"Invincible, Vol. 1.pdf_p0045_panel_1.jpg",neutral,,auto_ocr_sentiment,train
"Invincible, Vol. 1.pdf_p1080_panel_1.jpg",fear,"THKEE YEAKS...
ALMOST. We WERE
CRIME-FIGHTING
PARTNERS FOR A
LITTLE BIT BEFORE
WE PATED--BUT I

USUALLY COUNT
THAT TIME.

 
 
 
 
 
   
  

BLEW IT.",auto_ocr_sentiment,train
"Invincible, Vol. 1.pdf_p0762_panel_8.jpg",neutral,,auto_ocr_sentiment,train
"Invincible, Vol. 1.pdf_p0487_panel_3.jpg",neutral,"MS TNE

: aa);
Q S f]
Zt

=

rH N
a)",auto_ocr_sentiment,train
"Invincible, Vol. 1.pdf_p0836_panel_3.jpg",fear,"IT’S COMFORTING
TO HEAR THERE’S
STILL A PIECE OF
HIM THAT I
KNEW LEFT IN
THERE.

 
    
   
 
 

N HE

AT HE
YOU--
UGHT
ST MY
1D.",auto_ocr_sentiment,train
"Invincible, Vol. 1.pdf_p0363_panel_4.jpg",neutral,"A
yy ed
\

we

me

Se
‘S",auto_ocr_sentiment,train
"Invincible, Vol. 1.pdf_p0938_panel_5.jpg",neutral,,auto_ocr_sentiment,train
"Invincible, Vol. 1.pdf_p0874_panel_10.jpg",neutral,"I CAN’T BELIEVE
YOU ACTUALLY FELL
ASLEEP--YOU’RE
SUCH A LOSER.",auto_ocr_sentiment,train
"Invincible, Vol. 1.pdf_p0155_panel_0.jpg",neutral,,auto_ocr_sentiment,train
"Invincible, Vol. 1.pdf_p0902_panel_1.jpg",surprise,"ay I S
r IMAGING NOT.
THAT'S NOT
REALLY WHAT
THESE CELLS",auto_ocr_sentiment,train
"Invincible, Vol. 1.pdf_p0992_panel_3.jpg",anger,"TeSs--OmM
TRIED TO TAKE OVER
THE WORLD--BUT
DON’T FORGET
INVINCIBLE STOPPER
HIM. HE SAVED
US ALL THAT
DAY.

HE
TURNED
AGAINST HIS
FATHER--AND
PROTECTED US.
YOU HEARD THE
RECORDING OF

THEM TALKING
ANeatr: THE FIGH

 
 
 
   
 
 
  
  

INVINCIBLE
DIDN'T BACK
DOWN.",auto_ocr_sentiment,train
"Invincible, Vol. 1.pdf_p0602_panel_5.jpg",neutral,"OUR
SAMANTHA
EVE
WILKINS.",auto_ocr_sentiment,train
"Invincible, Vol. 1.pdf_p0359_panel_0.jpg",neutral,,auto_ocr_sentiment,train
"Invincible, Vol. 1.pdf_p0998_panel_2.jpg",surprise,"p ways BEEN HELPING
OUT--DOING MY PART.
I GUESS WHAT I’VeE
BEEN DOING LATELY IS
A BIT MORE NEWS-
WORTHY 4

I DON’T
REALLY
KNOW.",auto_ocr_sentiment,train
"Invincible, Vol. 1.pdf_p0411_panel_1.jpg",neutral,,auto_ocr_sentiment,train
"Invincible, Vol. 1.pdf_p0553_panel_4.jpg",neutral,"WERE I TO CONTINUE WITH
THIS STORY EVEN FURTHER

I WOULD INFORM YOU OF
HOW ALLEN’S WARNING CAME
TOO LATE. MARK’S FATHER
WAS ALREADY REVEALED

TO BE THAT VILTRUMITE. ****

ALL THIS INFORMATION LEP TO
ALLEN’S CURRENT MISSIVE, AN
IMPORTANT MESSAGE TO BE
GIVEN DIRECTLY TO THE
COALITION LEAPERS.

YES, DEAR REAPER--I WOULD
LOVE TO TELL YOU ALL OF THIS,
oor I HAVE NOT THE TIME,

 

**** ALSO IN ISSUE I3.",auto_ocr_sentiment,train
"Invincible, Vol. 1.pdf_p1030_panel_8.jpg",neutral,"WITH WILLIAM, I JUST--
IT WAS PAINFUL TO BE
AROUNP YOU. YOU AND
AMBER WERE SA HAPPY
IT... BID GO TO DERICA
10 HELP PEOPLE,
TO PO GOOD...

BUT —
BEING AWAY

FROM YOU
WAS A BIG
PART OF",auto_ocr_sentiment,train
"Invincible, Vol. 1.pdf_p0316_panel_3.jpg",anger,"OUR WEAKNESS HAS
BEEN DISCOVERED! We
MUST RETREAT BEFORE

OUR ENTIRE ARMY ive THE

ORDER!",auto_ocr_sentiment,train
"Invincible, Vol. 1.pdf_p1015_panel_3.jpg",neutral,"WHATEVER, *
MAN... ra

mF ivsyour ¥
mm FUNERAL. §",auto_ocr_sentiment,train
"Invincible, Vol. 1.pdf_p0460_panel_3.jpg",anger,"MONSTER
GIRL, LIFT YOUR
LEFT ARM ABOUT
FOUR CENTIMETERS.

THE RESULTING SHIFT
IN WEIGHT SHOULD--",auto_ocr_sentiment,train
"Invincible, Vol. 1.pdf_p0658_panel_6.jpg",surprise,"4
REX--GIANT YOU RETIREP
RUBBLE TO GO BEA
MONSTERS 2! HIPPIE?
We REALLY

NEEPEP",auto_ocr_sentiment,train
"Invincible, Vol. 1.pdf_p0005_panel_3.jpg",neutral,,auto_ocr_sentiment,train
"Invincible, Vol. 1.pdf_p0478_panel_2.jpg",neutral,,auto_ocr_sentiment,train
"Invincible, Vol. 1.pdf_p0100_panel_0.jpg",neutral,,auto_ocr_sentiment,train
"Invincible, Vol. 1.pdf_p0711_panel_5.jpg",neutral,,auto_ocr_sentiment,train
"Invincible, Vol. 1.pdf_p0034_panel_1.jpg",neutral,"MARK 4
BO YOU
IVDERSTAND 4",auto_ocr_sentiment,train
"Invincible, Vol. 1.pdf_p0622_panel_4.jpg",neutral,"THIS IS
A SYNTHETIC
EXOSKELETON
SHELL--IT IS
ALSO WHAT
PROTECTED Me
FKOM YOUR
ATTACK.",auto_ocr_sentiment,train
"Invincible, Vol. 1.pdf_p0881_panel_3.jpg",neutral,,auto_ocr_sentiment,train
"Invincible, Vol. 1.pdf_p0839_panel_6.jpg",neutral,"UT WHA
COULD IT BE?
WHAT COULD
HE HAVE
HIDDEN
HERE?",auto_ocr_sentiment,train
"Invincible, Vol. 1.pdf_p0438_panel_0.jpg",neutral,,auto_ocr_sentiment,train
"Invincible, Vol. 1.pdf_p0596_panel_2.jpg",neutral,"Se Meee a — oS en ae er a
THEN THINGS se = e
GOT WORSE. YOU WILL x

GIVE ME WHAT N

I WANT AND I

WILL GIVE YOU | ALL I

WHATEVER } ASK FOR IN
YOU'VE ALWAYS y RETURN...
WANTED. x S .
I CAN TAKE . ""Bor.

 

~~

YOU FROM THIS

Eee PLACE, MAKE YOUR
| = WILDEST DREAMS
n COME TRUE. THIS

= 1 , ————w
y x - |\ HELL oF Your LiFe
t a Oana l , WILL SOON BE

_—

t

A DISTANT
_ MEMORY. _.",auto_ocr_sentiment,train
"Invincible, Vol. 1.pdf_p0351_panel_3.jpg",surprise,"YEAH!!
YOU SHOULD
Be THANKING

Us!!

 

   
     

     
   

I WOULDPN’T CONSIDER BUT I’LL
WHAT’S COMING NEXT TO LET YOU BE
THE JUDGE.

BE A PROPER “THANK
You.”",auto_ocr_sentiment,train
"Invincible, Vol. 1.pdf_p1076_panel_4.jpg",neutral,"OF EARTH, YOU WOULDN'T
AY BE ALONE.
—= ‘

WE'VE GOT
THAT GOING FOR
US, ANP THE FACT

THAT WE KNOW
THEY'RE COMING...
EVENTUALLY. THAT
‘0 «WAS A FOOLISH
LS MOVE ON THEIR

a, PART.",auto_ocr_sentiment,train
"Invincible, Vol. 1.pdf_p0709_panel_1.jpg",neutral,"a
S ag"" ;
| R",auto_ocr_sentiment,train
"Invincible, Vol. 1.pdf_p0365_panel_4.jpg",neutral,"YOU ARE HERE YOUR TEACHERS SAY
RARELY EVEN PAY ATTENTION. AND oJ
NOW--WHAT WAS THAT#2 ARE YOU JI
WANDERING THE HALLS NOW? I DC
WANT TO SEE YOU BECOME THE NE)
WILLIAM CLOCKWELL... IT KNOW THA
BOY IS YOUR FRIEND, BUT YOU HA
TO HAVE SEEN HOW HARP IT’S
BEEN FOR HIM TO GET
ACCEPTED INTO
COLLEGE.",auto_ocr_sentiment,train
"Invincible, Vol. 1.pdf_p0273_panel_2.jpg",neutral,,auto_ocr_sentiment,train
"Invincible, Vol. 1.pdf_p0995_panel_1.jpg",fear,"Br (FORGIVE Me IF
I DON’T STAND
STILL TO PROVIDE
YOU THE
OPPORTUNITY.

   
   
 
    
   
       
 
   
    
 
 
   
 
    

WHAT GIVES,
BIG GUY?!
WHERE’VE YOU
BEEN HIDING
AND WHAT IS
IT YOU’RE
AFTER?!

  

  

 
  
 

 

YOU’RE
CAUSING ALL
KINDS OF
TROUBLE!",auto_ocr_sentiment,train
"Invincible, Vol. 1.pdf_p0781_panel_4.jpg",neutral,,auto_ocr_sentiment,train
"Invincible, Vol. 1.pdf_p0526_panel_2.jpg",neutral,,auto_ocr_sentiment,train
"Invincible, Vol. 1.pdf_p0611_panel_3.jpg",neutral,,auto_ocr_sentiment,train
"Invincible, Vol. 1.pdf_p0890_panel_4.jpg",neutral,"- Uo|l--
DON’T KNOW...
KL LAY UNDER
me Here!",auto_ocr_sentiment,train
"Invincible, Vol. 1.pdf_p0425_panel_1.jpg",neutral,,auto_ocr_sentiment,train
"Invincible, Vol. 1.pdf_p0931_panel_2.jpg",neutral,,auto_ocr_sentiment,train
"Invincible, Vol. 1.pdf_p0182_panel_1.jpg",neutral,,auto_ocr_sentiment,train
"Invincible, Vol. 1.pdf_p0829_panel_2.jpg",surprise,"Z i

MARK... I
THOUGHT
YOU WERE
SOMEONE
ELSE.",auto_ocr_sentiment,train
"Invincible, Vol. 1.pdf_p0461_panel_1.jpg",anger,"I COULD KILL YOU ALL WITH
wouue Bedve NOTHING."" s
OULD PRO .
CAME FOR SPORT--THE THRILL YOU HAVE
a E NOTHING TO

OFFER ME. YOU
HAVE BEEN A
PATHETIC WASsTe
OF MY TIME.
TODAY IS NOT
A Coop",auto_ocr_sentiment,train
"Invincible, Vol. 1.pdf_p0033_panel_0.jpg",neutral,"I KNOW THIS (S ALOT TO TAKE IN
AT ONE TIME, BUT YOU’RE OLD
ENOUGH TO KNOW THE TRUTH.

ANP UNFORTUNATELY... I’M
NOT DONE YET. ON TOP OF
ALL THIS... THERE’S
MOKE.

YOU
SEE, YOU'RE
GETTING
OLPER,
SON...",auto_ocr_sentiment,train
"Invincible, Vol. 1.pdf_p0226_panel_2.jpg",neutral,,auto_ocr_sentiment,train
"Invincible, Vol. 1.pdf_p0623_panel_0.jpg",neutral,"YOU CAN’T
DO THIS MARK.
THE ALIEN IS FROM
AN UNKNOWN RAGE.
WE'VE GOT NO
INFORMATION ON FILE
WE HAVE NO IDEA

WHERE HE'S GOING

TO TAKE YOU, HOW
LONG YOU'RE GOING
TO BE GONE OR Ever
IE HE'S TELLING
You THE
TRUTH.",auto_ocr_sentiment,train
"Invincible, Vol. 1.pdf_p0662_panel_1.jpg",surprise,"MY --MY i /
BROTHER?! ¥ ,",auto_ocr_sentiment,train
"Invincible, Vol. 1.pdf_p0832_panel_0.jpg",neutral,"BUT THAT’S NOT
IMPORTANT... IT IS...
BUT IT/ISN’T. NOT
TO ME. I MEAN IT
DOESN’T HURT...
BUT... AMBER
ASKED ME OUT.
I WAS INSECURE, I
STILL AM... ALITTLE.
I HADN’T REALLY
BEEN ON ANY DATES.
I DIPN’T THINK Gils
WERE INTERESTED
IN ME.

THEN AMBER
7? CAME ALONG. SHE
LIKED Me. SHE MADE
THE FIRST MOVE.
THAT WAS SOMETHING.
IT MADE ME FEEL

GOOP. HER BEING
TOTALLY HOT
DIDN'T HURT--BUT
MAINLY --IT’S THAT
SHE MAKES ME
ECEL GOOD ABOUT
MY SELE.",auto_ocr_sentiment,train
"Invincible, Vol. 1.pdf_p0079_panel_2.jpg",fear,"AREN'T I ALLOWED TO WATCH
SOME LATE NIGHT TV IN MY
OWN HOUSE? BESIDES, I
SHOULD BE ASKING YOU
THE SAME QUESTION,
YOUNG MAN.

  
  
 
   
     
  
  
 

WHEN YOU
LEFT AFTER DINNER

YOU SAID YOU’P ONLY
BE AFEW MINUTES. JUST
BECAUSE YOU'RE WEARING
TIGHTS DOESN’T MEAN YOU

DON’T HAVE A CURFEW.",auto_ocr_sentiment,train
"Invincible, Vol. 1.pdf_p0196_panel_5.jpg",neutral,,auto_ocr_sentiment,train
"Invincible, Vol. 1.pdf_p0261_panel_4.jpg",neutral,,auto_ocr_sentiment,train
"Invincible, Vol. 1.pdf_p0188_panel_1.jpg",neutral,,auto_ocr_sentiment,train
"Invincible, Vol. 1.pdf_p0896_panel_5.jpg",neutral,"TELL YOU ABOUT coe
COMING To THE J

WINDOW?

IT’S YOUR STUPID SEcReT--
He Neat ean
TIMES--IT'S NOT SAFE-- {Sth
BUT WHY AM IT worrRieD oe —+——\ KNOW ABOUT
ABOUT THAT WHEN 4 ay, THAT?
_ YOURE NOT#! Udy —",auto_ocr_sentiment,train
"Invincible, Vol. 1.pdf_p0966_panel_2.jpg",neutral,,auto_ocr_sentiment,train
"Invincible, Vol. 1.pdf_p0064_panel_0.jpg",sadness,"NO TIME FOR
THAT, SON!

   

LET’S HELP
THESE BOYS A
out! 4",auto_ocr_sentiment,train
"Invincible, Vol. 1.pdf_p0876_panel_0.jpg",neutral,,auto_ocr_sentiment,train
"Invincible, Vol. 1.pdf_p1112_panel_0.jpg",neutral,THE PENTAGON.,auto_ocr_sentiment,train
"Invincible, Vol. 1.pdf_p0164_panel_2.jpg",neutral,,auto_ocr_sentiment,train
"Invincible, Vol. 1.pdf_p0909_panel_1.jpg",neutral,"HE |S THE KEY TO THIS
AGE-OLD STRUGGLE
BETWEEN THE COALITION
» ANP THE VILTRUM 7
= EMPIRE.

We COULD USE ‘Q
HIM TO TURN OTHER
VILTRUMITES TO OUR
CAUSE--TO WEAKEN
THE VILTRUM EMPIRE
EVEN MORE--TO AT

LAST TURN THE

TIDE IN OUR

FAVOR. YOU NEED
TO PREPARE FOR
A RETURN TRIV TO
EARTH--AS SOON
AS POSSIBLE. I
WISH TO SPEAK
WITH THIS
INVINCIBLE.",auto_ocr_sentiment,train
"Invincible, Vol. 1.pdf_p0662_panel_2.jpg",joy,"TeS. ANV KE DSA ANY
[ HAVE HAP A CHILD
TOGETHER. I TOLP
YOU, SON- -1’7M
STARTING A NEW
LIFE HERE.

 
 
 
 
      
 
     
   
   

I HAVE
BEEN VERY
HAPPY
HERE.",auto_ocr_sentiment,train
"Invincible, Vol. 1.pdf_p0382_panel_1.jpg",neutral,"TT

tS
LL
- (|

Ke
Se
Qos
Qks5
8 rie
~ J'y
~w wo
qt
ow so
a> ~~
pa
ae” x ij",auto_ocr_sentiment,train
"Invincible, Vol. 1.pdf_p0617_panel_2.jpg",neutral,SCIENCE,auto_ocr_sentiment,train
"Invincible, Vol. 1.pdf_p0488_panel_2.jpg",neutral,"L CAN'T TELL
HER. TOO MANY
PEOPLE KNOW
ALREADY. A

SO WHAT.
WHO CARES?
IS THERE A LIMIT
TO HOW MANY
VEOPLE CAN
KNOW?

WANT MY
VILLAINS TO
FIND OUT. IF TOO
MANY PEOPLE KNOW,
IT COULD GET OUT.
THEN MY MOM,
AMBER--YOU...
ANYONE I KNOW
GOULD BE IN
DANGER.",auto_ocr_sentiment,train
"Invincible, Vol. 1.pdf_p0227_panel_3.jpg",fear,"HOW IS IT THAT
YOU JUST ROAM
FREE HERE? DO
YOU HAVE ANY
CLASSES?

   
   
   
   
   
 
 
 
    
 
  

 
 

NOT AS
FAR AS I’M
CONCERNED.

  
  
   
   

AMBER
KNOW ABOUT
YOU AND REP
OVER THERE 2",auto_ocr_sentiment,train
"Invincible, Vol. 1.pdf_p0343_panel_7.jpg",neutral,,auto_ocr_sentiment,train
"Invincible, Vol. 1.pdf_p0495_panel_2.jpg",neutral,"o=—all

—_
a em le

<<
Ti

Sans . i
Ta 0 4 2
= wIF = |
Slur Ck :
Ao
|",auto_ocr_sentiment,train
"Invincible, Vol. 1.pdf_p0607_panel_6.jpg",neutral,eqs,auto_ocr_sentiment,train
"Invincible, Vol. 1.pdf_p1058_panel_0.jpg",neutral,"| AT THIS ;
RATE I SHOULD
GET BACK HOME
IN A FEW DAYS.
NOT BAD REALLY,
I’M MAKING
, COOP TIME.

I WONPER
HOW TELIA IS
DOING. I’M SURE
SHE’S MAD THAT
A I’VE BEEN GONE SO
¥ LONG. SHE DOESN’T
REALIZE HOW
IMPORTANT MY
MISSIONS
ARE.",auto_ocr_sentiment,train
"Invincible, Vol. 1.pdf_p0587_panel_1.jpg",neutral,"SKOFFIE

  
 
 
 
      
 
 
 
 
 
  

   
 

THANKS, \
BROTHER-- ¥
YOU WERE

A BIG WHEN Ne
a HELP. fT CLONE MY:
— I HOPE Fol

AS USELES
UNCONSC
AS YOU WER
. = YOU SHIEL
. ME FROM
> OBLAST",auto_ocr_sentiment,train
"Invincible, Vol. 1.pdf_p0893_panel_6.jpg",sadness,"HELLO ¢

° IU ODE
Z|
DEAN WINSLOW...
YEAH, I WAS JUST
LEAVING. I’M REALLY
SORRY, I HAD SOME

PROBLEMS WITH
MY GIRLERIEND,

NOTHING WORTH
GETTING i",auto_ocr_sentiment,train
"Invincible, Vol. 1.pdf_p0301_panel_1.jpg",neutral,,auto_ocr_sentiment,train
"Invincible, Vol. 1.pdf_p0278_panel_6.jpg",neutral,,auto_ocr_sentiment,train
"Invincible, Vol. 1.pdf_p0201_panel_5.jpg",neutral,,auto_ocr_sentiment,train
"Invincible, Vol. 1.pdf_p0873_panel_0.jpg",neutral,"iA ee
{
l UPSTATE UNIVERSITY.
THE COLLEGE WHERE MARK
GRAYSON ANP WILLIAM
CLOCKWELL ARE CURRENTLY

ENROLLED AS STUDENTS.",auto_ocr_sentiment,train
"Invincible, Vol. 1.pdf_p0128_panel_1.jpg",neutral,,auto_ocr_sentiment,train
"Invincible, Vol. 1.pdf_p0462_panel_3.jpg",fear,"MACHING REAP DUT HE WAS A
REAL HEAVYWEIGHT. THESE
TWO WILL BE HERE FOR
WEEKS, AT THE VERY
LEAST.

 
 
 

   
  
     

I HAD
W NO IDEA THis

ULD BE SUCH
nie OrLeR A TOUGH MISSION.
HAND MANAGED IEF L HAD I WOULDN’T

TO GET THROUGH HAVE LET YOU
THAT WITH ONLY GO IT ALONE.
SOME MINOR BRUISES. SORRY, KID.
YOURE FREE TO LEAVE
ANY TIME YOU'RE READY.
WE’VE LOOKER YOU
OVER ANP YOU PON’T
SEEM TO HAVE
ANY INTERNAL
PAMAGE.",auto_ocr_sentiment,train
"Invincible, Vol. 1.pdf_p0907_panel_0.jpg",neutral,y,auto_ocr_sentiment,train
"Invincible, Vol. 1.pdf_p1036_panel_3.jpg",neutral,"EX... ILL
LET YOU PICK.
HOW ABOUT",auto_ocr_sentiment,train
"Invincible, Vol. 1.pdf_p0505_panel_4.jpg",anger,"WHY SO YOU
CAN LEAVE ME
HERE? ARE YOU
STUPID? I’D HIT

YOU BACK BUT
I’M AFRAID I’P

KILL YOU.",auto_ocr_sentiment,train
"Invincible, Vol. 1.pdf_p0948_panel_1.jpg",neutral,,auto_ocr_sentiment,train
"Invincible, Vol. 1.pdf_p0315_panel_1.jpg",neutral,,auto_ocr_sentiment,train
"Invincible, Vol. 1.pdf_p0319_panel_3.jpg",neutral,,auto_ocr_sentiment,train
"Invincible, Vol. 1.pdf_p0900_panel_3.jpg",neutral,"TWOULE \/ 2 CAN TELL
HAVE, BUT YOU ALL ABOUT
IT WAS KIND IT ON THE WAY
OF A HOME. THEY
SECRET. A SENT Me HERE
TO PICK YOU
UP.",auto_ocr_sentiment,train
"Invincible, Vol. 1.pdf_p1033_panel_2.jpg",surprise,"Ari, vece-—
REALLY?

  
 
    
 
 
    

THIS IS THE d
ABSOLUTE LAST
THING I NEEDED

TO HAPPEN TONIGHT.
I’M TRYING TO GET
THIS HOMEWORK

I CAN’T
CONCENTRATE.",auto_ocr_sentiment,train
"Invincible, Vol. 1.pdf_p0353_panel_3.jpg",anger,"YES! OH, GOP YES! TI CAN’T HIDE IT
ANYMore! f Love HER--I’ve ALWAYS
Lovep HER! EVER SINCE AQUARUS PIEP

L’VE PREAMT OF REPLAGING
HIM AT HER SIDE.

\s

k<Y SC , [ .
I KNOW IT IS TREASON TO SAY
SUCH THINGS BUT I CANNOT
CONTAIN MYSELF ANY LONGER!
YOU MUST REALIZE HOW SPECIAL
AQUARIA IS--WHAT AN HONOR
IT MUST Be TO JUST BE
WITH HER.

I’M SORRY,

SIRE. I’LL ACCEPT
WHATEVER PUNISHMENT
YOU DEEM FIT FOR
Me... NO MATTER
HOW SEVERE.",auto_ocr_sentiment,train
"Invincible, Vol. 1.pdf_p0361_panel_0.jpg",neutral,,auto_ocr_sentiment,train
"Invincible, Vol. 1.pdf_p0383_panel_6.jpg",neutral,"WELL--IT’LL
GIVE ME TIME
TO MAKE UP
ALL THAT
HOMEWORK I
MISSED.",auto_ocr_sentiment,train
"Invincible, Vol. 1.pdf_p0612_panel_1.jpg",neutral,,auto_ocr_sentiment,train
"Invincible, Vol. 1.pdf_p0367_panel_4.jpg",neutral,"hee ~ y

a

‘mE,

 

7
(|  \
OF C'

ee ; 4
woe
)

r \
lem
Ty",auto_ocr_sentiment,train
"Invincible, Vol. 1.pdf_p1031_panel_0.jpg",anger,"SORRY TO RAMBLE,

I JUST WANTED YOU

TO KNOW HOW I
FEEL AND--

Look, YOu’ve
BEEN A GREAT
FRIEND TO ME FOR
ALONG TIME, AND I
CHERISH THAT. I
JUST WANT TO TALE
IT TO THE NEXT LEVEL.
I’VE WANTED TO TAKE
IT TO THE NEXT LEVEL
FOR A REALLY LONG

D TIME NOW.

 

KNOW YOU DO...
I’ve KNOWN
FORA WHite",auto_ocr_sentiment,train
"Invincible, Vol. 1.pdf_p0890_panel_2.jpg",surprise,"A
DOING?! I THOUGHT
YOU WERE STILL TIED
DOWN BUT IT LOOKS
LIKE I BROKE ALL
YOUR RESTRAINTS
WHENT FIRST 4g
GOT HERE.",auto_ocr_sentiment,train
"Invincible, Vol. 1.pdf_p0276_panel_1.jpg",neutral,,auto_ocr_sentiment,train
"Invincible, Vol. 1.pdf_p1068_panel_3.jpg",fear,"We nmAVe SHAKEV
THIS CELL FOR SOME
TIME NOW AND THAT
IS SOMETHING YOU
HAVE ALWAYS KNOWN.

 
  

     
   
   
   
 

TODAY |S
DIFFERENT.
OBVIOUS TO
Me THAT THIS
IS SOMETHING
NEW THAT

 
 

TROUBLES",auto_ocr_sentiment,train
"Invincible, Vol. 1.pdf_p0479_panel_1.jpg",surprise,", HOW

ARE THINGS

WITH YOUR
MOM

gO
MANS

 
   
  
  
    

    

SINCE THAT
STUFF WITH YOUR
PAP, I MEAN. YOU
NEVER REALLY TALK
ABOUT IT, AND MOST
OF THE TIME OTHER
PEOPLE ARE AROUND
SO I HAVEN’T
~ 6 ASKED.",auto_ocr_sentiment,train
"Invincible, Vol. 1.pdf_p0532_panel_1.jpg",neutral,"T’LL HAVE YOU KNOW
IT’S TAKEN MY ENTIZPE
COLLEGE CAREER TO GET
TO THIS POINT. YOU GAN’T
RUSH GENIUS, OF COURSE,
BUT I WOULD HAVE
PREFERRED TO

& ACHIEVE MORE... OF
hm COURSE.

eer” DID YOU
y KNOW THIS
EXPERIMENT
STARTED OUT
SIMPLY AS A WAY
— TO REANIMATE
; iLL VEAD TISSUE--TO
ponte MITT, CREATE LIFE
WHERE THERE
| IS NONE?
I WANTED
A NOBEL PRIZE--I

. mM WANTED TO REUNITE
GRANDMOTHERS
ANP LOVEP
ONES. Q
U

\ ane MT
—

j eT \ 4 ;",auto_ocr_sentiment,train
"Invincible, Vol. 1.pdf_p0368_panel_0.jpg",neutral,,auto_ocr_sentiment,train
"Invincible, Vol. 1.pdf_p0684_panel_2.jpg",neutral,,auto_ocr_sentiment,train
"Invincible, Vol. 1.pdf_p0015_panel_4.jpg",neutral,,auto_ocr_sentiment,train
"Invincible, Vol. 1.pdf_p0598_panel_1.jpg",neutral,"—— ""ee 2

HOW LONG CAN I KEEP THIS po | THE LOST COLLEAGUES, THE
UVP? HOW MANY MORE YEARS oS BETRAYAL, THE INJURIES
OF THIS DO I HAVE IN ME# ° I’VE SUSTAINED--WHAT
MORE DOES THIS LIFE HAVE
TO OFFER ME?

YN 1
MAYBE IT IS TIME FOR ME TO §
VE ON

TAKE THE NEXT STEP IN MY
LIFE OF REBIRTH AND
REINVENTION--A LIFE TI
HARDLY EVEN REMEMBER...

a a

SS
Cy a eS Sea
tS rPUTTCT ODN NOS",auto_ocr_sentiment,train
"Invincible, Vol. 1.pdf_p0670_panel_2.jpg",surprise,"THREE
MONTHS 2! NAN--
HE DIDN’T WASTE
ANY TIME... 4",auto_ocr_sentiment,train
"Invincible, Vol. 1.pdf_p0639_panel_5.jpg",neutral,"I WOULP STILL
PREFER YOU
USED THE BACK
YARD OR GARAGE
OR SOME-
THING.

WHAT IS IT

You’re HERE
FOR? MARK IS
STILL IN SPACE,
ISN’T HE?",auto_ocr_sentiment,train
"Invincible, Vol. 1.pdf_p0496_panel_2.jpg",neutral,"Siz, cove‘
NINE. SWITCH
TO MONITOR

 

 

Siz. THE IMMORTAL.

IS ALREADY ON

JUST WANT TO MAKE
URE WE'RE ALL ON THE
AME PAGE WHEN THE

RECLAIM THE CITY.

2A

HOLD
ON A
SECOND. {

I’M BACK.
SORRY COR TH
INTERRUPTION. 69 wHaTT

IS GO TO MIDNIGHT
CITY, TODAY, AND
MEET UP WITH THIS
NEW DARKWING.
TRY AND GET SOME
. INFORMATION ABOUT
, CAN GET HIM TO",auto_ocr_sentiment,train
"Invincible, Vol. 1.pdf_p0177_panel_3.jpg",neutral,,auto_ocr_sentiment,train
"Invincible, Vol. 1.pdf_p0024_panel_2.jpg",neutral,"= 7
heres’)
Pd J ""
Sg ot5 ;
ag At | 7
Vole ar
Oi i
Ls
_f
y LZ
ae",auto_ocr_sentiment,train
"Invincible, Vol. 1.pdf_p0017_panel_0.jpg",neutral,"PROM PRESSES BY DAY,
NUCLEAR POWERED SUITS
OF ARMOR BY NIGHT...",auto_ocr_sentiment,train
"Invincible, Vol. 1.pdf_p0097_panel_0.jpg",anger,"J
FOUND OUT ONE
OF MY TEACHERS WAS
TURNING MY CLASSMATES
INTO ORGANIC BOMBS IN ORDER
TO TAKE REVENGE ON KIDS HE
FELT WERE LIKE THE ONES THAT
LED HIS SON TO COMMIT SUICIDE.
APPARENTLY HE TURNED HIMSELF
INTO A BOMB ALSO, AND TRIED TO
KILL ME AND A FRIEND OF MINE,
BUT IT FLEW HIM TO ANTARCTICA
BEFORE HE BLEW UP SO THAT
HE WOULPN’T HURT
ANYONE.",auto_ocr_sentiment,train
"Invincible, Vol. 1.pdf_p0516_panel_0.jpg",neutral,,auto_ocr_sentiment,train
"Invincible, Vol. 1.pdf_p0229_panel_1.jpg",neutral,,auto_ocr_sentiment,train
"Invincible, Vol. 1.pdf_p0917_panel_1.jpg",neutral,,auto_ocr_sentiment,train
"Invincible, Vol. 1.pdf_p0500_panel_0.jpg",neutral,,auto_ocr_sentiment,train
"Invincible, Vol. 1.pdf_p0888_panel_2.jpg",neutral,,auto_ocr_sentiment,train
"Invincible, Vol. 1.pdf_p0209_panel_1.jpg",neutral,"| ~ ,
LN WQS A. F
aN _— 3 as
KON aS DD) Sire, LN |
AHS Se i [aS
a Sy . a
""Ss 8) aby |

“8 ~ J eo
_S S
er "" aN on os
wey » 2 Ts . |

4 7 2 se. 7
i \ EGs4 > SO
ct ) SN . oN? “2 3
o Ne
. ~, \ . S ™ , < ’ ” . i}
. 4g ‘ Q
AW CO. ~) 4 ok
. oh 'S » “ \ .° > - >
wh . as -S ea
| CII
~ ""ADS a) fp
. . NO . ae ,
; | Conte) as zu S ; ~ “>
\S “ ‘ o \ - J
~ m3
_ aC
> ‘vue ”
Re on “fo
. NS . a7 J ve
ie a a .
. ; (BAW Qo, \ -
ww Qs jf ~
\
¥ - <¢ ~ (
> nae —_
FJ ”
6 \ i} ° _.
TAD

4 by
SI NE

ae My

J",auto_ocr_sentiment,train
"Invincible, Vol. 1.pdf_p0802_panel_0.jpg",neutral,,auto_ocr_sentiment,train
"Invincible, Vol. 1.pdf_p0103_panel_2.jpg",neutral,,auto_ocr_sentiment,train
"Invincible, Vol. 1.pdf_p0750_panel_6.jpg",joy,"HAD A THING
FOR ME2

THAT'S
HILARIOUS!
WE'RE JUST
REALLY GOOD

PRIENDS--THE
SUPERHERO
THING AND ALL.
WHAT MAKES
YOU THINK SHE
LIKED Nic?",auto_ocr_sentiment,train
"Invincible, Vol. 1.pdf_p0642_panel_0.jpg",anger,"HOUGHT
we'D Never FIND
A TIME FOR YOU TO
SLIP AWAY. THINGS
ARE GETTING MORE
REX IS ALWAYS \ DIFFICULT WITH KATE
AROUND NOW--HE AND IMMORTAL
HAS NOTHING TO DO. STARTING A
I SWEAR IF BLACK = »_- RELATIONSHIP. |
SAMSON WASN'T STILL
IN THAT COMA WE’D
NEVER GET ANY
ALONE TIME.",auto_ocr_sentiment,train
"Invincible, Vol. 1.pdf_p0603_panel_4.jpg",neutral,,auto_ocr_sentiment,train
"Invincible, Vol. 1.pdf_p0080_panel_4.jpg",neutral,"I
MEAN, THERE
AKE PLENTY OF
POSSIBILITIES BUT
REALLY NOTHING TO
POINT US IN ANY
DIRECTION.",auto_ocr_sentiment,train
"Invincible, Vol. 1.pdf_p0498_panel_4.jpg",neutral,"y WELL, IF IN THE
REMAINPER OF MY
LECTURE, THERE IS
ANYTHING ELSE
YOU AGREE WITH,
PLEASE--I BEG
YOU--DO IT
QUIETLY.",auto_ocr_sentiment,train
"Invincible, Vol. 1.pdf_p0639_panel_0.jpg",neutral,,auto_ocr_sentiment,train
"Invincible, Vol. 1.pdf_p0872_panel_0.jpg",neutral,"SO YOU--YOU'RE
BACK AT THE BASE--
TRANSMITTING TO

THIS THING?

     

YES. RIGHT
NOW I’M EATING
A SANDWICH.
PICKLE LOAF--IT’S

~ PELICIOUS.

BOPY--I LIVED IN A TANK OF
FLUIDS THAT KEPT THE OUTSIDE
AIR FROM AGITATING MY DELICATE
SKIN, AS YOU ALREAPY KNOow. I WAS GIFTED
THAT TANK HAD AN APPARATUS WITH PROFOUND
THAT TRANSMITTED MY , INTELLECT, AS I’M
THOUGHTS INTO THIS IT’S SURE YOU’RE ALREADY
CONSTRUCT. MUCH AWARE. IT’S A SIMPLE
WHEN I EASIER TASK FOR ME TO PARTITION
MADE THE REX NOW. OFF MY THOUGHTS AND
CONTROL TWO BODIES

CLONE I INHABIT NOW
I INSERTED MACHINERY DOING TWO SEPARATE

INTO THE BRAIN SO THAT
BODY COULD CONTROL THE
CONSTRUCT WITHOUT I EVEN
ANY ADDITIONAL SEE IN POUBLE

EQUIPMENT. VISION. WHICH,
T’LL ADMIT, TOOK
ALONG TIME
TO CET USED

I’M IN--AS LONG
NOT 10 TALC ABOUT
au ey ‘ YOURSELF
INTERESTING. - > THE WHOLE
T Believe
THANKS THERE IS A MOVIE
FOR SHARING--
AND FOR, Y’KNOW,
NOT PUMBING IT
POWN Or ij
SHORTENING |
ANY WAY.",auto_ocr_sentiment,train
"Invincible, Vol. 1.pdf_p1055_panel_4.jpg",neutral,"IT’S NOT
OVER YET. I’M
CONFIPENT WE’LL
BE ABLE TO
BRING HIM
OVER TO OUR
SIDE.",auto_ocr_sentiment,train
"Invincible, Vol. 1.pdf_p0326_panel_4.jpg",surprise,"NONE OF
THAT PPA
You Two!

GET TO",auto_ocr_sentiment,train
"Invincible, Vol. 1.pdf_p1109_panel_1.jpg",neutral,,auto_ocr_sentiment,train
"Invincible, Vol. 1.pdf_p0407_panel_0.jpg",neutral,,auto_ocr_sentiment,train
"Invincible, Vol. 1.pdf_p1076_panel_0.jpg",neutral,,auto_ocr_sentiment,train
"Invincible, Vol. 1.pdf_p0571_panel_1.jpg",surprise,"Od

I LIKE IT. NOT
BAD,

THIS ONE
ISN’T GOING
TO GET ALL

RIPPED UP, IS
IT2 I THOUGHT
THESE New |
ONES WEREN'T
SUPPOSED",auto_ocr_sentiment,train
"Invincible, Vol. 1.pdf_p0015_panel_0.jpg",neutral,,auto_ocr_sentiment,train
"Invincible, Vol. 1.pdf_p0701_panel_1.jpg",surprise,"THE EMPIRE WAS
SENDING YOU TO
YOUR PEATHS
WHEN THEY SENT

YOU HERE? 4

YOU JUST ¥
STARTING TO
REALIZE THAT £
Now?",auto_ocr_sentiment,train
"Invincible, Vol. 1.pdf_p0103_panel_0.jpg",neutral,"~
Agr
<

abs
TUS
Sb5
Sst

S",auto_ocr_sentiment,train
"Invincible, Vol. 1.pdf_p0057_panel_3.jpg",neutral,,auto_ocr_sentiment,train
"Invincible, Vol. 1.pdf_p0555_panel_2.jpg",neutral,,auto_ocr_sentiment,train
"Invincible, Vol. 1.pdf_p0835_panel_8.jpg",neutral,"COOL,

COOL. “mY NAME’S
GARY. COLL
ME OKAY? T

DON’T WANT TO
HAVE TO LOOK UP
YOUR INFO ON THE

LIBRARY’S
COMPUTER...",auto_ocr_sentiment,train
"Invincible, Vol. 1.pdf_p0164_panel_1.jpg",neutral,,auto_ocr_sentiment,train
"Invincible, Vol. 1.pdf_p0537_panel_6.jpg",neutral,,auto_ocr_sentiment,train
"Invincible, Vol. 1.pdf_p0588_panel_5.jpg",neutral,,auto_ocr_sentiment,train
"Invincible, Vol. 1.pdf_p1099_panel_0.jpg",neutral,,auto_ocr_sentiment,train
"Invincible, Vol. 1.pdf_p0670_panel_4.jpg",neutral,"NOLAN HAS
SIRED AN OFF-
SPRING.

43
S &
xo

y
MF",auto_ocr_sentiment,train
"Invincible, Vol. 1.pdf_p1056_panel_1.jpg",neutral,,auto_ocr_sentiment,train
"Invincible, Vol. 1.pdf_p0738_panel_4.jpg",neutral,,auto_ocr_sentiment,train
"Invincible, Vol. 1.pdf_p0401_panel_1.jpg",neutral,,auto_ocr_sentiment,train
"Invincible, Vol. 1.pdf_p0780_panel_4.jpg",neutral,,auto_ocr_sentiment,train
"Invincible, Vol. 1.pdf_p0295_panel_3.jpg",neutral,"I KNOW THIS IS ALLA
LITTLE OVERWHELMING
AND T APOLOGIZE FOR ALL
THAT’S GONE ON... I JUST
HOVE THAT I CAN HELP

YOU IN SOME SMALL
WAY--

A PROXY HAS ATTENDED A
FAUX FUNERAL, AND BEEN
INTERVIEWED BY THE PRESS.
DO NOT BE ALARMED IF YOU SEE
YOURSELF ON THE NEWS. OUR

HOLOGRAPHICS DIVISION
IS SECOND TO
NONE.

      
 
   
  
   
  
 

  
  
  
  
  
  
 
    
   
   
   
   
   
   

   
  
  
  
 

 
     
 
 

THIS HAS

pe / BEEN DONE TO
TOT ENSURE THAT WHEN

YOU ARE READY... YOU
ANP YOUR SON CAN
RETURN TO YOUR HOME
ANP RESUME YOUR DAILY
LIVES... WITH AS LITTLE
APPITIONAL PROBLEMS

TO DEAL WITH AS
VOSSIBLE.",auto_ocr_sentiment,train
"Invincible, Vol. 1.pdf_p0659_panel_5.jpg",neutral,,auto_ocr_sentiment,train
"Invincible, Vol. 1.pdf_p0992_panel_1.jpg",neutral,"le
L’VE

BEEN TO THE

MONUMENT.",auto_ocr_sentiment,train
"Invincible, Vol. 1.pdf_p0688_panel_0.jpg",neutral,,auto_ocr_sentiment,train
"Invincible, Vol. 1.pdf_p0896_panel_0.jpg",neutral,,auto_ocr_sentiment,train
"Invincible, Vol. 1.pdf_p0223_panel_2.jpg",neutral,,auto_ocr_sentiment,train
"Invincible, Vol. 1.pdf_p0814_panel_5.jpg",fear,"SUVVOSE Y
WEREN’T PAYING

ATTENTION WHEN I
SAID ALL THAT ABOUT .
NOT FURTHER DAMAGING |
. THE TIME STREAM. i
. WHAT WAS THAT ALL

.,

ABOUT, Eve?",auto_ocr_sentiment,train
"Invincible, Vol. 1.pdf_p0866_panel_2.jpg",neutral,,auto_ocr_sentiment,train
"Invincible, Vol. 1.pdf_p1025_panel_1.jpg",neutral,,auto_ocr_sentiment,train
"Invincible, Vol. 1.pdf_p0528_panel_6.jpg",anger,"1 DON'T HAVE

IT, SIR.I HAVE

FAILED YOU. I
WAS UNABLE TO
COMPLETE MY",auto_ocr_sentiment,train
"Invincible, Vol. 1.pdf_p0291_panel_0.jpg",neutral,,auto_ocr_sentiment,train
"Invincible, Vol. 1.pdf_p0143_panel_4.jpg",surprise,"I DON’T KNOW WHAT I'M
SAYING... I MEAN... IT KNEW
HE WAS UNSTABLE BUTI

THOUGHT IT WAS JUST
THE STRESS OF LOSING

HIS POWERS... HE
MAY VERY WELL HAVE
GONE INSANE...",auto_ocr_sentiment,train
"Invincible, Vol. 1.pdf_p0526_panel_4.jpg",neutral,"NO, LISTEN... I
THINK INVINCIBLE
WAS THE SUPER-

HE WAS TURNING
OUR CLASSMATES
INTO HUMAN",auto_ocr_sentiment,train
"Invincible, Vol. 1.pdf_p0560_panel_5.jpg",neutral,"YES, OUT OF COURTESY FOR
ALLEN, TELIA, AND ALL THE
YOUNGER REAPERS IN THE
AUPIENGE WE’LL JUST WAIT...
— :",auto_ocr_sentiment,train
"Invincible, Vol. 1.pdf_p0290_panel_3.jpg",neutral,K,auto_ocr_sentiment,train
"Invincible, Vol. 1.pdf_p0229_panel_2.jpg",anger,"NOT CUTTING THE
MUSTARD. YOUR
INVESTIGATION",auto_ocr_sentiment,train
"Invincible, Vol. 1.pdf_p0987_panel_5.jpg",neutral,,auto_ocr_sentiment,train
"Invincible, Vol. 1.pdf_p0079_panel_0.jpg",neutral,,auto_ocr_sentiment,train
"Invincible, Vol. 1.pdf_p0387_panel_3.jpg",disgust,"I’ve
HEARD THAT
SPEECH A FEW
TIMES.",auto_ocr_sentiment,train
"Invincible, Vol. 1.pdf_p0710_panel_2.jpg",neutral,,auto_ocr_sentiment,train
"Invincible, Vol. 1.pdf_p0231_panel_7.jpg",neutral,,auto_ocr_sentiment,train
"Invincible, Vol. 1.pdf_p0923_panel_5.jpg",neutral,,auto_ocr_sentiment,train
"Invincible, Vol. 1.pdf_p0192_panel_5.jpg",neutral,,auto_ocr_sentiment,train
"Invincible, Vol. 1.pdf_p0158_panel_1.jpg",neutral,"I WILL HAVE MY COMPANY
HIRE SOMEONE TO MOVE YOU
OUT OF HERE TODAY ANP THEN
REIMBURSE YOUR LANDLORD
FOR THE PAMAGE. PICK A
LARGER PLACE... I PLAN TO
STAY OVER MORE OFTEN. LET
ME KNOW IF YOU HAVE ANY
TROUBLE REPLACING

ANYTHING.",auto_ocr_sentiment,train
"Invincible, Vol. 1.pdf_p0403_panel_2.jpg",neutral,"TOPAY’S
MOVIE WILL BE
RIDLEY SCOTT'S
GLADIATOR WITH
RUSSELL CROWE.
FOR EXTRA CREDIT,
WRITE DOWN Five
HISTORICAL
INACCURACIES--
ONLY FIVE--
FEEL FREE TO LIST
MORE, BUT THAT’S
COMPLETELY
OPTIONAL.

CAN
SOMEONE
GET THE
LIGHTS 4",auto_ocr_sentiment,train
"Invincible, Vol. 1.pdf_p0971_panel_7.jpg",neutral,,auto_ocr_sentiment,train
"Invincible, Vol. 1.pdf_p0727_panel_5.jpg",neutral,,auto_ocr_sentiment,train
"Invincible, Vol. 1.pdf_p0187_panel_3.jpg",anger,"———y |=CUY OU HAND
ME THAT YOU
POWER :
- COUPLING? SAY...
( } J / | = wa
3 Or

i \

CAV
\S Ben",auto_ocr_sentiment,train
"Invincible, Vol. 1.pdf_p1052_panel_2.jpg",neutral,"7 YOUGOT VW]
ANYTHING

MY BACK--
FEELS MUCH",auto_ocr_sentiment,train
"Invincible, Vol. 1.pdf_p0917_panel_2.jpg",fear,"— OO

y, Fe ANYON q
GOING TO TURN

i] aie
| THIS ORGANIZATION
\. AKROUND--MAKE
| BERS
\ er 7
Qu Se y FEARED... 4
2 ey iT

 

    

NS
\
LG",auto_ocr_sentiment,train
"Invincible, Vol. 1.pdf_p0910_panel_3.jpg",neutral,"I'M DONALD FERGU:
COME HERE TO TELL
WE’RE DONE WITH YOL
AND YOU’RE FREE TO
HAVE A TRANSPORT |
TAKE YOU BACK TO
UNIVERSITY SC",auto_ocr_sentiment,train
"Invincible, Vol. 1.pdf_p0615_panel_11.jpg",neutral,,auto_ocr_sentiment,train
"Invincible, Vol. 1.pdf_p0915_panel_10.jpg",neutral,"HEY, GUYS. AMBEK
ANP I ARE GOING OUT
TO A MOVIE, GETTING YOU GUYS
SOME DINNER... WANT TO TAG
MAYBE ALITTLE ALONG? MAYBE YOU
BOWLING.

GOT TO
Me.",auto_ocr_sentiment,train
"Invincible, Vol. 1.pdf_p0081_panel_3.jpg",neutral,,auto_ocr_sentiment,train
"Invincible, Vol. 1.pdf_p0906_panel_1.jpg",neutral,"HERE LIES ALLEN THE ALIEN.
HE HAS BEEN FROZEN, UNABLE
TO MOVE, HEALING FROM THE
SEVERE WOUNPS HE SUSTAINED
AT THE HANPS OF A VILTEUMITE
SCOUTING PARTY SENT TO FINP
NOLAN GRAYSON, KNOWN ON
EARTH AS OMNI-MAN (THE
FATHER OF INVINCIBLE).

HE HAS BEEN LYING HERE

FOR MONTHS, HEALING,

REBUILDING HIMSELF.

BUT NOW THAT HEALING
PONE.

HELLO
IS ANYONE
THERE? T",auto_ocr_sentiment,train
"Invincible, Vol. 1.pdf_p0957_panel_1.jpg",neutral,"HILE
einer Ke
TUNNED--
‘iLL THEM
ALL!",auto_ocr_sentiment,train
"Invincible, Vol. 1.pdf_p0294_panel_6.jpg",neutral,,auto_ocr_sentiment,train
"Invincible, Vol. 1.pdf_p0677_panel_1.jpg",neutral,,auto_ocr_sentiment,train
"Invincible, Vol. 1.pdf_p0038_panel_0.jpg",neutral,,auto_ocr_sentiment,train
"Invincible, Vol. 1.pdf_p0296_panel_2.jpg",sadness,"KOBOT, I KEALLY NEEV
YOUR HELP. INVINCIBLE
HAS BEEN MISSING SINCE
THAT FIGHT WITH OMNI-MAN
WAS TELEVISED AND I
DON’T KNOW WHERE

 
 
 
 
 
  
 
   
  
  

 
 
  
 
  
 
   
  
   
  
 
 
 

SOMEWHERE

PO YOU NEAR

THINK YOU COULD
CALL IN A FAVOR
FROM SOMEONE IN
THE GOVERNMENT
AND TRY ANP FIND
HIM 4 YOU COULD
USE SPY
SATELLITES OR
SOMETHING.

    
 
   

 
 
  
   

ric

      
 
 

          
  
  

  

 
 
  

I was —
NOT AWARE
OF INVINCIBLE’S
DISAPPEARANCE. —/
TWILLDO MY joo WJ

BEST TO LOCATE .

HIM. YOU HAVE >
ys MY WORD. fa ‘Ne ee

 
  

THANKS, ROBOT.
Bey 6 PLEASE LET ME
KNOW AS SOON
AS YOU FIND
SOMETHING

GAVE YOU THE
IMPRESSION
THAT WE WERE
SPEAKING
AGAIN?",auto_ocr_sentiment,train
"Invincible, Vol. 1.pdf_p0881_panel_2.jpg",surprise,"HeE’S GOT
KINDS OF
POWERS!",auto_ocr_sentiment,train
"Invincible, Vol. 1.pdf_p0010_panel_3.jpg",neutral,,auto_ocr_sentiment,train
"Invincible, Vol. 1.pdf_p1031_panel_5.jpg",neutral,,auto_ocr_sentiment,train
"Invincible, Vol. 1.pdf_p1108_panel_2.jpg",neutral,,auto_ocr_sentiment,train
"Invincible, Vol. 1.pdf_p0362_panel_1.jpg",neutral,,auto_ocr_sentiment,train
"Invincible, Vol. 1.pdf_p0727_panel_3.jpg",neutral,"COULD FINISH THIS
TONIGHT.",auto_ocr_sentiment,train
"Invincible, Vol. 1.pdf_p0882_panel_0.jpg",neutral,,auto_ocr_sentiment,train
"Invincible, Vol. 1.pdf_p0682_panel_2.jpg",surprise,"EXCUSE
. ME? :",auto_ocr_sentiment,train
"Invincible, Vol. 1.pdf_p0384_panel_4.jpg",neutral,,auto_ocr_sentiment,train
"Invincible, Vol. 1.pdf_p0556_panel_0.jpg",neutral,"WHAT NEWS
BRING YOU,
ALLEN OF
UNOPA?

WHAT HAS
TRANSPIRED ON
EARTH IN RELATION

TO OUR BATTLES
WITH THE VILTRUM
EMPIRE?",auto_ocr_sentiment,train
"Invincible, Vol. 1.pdf_p0248_panel_0.jpg",anger,"WITH OUR EXPANSION CLEARLY A
SUCCESS, MY PEOPLE DOUBLED
THEIR EFFORTS. 7",auto_ocr_sentiment,train
"Invincible, Vol. 1.pdf_p0563_panel_0.jpg",neutral,,auto_ocr_sentiment,train
"Invincible, Vol. 1.pdf_p0021_panel_0.jpg",neutral,,auto_ocr_sentiment,train
"Invincible, Vol. 1.pdf_p0615_panel_3.jpg",neutral,,auto_ocr_sentiment,train
"Invincible, Vol. 1.pdf_p0347_panel_0.jpg",anger,"AH... AT LONG LAST,

MY FUTURE HUSBAND

HAS ARRIVED.

 

YOU WILL APDPRESS HER ROYAL
HIGHNESS AS “YOUR MAJESTY”
AT ALL TIMES--WE WILL HAVE
NO MORE DISRESPECT FROM
YOU, AIR BREATHER!",auto_ocr_sentiment,train
"Invincible, Vol. 1.pdf_p0552_panel_2.jpg",neutral,,auto_ocr_sentiment,train
"Invincible, Vol. 1.pdf_p0646_panel_4.jpg",neutral,"VERY FAST
HERE.

Ws
>
°
=
0
&
z=
+
ke",auto_ocr_sentiment,train
"Invincible, Vol. 1.pdf_p0097_panel_2.jpg",neutral,,auto_ocr_sentiment,train
"Invincible, Vol. 1.pdf_p0689_panel_3.jpg",surprise,"I GOT
TIRED, DAP.
I NEVER GOT

TIRED BEFORE.
I DIDN’T KNOW
I COULD GET
TIRED ANY
MORE.",auto_ocr_sentiment,train
"Invincible, Vol. 1.pdf_p0305_panel_1.jpg",neutral,,auto_ocr_sentiment,train
"Invincible, Vol. 1.pdf_p0661_panel_6.jpg",anger,"I SUSPECT THEY Have ae
0 MEMORY OF THE
EN EVENTS THAT JUST

NOT AGAIN. JUDGING BY THE
REACTION OF THE
PEOPLE AROUND US--
TOOK PLACE. \
4 te",auto_ocr_sentiment,train
"Invincible, Vol. 1.pdf_p0536_panel_2.jpg",neutral,"TELL ME
EVERYTHING.
YOU HAVE",auto_ocr_sentiment,train
"Invincible, Vol. 1.pdf_p0509_panel_4.jpg",neutral,,auto_ocr_sentiment,train
"Invincible, Vol. 1.pdf_p0819_panel_2.jpg",neutral,"I’VE--

I’VE LIVED
THROUGH
WORSE.",auto_ocr_sentiment,train
"Invincible, Vol. 1.pdf_p0534_panel_0.jpg",neutral,,auto_ocr_sentiment,train
"Invincible, Vol. 1.pdf_p0718_panel_6.jpg",anger,"WHAT HAVVENS TO HIM

WHEN I DIE? I’LL DIE

BEFORE HE’S ABLE TO

FORM A SENTENCE AT THE

RATE HIS AGING IS ENTIRE

SLOWING DOWN KINGPOMS WILL
ALREADY. RISE AND FALL
BEFORE HE REACHES
ADULTHOOP. WHO KNOWS
HOW OUR PEOPLE WILL
GROW AND CHANGE DURING
HIS LIFETIME. HE COULD
NEVER Live ALIFE
HERE.

   
    
 
   
     
     
     

 
 
 
   
 
       
 
    
 
   
  
 
 
 
   
 
       
 
    
 
   
   

 
 

HE
DOESN’T
BELONG
WITH US,

MARK. HE
BELONGS
WITH YOU--I
WANT YOU TO
TAKE HIM WITH
YOU.",auto_ocr_sentiment,train
"Invincible, Vol. 1.pdf_p0016_panel_2.jpg",fear,"I’M

GOING TO
OUT.

     

INTROPUCE
YOU TO A GUY
THAT CAN

 

Lott HELP YOU

  

                 

         

 

afin
Ee

 

Be A
PEL GP
Hit
tH
oy",auto_ocr_sentiment,train
"Invincible, Vol. 1.pdf_p0278_panel_1.jpg",neutral,,auto_ocr_sentiment,train
"Invincible, Vol. 1.pdf_p0583_panel_5.jpg",anger,"YOU’RE
KILLING-—-HIM!!

DON’T KILL HIM!! ¥

I WON’T HAVE--
HIS BLOOP ON
_ MY HANPS!!

STOP!!

YOU HAVE-- A",auto_ocr_sentiment,train
"Invincible, Vol. 1.pdf_p0295_panel_2.jpg",neutral,"1 HAVE THE POWER TO
MANIPULATE THE BUYING
TRENDS OF THE PUBLIC, I
CAN ENSURE THAT YOU
WILL HAVE A STEADY,
SUBSTANTIAL INCOME
FOR THE REMAINDER

NOLAN OF YOUR LIFE.

GRAYSON, THE

OR, HAS BECOME AN
ATIONAL SUPERSTAR
HIS DEATH. HIS BOOKS
DID SELL WELL ENOUGH
DE YOUR FAMILY WITH A
IT INCOME. SINCE HIS
ALL OF HIS BOOKS HAVE
TO THIRD PRINTINGS IN
5S THAN AWEEK.",auto_ocr_sentiment,train
"Invincible, Vol. 1.pdf_p0132_panel_5.jpg",neutral,,auto_ocr_sentiment,train
"Invincible, Vol. 1.pdf_p0618_panel_1.jpg",neutral,,auto_ocr_sentiment,train
"Invincible, Vol. 1.pdf_p0552_panel_5.jpg",neutral,,auto_ocr_sentiment,train
"Invincible, Vol. 1.pdf_p0609_panel_0.jpg",anger,"THIS WON’T BE ay = €609©MORE HEROES AT
TOO MUCH TROUBLE. ; ME YOU THROW! IT
THEIR LASERS . » DOES NOT MATTER-- ¢
“ an I STi M

STILL A }
TRIUMPH! gal

BARELY EVEN
URT!",auto_ocr_sentiment,train
"Invincible, Vol. 1.pdf_p1026_panel_1.jpg",neutral,,auto_ocr_sentiment,train
"Invincible, Vol. 1.pdf_p0436_panel_6.jpg",neutral,"re
S
5
w
x<
Ww",auto_ocr_sentiment,train
"Invincible, Vol. 1.pdf_p0514_panel_2.jpg",neutral,"YOU KEEP
SLEEPING AS
MUCH AS YOU

DO, AND WE’LL

GRADUATE

BEFORE YOU.",auto_ocr_sentiment,train
"Invincible, Vol. 1.pdf_p0396_panel_0.jpg",surprise,"art

; 9
om
|

‘

4

SO, WHAT
was YOUR

""EXPERIENCE"" 7 : "" sian
AT BURGER |_| 2 Saae a Wr We
MART?  ¢dcmmals lame els NA y LF",auto_ocr_sentiment,train
"Invincible, Vol. 1.pdf_p0429_panel_0.jpg",neutral,"7?

. GO,
. ‘orn _ 8, < oY
Lo + is =: rats:
OG eC hey NK
° ~~ OD QU VS a
ae le “ OFety A\

r""_-
. VARY TF
- t 7 4
we ew W
o & ~~
>
NSS 7",auto_ocr_sentiment,train
"Invincible, Vol. 1.pdf_p0353_panel_0.jpg",neutral,"LE
YOU ARE READY TO GREET
YOUR B--BRIDE AND
BEGIN THE--THE
CEREMONY.",auto_ocr_sentiment,train
"Invincible, Vol. 1.pdf_p0234_panel_2.jpg",neutral,,auto_ocr_sentiment,train
"Invincible, Vol. 1.pdf_p0412_panel_0.jpg",fear,"YOU DID GOOP OUT THERE,
KID. IF YOU EVER WANT HEALTH
CARE AND OVERTIME PAY FOR

A

YOU’RE ALREADY
DOING--GIVE US",auto_ocr_sentiment,train
"Invincible, Vol. 1.pdf_p0196_panel_0.jpg",neutral,,auto_ocr_sentiment,train
"Invincible, Vol. 1.pdf_p0439_panel_0.jpg",neutral,"\ S » Q
Pe te) »
mM pr

4 —

Sie

/ Ors
(Gay) MA Sey en 2xe
WG, oe Matric C oN.
Hy x

WV I
=.
ny)
wie
tw

WC | VY
ey / ( om Sy; SY ff \
Ai yt < 2 ) eS
ve ira» VEN

/ (>",auto_ocr_sentiment,train
"Invincible, Vol. 1.pdf_p0707_panel_0.jpg",neutral,"YOU’LL
DIE FOR",auto_ocr_sentiment,train
"Invincible, Vol. 1.pdf_p0952_panel_3.jpg",anger,"WE’LL CONTROL THIS ENTIRE
COUNTRY ANP WE WON’T
EVEN HAVE TO FIRE
ONE MISSILE.

THE BEST
PART IS THIS
CONTROL ROOM
WAS BUILT TO
WITHSTAND A

SUPERPOWERED
ASSAULT. OUR
SOLDIERS OUTSIDE
WILL Be ABLE TO
PICK OFF ANYONE
WHO’S TRYING TO

A PRY THE BLAST
A “eeKe",auto_ocr_sentiment,train
"Invincible, Vol. 1.pdf_p0352_panel_2.jpg",fear,", PLEASE...
KEEP IT DOWN, OKAY?
I REALLY DON’T WANT
THAT GETTING OUT. T
MEAN, I CAN TRUST
YOU CANT I?

       
     
    

    
   

YES, OF
COURSE--
ABSOLUTELY.",auto_ocr_sentiment,train
"Invincible, Vol. 1.pdf_p0997_panel_5.jpg",surprise,"Ww, HE q
1. V BECAME KING

OF SOME VAST
> EMPIRE OVER THE
COURSE OF A YEAR—
UNTIL ONE OF HIS
ENEMIES SENT
HIM BACK
HERE.

      
   
   

REALLY? AN",auto_ocr_sentiment,train
"Invincible, Vol. 1.pdf_p0004_panel_1.jpg",neutral,,auto_ocr_sentiment,train
"Invincible, Vol. 1.pdf_p0323_panel_3.jpg",neutral,"WHAT
Ake YOU
GOING TO DO

&

NM

<
z<
=
ae

on

| vy)

'\ FREAK?! j
4

 

IS
eat

| | as ee",auto_ocr_sentiment,train
"Invincible, Vol. 1.pdf_p0933_panel_1.jpg",fear,"OKAY. WE'VE BEEN ABLE
TO LOOK éver THE INFORMATION
SHAPESMITH HAS GIVEN US
AND REVIEW THE INFORMATION
INVINCIBLE GATHERED DURING
HIS ENCOUNTER WITH THE
MARTIANS ANP THE SEQUIDS
A FEW MONTHS
BACK.

   
 
 
 
  
 
  
   
 
  
  
   

  
 
   
     
   

We'Ve GOT
A A STRIKE TEAM
PEO

TO MBLE, PLE.
We'e RE e CONG ‘OUT INTO
SPACE AND WE’RE GOING
TO STOP THIS VESSEL
BEFORE THEY BECOME

THREAT. BECAUSE
re THESE CREATURES
REACH EARTH--

--(7’S ALL
OVER.",auto_ocr_sentiment,train
"Invincible, Vol. 1.pdf_p0529_panel_8.jpg",neutral,,auto_ocr_sentiment,train
"Invincible, Vol. 1.pdf_p1088_panel_3.jpg",neutral,"BACK OFF,
IMMORTAL.

TAKE A
SECOND TO
LOOK AROUND

U, KATE.
SEE WHAT YOUR
BROTHER HAS
CAUSED?",auto_ocr_sentiment,train
"Invincible, Vol. 1.pdf_p0198_panel_5.jpg",neutral,,auto_ocr_sentiment,train
"Invincible, Vol. 1.pdf_p0779_panel_3.jpg",neutral,,auto_ocr_sentiment,train
"Invincible, Vol. 1.pdf_p0602_panel_3.jpg",anger,"AVAM ANY DETSY WILKINS 4
I HAVE YOUR BABY RIGHT
HERE. IT WAS TOUCH AND GO
FOR AWHILE BUT THE
DOCTORS WERE ABLE TO
SAVE HER.",auto_ocr_sentiment,train
"Invincible, Vol. 1.pdf_p1062_panel_1.jpg",neutral,,auto_ocr_sentiment,train
"Invincible, Vol. 1.pdf_p0527_panel_6.jpg",neutral,,auto_ocr_sentiment,train
"Invincible, Vol. 1.pdf_p0291_panel_3.jpg",neutral,,auto_ocr_sentiment,train
"Invincible, Vol. 1.pdf_p0479_panel_3.jpg",neutral,,auto_ocr_sentiment,train
"Invincible, Vol. 1.pdf_p0095_panel_0.jpg",neutral,,auto_ocr_sentiment,train
"Invincible, Vol. 1.pdf_p0823_panel_0.jpg",neutral,"Now,
WHO COULD
THAT

THAT’S
ff RIGHT, THAT'S
TRUCK.",auto_ocr_sentiment,train
"Invincible, Vol. 1.pdf_p0509_panel_2.jpg",neutral,"E RAN A BACK CHECK ON
THIS LOCATION AND THEY’VE
BEEN THERE PRACTICALLY
EVERY PAY SINCE THEY
ESCAPED. THEY’RE
DEFINITELY UP TO
SOMETHING.

       
       
   
 
     

  

AN INTERESTING
SIDE NOTE TO THIS
IS THAT AUTHORITIES
WERE UNABLE TO
DECIPHER HOW THEY
ESCAPED. THERE WERE",auto_ocr_sentiment,train
"Invincible, Vol. 1.pdf_p0686_panel_7.jpg",neutral,"—_— ~

po 5 aoe
ee A ee SE the Btn tea ~",auto_ocr_sentiment,train
"Invincible, Vol. 1.pdf_p0945_panel_1.jpg",neutral,"J
yy /
>.

l

| AS ° on™

RIN
ae, va <
. Cm

—",auto_ocr_sentiment,train
"Invincible, Vol. 1.pdf_p0234_panel_7.jpg",neutral,"Te
ae ° \\, fi a IT’S
L OKAY... IT’S
OVER...
EVERYONE
IS SAFE
NOW.",auto_ocr_sentiment,train
"Invincible, Vol. 1.pdf_p0034_panel_0.jpg",neutral,"SUPER-STRENGT
SUPER-SPEED
FLIGHT... THE
WHOLE BIT.
<

ALL
THE POWE
I HAvE",auto_ocr_sentiment,train
"Invincible, Vol. 1.pdf_p0047_panel_6.jpg",neutral,,auto_ocr_sentiment,train
"Invincible, Vol. 1.pdf_p0689_panel_4.jpg",neutral,"YOU HAVEN’T BEEN

PUSHING YOURSELF.
YOU/RE NOT USED To
USING YOUR POWERS
AS MUCH AS YOU’VE
HAP TO HERE.",auto_ocr_sentiment,train
"Invincible, Vol. 1.pdf_p1066_panel_1.jpg",neutral,,auto_ocr_sentiment,train
"Invincible, Vol. 1.pdf_p0139_panel_2.jpg",neutral,,auto_ocr_sentiment,train
"Invincible, Vol. 1.pdf_p0568_panel_1.jpg",neutral,"I--I WAS THINKING
MAYBE I COULD
SPEND THE NIGHT
HERE. Y’KNOW, SINCE
YOU PON’T HAVE A
ROOMMATE OR",auto_ocr_sentiment,train
"Invincible, Vol. 1.pdf_p0571_panel_3.jpg",surprise,"AR
WHEN’S THE
LAST TIME YOU
TALKED TO YOUR
MOTHER?",auto_ocr_sentiment,train
"Invincible, Vol. 1.pdf_p0340_panel_3.jpg",neutral,,auto_ocr_sentiment,train
"Invincible, Vol. 1.pdf_p0615_panel_7.jpg",neutral,,auto_ocr_sentiment,train
"Invincible, Vol. 1.pdf_p0410_panel_2.jpg",anger,"SO YOU GUYS Ake THE
CORPORATE SUPER-HEROES,
HUH? THE NINE-TO-FIVERS,
RIGHT? I CAN NEVER

STRICTLY NINE-TO-FIVE,
THOUGH. WE’RE NOT
EXACTLY PUNCHING OUT
AND GOING HOME IN
THE MIDDLE OF
A FIGHT.",auto_ocr_sentiment,train
"Invincible, Vol. 1.pdf_p0445_panel_0.jpg",neutral,"—————
, fe LE FE",auto_ocr_sentiment,train
"Invincible, Vol. 1.pdf_p0295_panel_5.jpg",neutral,"= J FEEL
IBLE FOR
SBAND’S
. HE WAS
\LL THIS
NDER MY

I WOULPN’T BE ABLE TO
LIVE WITH MYSELF IF I
DIDN’T DO EVERYTHING
IN MY POWER TO MAKE
THINGS AS RIGHT AS
THEY CAN BE.",auto_ocr_sentiment,train
"Invincible, Vol. 1.pdf_p0478_panel_1.jpg",neutral,"ON

CAN. HOLD

A-- ON A
MINUTE.",auto_ocr_sentiment,train
"Invincible, Vol. 1.pdf_p0346_panel_5.jpg",surprise,"HEH. THEY
HAD ONE OF
THESE IN THAT

VrY

STAR",auto_ocr_sentiment,train
"Invincible, Vol. 1.pdf_p0090_panel_5.jpg",anger,"WHAT T DID

TO ALL OF THEM.

I TURNED HIM INTO

A LIVING BOMB, AN
INSTRUMENT WITH
WHICH TO ENACT MY
REVENGE... MY CRUSADE | ..-AND TI
TOEND THE PAIN AND = CAN'T THINK
SORROW CAUSED BY OF A MORE

THESE... “POPULAR”, APPROPRIATE
KIDS... END TO MY

CRUSADE...",auto_ocr_sentiment,train
"Invincible, Vol. 1.pdf_p0577_panel_3.jpg",neutral,,auto_ocr_sentiment,train
"Invincible, Vol. 1.pdf_p0216_panel_2.jpg",neutral,"GOING TO SEAL IT. ONCE TH
CONNECTION IS MADE,
HE SHOULD REVIVE
INSTANTLY.",auto_ocr_sentiment,train
"Invincible, Vol. 1.pdf_p1035_panel_0.jpg",neutral,"UPSTATE UNIVERSITY
WHERE MARK GRAYSON }
1S CURRENTLY ATTENPING
CLASSES.",auto_ocr_sentiment,train
"Invincible, Vol. 1.pdf_p0257_panel_3.jpg",neutral,"BUT I KNEW THEY WOULD F
NEVER ALLOW ME TO
COM

PLETE MY MISSION.

I KNEW THAT
EVENTUALLY
ELIMINATED.",auto_ocr_sentiment,train
"Invincible, Vol. 1.pdf_p0272_panel_2.jpg",neutral,,auto_ocr_sentiment,train
"Invincible, Vol. 1.pdf_p0183_panel_1.jpg",neutral,,auto_ocr_sentiment,train
"Invincible, Vol. 1.pdf_p0836_panel_2.jpg",neutral,"4 GOTIA SAY,
HEARING ABOUT
YOUR FATHER...
IT MADE ME SO...
I DON’T KNOW...
RELIEVED. HE we
WAS SO KIND TO DID |
Me... A GOOP PIP -
FRIEND. IT

I'D |",auto_ocr_sentiment,train
"Invincible, Vol. 1.pdf_p0748_panel_1.jpg",surprise,"THERE'S
THE BIG TIME
SUPER-",auto_ocr_sentiment,train
"Invincible, Vol. 1.pdf_p0787_panel_5.jpg",neutral,,auto_ocr_sentiment,train
"Invincible, Vol. 1.pdf_p0564_panel_1.jpg",neutral,,auto_ocr_sentiment,train
"Invincible, Vol. 1.pdf_p0768_panel_1.jpg",neutral,,auto_ocr_sentiment,train
"Invincible, Vol. 1.pdf_p0071_panel_4.jpg",neutral,,auto_ocr_sentiment,train
"Invincible, Vol. 1.pdf_p0728_panel_4.jpg",neutral,"PUT YOU IN
CHARGE 4",auto_ocr_sentiment,train
"Invincible, Vol. 1.pdf_p0011_panel_2.jpg",neutral,,auto_ocr_sentiment,train
"Invincible, Vol. 1.pdf_p0355_panel_3.jpg",neutral,"~~ CN CS As ang
Rye eine Sh ex

4

TR
oe

renee a",auto_ocr_sentiment,train
"Invincible, Vol. 1.pdf_p0645_panel_4.jpg",neutral,"7° @ ry Se ao \ - @' *@ -see

4

= -

WHETHER THROUGH SOME KIND
OF COSMIC DESTINY OK MERE
LUCK I’LL NEVER KNOW, BUT I

FOUND THIS WORLP WITHIN A

WEEK OF LEAVING EARTH.",auto_ocr_sentiment,train
"Invincible, Vol. 1.pdf_p0915_panel_5.jpg",neutral,"YOU WANT TO
GO ON A DATE?
LIZE, IT DON’T
KNOW... RIGHT
Now?",auto_ocr_sentiment,train
"Invincible, Vol. 1.pdf_p0844_panel_5.jpg",fear,"LAVA MONSTERS, SON--
THAT'S THE ONLY WAY WE GAN
THINK TO DESCRIBE THEM. THEY
BEEN TEARING THE TOWN ALL TO
HELL. THE DRIVE-IN, THE
STRIP MALL, AIN'T MANY
PLACES THEY HAVEN’T

  
  
 
 
   
    

 
   
   
   
     
 

FREQUENT--AND
WE JUST DON’T
KNOW WHAT

we You
ON THE NEWS FIGURED
SINCE YOU'RE THIS BIG
HERO NOW, FIGHTING YOUR
PAP WITH THOSE OTHER KIDS,
AND THAT METEOR MONSTER
AND THAT BIG OL’ KNIGHT
THING OVER IN ENGLANP
YOU’P HAVE NO TROUBLE
FIGHTING THESE LAVA
BOOGERS.

   
     
 
    
 
   
    
 
   
      

SO, WHAT PO
YOU SAY2",auto_ocr_sentiment,train
"Invincible, Vol. 1.pdf_p0586_panel_5.jpg",neutral,,auto_ocr_sentiment,train
"Invincible, Vol. 1.pdf_p0116_panel_0.jpg",surprise,"I’VEe WASTED
ALMOST FIFTEEN
YEARS ON THIS PLANET!

THE URATHIANS MUST
Be PISSEP! OH, MAN...
ANP I’Ve GOT AN
EVALUATION COMING
UV IN TWENTY
YEARS!",auto_ocr_sentiment,train
"Invincible, Vol. 1.pdf_p0985_panel_6.jpg",disgust,"A BUNCH, f
THOUGH. ,

, \
ONE LAST
CUDDLE?",auto_ocr_sentiment,train
"Invincible, Vol. 1.pdf_p0087_panel_2.jpg",fear,"AFTER I GET OFF
WITH YOU I’M GOING
TO PUT IN A CALL TO THE
POLICE ANP SEE IF I
CAN’T AT LEAST GET A
SQUAD CAR SENT
OUT TO HIS
HOUSE.

 

LS

OIN G
HIS ADPRESS SO YOU
CAN CHECK THE
PLACE OUT BEFORE HE
GETS HOME FROM
SCHOOL. he",auto_ocr_sentiment,train
"Invincible, Vol. 1.pdf_p0380_panel_4.jpg",neutral,,auto_ocr_sentiment,train
"Invincible, Vol. 1.pdf_p0639_panel_3.jpg",fear,"Tek STEVMAN:
MANY TIMES HAVE
OLP YOU NOT TO
sVORT DIRECTLY
INTO THE
HOUSE?

   
  
   
 
   

   

YOU’RE
GOING TO GIVE
SOMEONE A",auto_ocr_sentiment,train
"Invincible, Vol. 1.pdf_p0700_panel_0.jpg",neutral,"YOU KNOW--

SOME OF US VILTRIMITES
ACTUALLY PREFER TO
DISMEMBER OUR VICTIMS.
THEY THINK IT LEAVES A
BETTER MESSAGE. WHEN
IT GETS DOWN TOIT, I
THINK THEY JUST LIKE

MAKING A MESS. _

Iprerer %
ME? I PREFER T HINGS to Be &
TO AVOIP A MESS. ILIKE
TO SEE THE LOOK INA VICTIM'S PERSONAL. @
EYES THE SECOND THEY DIE-- >
I WANT TO EXPERIENCE THE MOMENT
THEIR BODY GOES LIMP ANP THEIZ
LIFE ENDS. YOU CAN’T DO THATIFE {
‘N THEI? EYES ARE ALREADY |
~ LYING ON THE GROUND AT
~e THEI2 FEET.",auto_ocr_sentiment,train
"Invincible, Vol. 1.pdf_p0081_panel_5.jpg",neutral,,auto_ocr_sentiment,train
"Invincible, Vol. 1.pdf_p0298_panel_5.jpg",neutral,,auto_ocr_sentiment,train
"Invincible, Vol. 1.pdf_p0356_panel_0.jpg",surprise,"LETHAN!
OH, MY GOP!
I Never KNEW
YOU TO BE So--
HEROIC!",auto_ocr_sentiment,train
"Invincible, Vol. 1.pdf_p0719_panel_4.jpg",neutral,"THAT'S
GREAT, REALLY.
T’S GOOD TO KNOW
THAT THERE ARE
PEOPLE WITH YOUR
BILITIES OUT THERE
SMART ENOUGH TO
2EALIZE THERE’RE

PLENTY OF YOU
FLYING AROUND
PUNCHING
THINGS.",auto_ocr_sentiment,train
"Invincible, Vol. 1.pdf_p1090_panel_1.jpg",neutral,,auto_ocr_sentiment,train
"Invincible, Vol. 1.pdf_p0681_panel_1.jpg",neutral,,auto_ocr_sentiment,train
"Invincible, Vol. 1.pdf_p0457_panel_6.jpg",surprise,"OH, MAN.
I DON’T HAVE

ENOUGH
ENERGY FOR

THIS...",auto_ocr_sentiment,train
"Invincible, Vol. 1.pdf_p0060_panel_2.jpg",neutral,"AT THE UNIVERSITY’S

SCIENCE LAB.",auto_ocr_sentiment,train
"Invincible, Vol. 1.pdf_p0704_panel_4.jpg",neutral,,auto_ocr_sentiment,train
"Invincible, Vol. 1.pdf_p0962_panel_0.jpg",neutral,":
. |
ms
=
3",auto_ocr_sentiment,train
"Invincible, Vol. 1.pdf_p0366_panel_2.jpg",neutral,,auto_ocr_sentiment,train
"Invincible, Vol. 1.pdf_p0323_panel_2.jpg",neutral,"AND--WELL...
A BUNCH OF",auto_ocr_sentiment,train
"Invincible, Vol. 1.pdf_p0612_panel_2.jpg",neutral,"se
@
Ne",auto_ocr_sentiment,train
"Invincible, Vol. 1.pdf_p0330_panel_2.jpg",neutral,,auto_ocr_sentiment,train
"Invincible, Vol. 1.pdf_p0499_panel_2.jpg",neutral,,auto_ocr_sentiment,train
"Invincible, Vol. 1.pdf_p0629_panel_2.jpg",neutral,,auto_ocr_sentiment,train
"Invincible, Vol. 1.pdf_p0018_panel_3.jpg",surprise,"ICONIC.
DO YOU KNOW WHAT
MEAN?

   

    
 

Ki

. . rac
as

r.

5",auto_ocr_sentiment,train
"Invincible, Vol. 1.pdf_p0835_panel_5.jpg",neutral,,auto_ocr_sentiment,train
"Invincible, Vol. 1.pdf_p0876_panel_2.jpg",sadness,"THE SEWERS?
MAYBE THESE |
GUYS DO HAVE |

LAIR.",auto_ocr_sentiment,train
"Invincible, Vol. 1.pdf_p0807_panel_3.jpg",neutral,"P on7 *

AND WHERE

WOULD THAT
BE?

y wnMnot
BEY ONP USING
Yam, | PEOPLE OF YOUR...
Wh CHARACTER TO GET la",auto_ocr_sentiment,train
"Invincible, Vol. 1.pdf_p0540_panel_8.jpg",neutral,"IF NOTHING ELSE
COMES OF THIS
TALK--I REALLY
WANT TO MAKE
SURE YOU AT
LEAST KNOW
THAT.",auto_ocr_sentiment,train
"Invincible, Vol. 1.pdf_p0531_panel_3.jpg",neutral,,auto_ocr_sentiment,train
"Invincible, Vol. 1.pdf_p0230_panel_2.jpg",neutral,"©

an)",auto_ocr_sentiment,train
"Invincible, Vol. 1.pdf_p0581_panel_2.jpg",neutral,"YOU'RE
NOT GETTING
AWAY THAT",auto_ocr_sentiment,train
"Invincible, Vol. 1.pdf_p0885_panel_2.jpg",sadness,"[I'M TERRIBLY SORRY %
TO BOTHER YOU BUT
I'VE GOTTEN INTO A
LITTLE BIT OF A
DISPUTE WITH THE
BOX OFFICE CLERK
. OVER THERE.

   
 
      
   
     
   
   
     
   
     

  
   
 

You see-- ‘
y HE’STELLING WY
ME THE KNICKS
ARE THE WORST
BASKETBALL TEAM
OF ALL-TIME. I
SAY THEY’RE ONE
OF THE BEST--

YOU COULD
HELP Me
OUT?",auto_ocr_sentiment,train
"Invincible, Vol. 1.pdf_p1037_panel_1.jpg",neutral,,auto_ocr_sentiment,train
"Invincible, Vol. 1.pdf_p0523_panel_0.jpg",neutral,"""

LY -
me",auto_ocr_sentiment,train
"Invincible, Vol. 1.pdf_p0387_panel_1.jpg",sadness,"ite S KINDA WEIRD. THE

Ww
THINGS I LICE ABOUT HIM...
ARE ALSO THE THINGS
THAT I HATE.

 
  
 

 

 

HOW FUN HE Is,

HIS CHILDISH BEHAVIOR...
IT’S BOTH REALLY CUTE ANP
ANNOYING AT THE SAME TIME.",auto_ocr_sentiment,train
"Invincible, Vol. 1.pdf_p0831_panel_2.jpg",fear,"BUT Ll NEVEK
EVEN THOUGHT
SHE LIKED ME...
THERE WERE SIGNS,
BUT AT THE TIME
I DION’T EVEN
NOTICE.

    
 
  
  
   
 

  

THE
OTHER DAY...
SHE TOLD
ME SHE
LIKED ME.",auto_ocr_sentiment,train
"Invincible, Vol. 1.pdf_p0721_panel_0.jpg",neutral,ae ATs! P= UC WAS THES T= YOUR FATHER = HE'D... TACEN Pe OF THC,auto_ocr_sentiment,train
"Invincible, Vol. 1.pdf_p0032_panel_3.jpg",neutral,"...HAD I NOT BEEN SO
ABRUPTLY REMINDED.",auto_ocr_sentiment,train
"Invincible, Vol. 1.pdf_p0382_panel_6.jpg",neutral,"ISH WE
IT SOMEONE
NIZE US THERE.
IVINCIBLE AND
SE ONE RANDOM
CLEAN UP FIRST2",auto_ocr_sentiment,train
"Invincible, Vol. 1.pdf_p1112_panel_1.jpg",joy,"THANK YOU,
— SIR. I’M
I COULD HAVE PREDICTED P / h-~-7 ~=HAPPY To
AND ILWAS ALREADY =@ ¢ ~ “ SERVE.

PRETTY OPTIMISTIC. __",auto_ocr_sentiment,train
"Invincible, Vol. 1.pdf_p0942_panel_0.jpg",neutral,"AN UNPISCLOSEP
LOCATION IN UTAH.

THE SECRET MOUNTAIN
BASE OF THE GUARPIANS
OF THE GLOBE.",auto_ocr_sentiment,train
"Invincible, Vol. 1.pdf_p0536_panel_6.jpg",neutral,"OKAY --
UNPERSTOOD.
WILL DO.

  
   
   
   

JUST LET
ME FIGURE
OUT WHERE
TO START.",auto_ocr_sentiment,train
"Invincible, Vol. 1.pdf_p0801_panel_2.jpg",neutral,,auto_ocr_sentiment,train
"Invincible, Vol. 1.pdf_p0373_panel_1.jpg",anger,"Y OF COURSE NOT. I
UNDERSTAND THE GRAVITY
OF OUR SITUATION AND I
ASSURE YOU I HAVE
TAKEN THE NECESSARY
r PRECAUTIONS.",auto_ocr_sentiment,train
"Invincible, Vol. 1.pdf_p0864_panel_5.jpg",neutral,,auto_ocr_sentiment,train
"Invincible, Vol. 1.pdf_p0833_panel_1.jpg",neutral,"p THAT YY
MAKES MORE
SENSE.",auto_ocr_sentiment,train
"Invincible, Vol. 1.pdf_p0232_panel_5.jpg",neutral,"S KINDA

t=
Lx
Zi
a2
o
>

THAT’",auto_ocr_sentiment,train
"Invincible, Vol. 1.pdf_p0725_panel_2.jpg",surprise,"EXACTLY--

ANP IT FEEL

THE SAME
WAY.",auto_ocr_sentiment,train
"Invincible, Vol. 1.pdf_p0224_panel_0.jpg",neutral,,auto_ocr_sentiment,train
"Invincible, Vol. 1.pdf_p0213_panel_2.jpg",neutral,")
=.
W
=
\
x
wf",auto_ocr_sentiment,train
"Invincible, Vol. 1.pdf_p0316_panel_2.jpg",neutral,,auto_ocr_sentiment,train
"Invincible, Vol. 1.pdf_p0733_panel_4.jpg",neutral,,auto_ocr_sentiment,train
"Invincible, Vol. 1.pdf_p0346_panel_0.jpg",neutral,,auto_ocr_sentiment,train
"Invincible, Vol. 1.pdf_p0101_panel_2.jpg",neutral,"AN IMPORTANT
MISSION WITH THE
GUARDIANS OF THE
GLOBE THAT WELL...
YOU DON’T REALLY
WANT TO KNOW ANY

ETAILS ABOUT,

Di
. TRUST ME.",auto_ocr_sentiment,train
"Invincible, Vol. 1.pdf_p0444_panel_6.jpg",neutral,,auto_ocr_sentiment,train
"Invincible, Vol. 1.pdf_p0071_panel_1.jpg",neutral,"QUICKLY!
TELL ME WHO
PIP THIS TO
YOu!",auto_ocr_sentiment,train
"Invincible, Vol. 1.pdf_p1024_panel_2.jpg",fear,"YOU Like
THIS.

I DON'T THINK IT AM EVEK ,
GOING TO GET OVER THIS. ;
IT’S TIME--IT’S MY I DON’T

   
     
  

  
 

  
  
   
     
 
  
 

 

  
 

  
 

y IF YOU TIME TO ENP THINK I’7LL
NEED SOME THIS. EVER LEAD THE
TIM GUARDIANS
CALL ITA OF THE GLOBE

     
     
   

TEMPORARY LEAVE AGAIN.
OF ABSENCE FROM
J THE TEAM IF YOU
ia, WISH--BUT LI DON’T

THINK I’M COMING
BACK. ae

 

 

a",auto_ocr_sentiment,train
"Invincible, Vol. 1.pdf_p0017_panel_6.jpg",neutral,,auto_ocr_sentiment,train
"Invincible, Vol. 1.pdf_p0797_panel_5.jpg",neutral,,auto_ocr_sentiment,train
"Invincible, Vol. 1.pdf_p0529_panel_4.jpg",neutral,,auto_ocr_sentiment,train
"Invincible, Vol. 1.pdf_p1098_panel_5.jpg",neutral,,auto_ocr_sentiment,train
"Invincible, Vol. 1.pdf_p0054_panel_8.jpg",neutral,,auto_ocr_sentiment,train
"Invincible, Vol. 1.pdf_p0321_panel_4.jpg",neutral,,auto_ocr_sentiment,train
"Invincible, Vol. 1.pdf_p0898_panel_0.jpg",neutral,"THE PENTAGON.
WHER E CECIL
STEDMAN RUNS THE

GLOBAL | DEFENSE RSS FO TTT] STATES

SL FENTacO

eT LT",auto_ocr_sentiment,train
"Invincible, Vol. 1.pdf_p0707_panel_1.jpg",neutral,,auto_ocr_sentiment,train
"Invincible, Vol. 1.pdf_p0101_panel_1.jpg",neutral,"WHAT'S
GOING ON,

PAY ATTENTION,
SON... I’M NOT
GOING TO HAVE
TIME TO REPEAT
ANY OF THIS.",auto_ocr_sentiment,train
"Invincible, Vol. 1.pdf_p0667_panel_1.jpg",surprise,"WHAT#! I--
I JUST GOT

; I
I DON’T THOUGHT
KNOW THE YOU WANTED
FIRST THING METO HELP
ABOUT THIS You?! ,
PLACE--
CAVES?!
WHAT
CAVES?!",auto_ocr_sentiment,train
"Invincible, Vol. 1.pdf_p0889_panel_4.jpg",neutral,,auto_ocr_sentiment,train
"Invincible, Vol. 1.pdf_p0985_panel_4.jpg",neutral,"EVEKY SINGLE
THING YOU JUST
SAID TO ME...

SERIOUSLY--ALL
OF IT. I

       
   
 
       
  

  

EXCEPT
FOR THAT
PART ABOUT
EVE AT THE",auto_ocr_sentiment,train
"Invincible, Vol. 1.pdf_p0433_panel_2.jpg",neutral,,auto_ocr_sentiment,train
"Invincible, Vol. 1.pdf_p0740_panel_0.jpg",neutral,"ve

er
ie
a

en eeeSCisCsé‘éa ;
ee \""
fo} my
- 7

O
Ww
H
5
ee
q
=
3
z
<

z
2
~
q
Q
Vv
~j",auto_ocr_sentiment,train
"Invincible, Vol. 1.pdf_p0665_panel_0.jpg",anger,"I UNPERSTANP THAT,
TRULY, I PO, BUT IT
d
DOESNT CHANGE THE -
FACT THAT I NEED S , <tNeep

YOuR . THe “Oe
OUR HELP. vicreumiTes “@ VQUEHELE IN

ag a ay
HERE AT ANY MOMENT. PLANGT. f
YOU ARRIVED JUSTIN Tie ™
TIME. ONCE THEY FIND
YOUR BROTHER THEY |
1 WILL KILL HIM. IF I'M
Mm VPEFEATEDIWILL BE ,
\ TAZEN BACK kj
\ TOVILTRUMFOR 4
\ EXECUTION.",auto_ocr_sentiment,train
"Invincible, Vol. 1.pdf_p0637_panel_2.jpg",neutral,,auto_ocr_sentiment,train
"Invincible, Vol. 1.pdf_p0941_panel_1.jpg",anger,"BASED ON SOME VERY COMPLICATED
MATH INVOLVING THEIR LAST KNOWN
POSITION AND SPEED ALONG WITH OUR
CURRENT POSITION AND SPEED, I
ESTIMATE WE’LL REACH THEM
WITHIN THE NEXT SIX",auto_ocr_sentiment,train
"Invincible, Vol. 1.pdf_p1079_panel_2.jpg",anger,") CONVENTIONAL--T
SAID “CONVENTIONAL
AUTHORITIES.” JUST
SECURE THE PECLARATION
OF INPEPENDENCE TO THE
TIME SLED WHILE IT USE MY
SUPERIOR FUTURE
FIGHTING SKILLS TO
DISPATCH THESE CAVEMEN!",auto_ocr_sentiment,train
"Invincible, Vol. 1.pdf_p0146_panel_0.jpg",neutral,wy ee... Rn ey eee CEE El Cr = =—és,auto_ocr_sentiment,train
"Invincible, Vol. 1.pdf_p0222_panel_3.jpg",neutral,,auto_ocr_sentiment,train
"Invincible, Vol. 1.pdf_p0744_panel_3.jpg",neutral,Ee VIVUN I ANSWEK [re,auto_ocr_sentiment,train
"Invincible, Vol. 1.pdf_p0603_panel_1.jpg",neutral,"Bar

DON’T COME HOME EARLY
TO SEE THAT YOU’RE
STILL UP.

  

; F 65 ELECTRONS
I’LL PUT YOU y ARE ESPECIALLY INERT, *
TO BED AS SOON BECAUSE ITS S AND THEREFORE DON’T
AS I FIGURE OUT VALENGE SHELL OFTEN FORM CHEMICAL
WHY MERCURY ISA |} 1S SDIO 6SZ, WHICH, BONDS. MERCURY ISN’T
Le HOUGH UM. MAKES THE Two LIKELY TO GIVE UP ITS
BY SOLIDS ON THE UE emaay

OUTER ELECTRONS, AND
IN A SPHERIGALLY SO IT INTERACTS WITH
. reRioric SYMMETRIC, OTHER ATOMS WEAKLY AT

QUANTUM STATE.

ENERGETICALLY STABLE BEST. $0 IT’S--A, UM...LIGUID £

AT ROOM TEMPERATURE.",auto_ocr_sentiment,train
"Invincible, Vol. 1.pdf_p0613_panel_0.jpg",neutral,"IT LIVES--VJEEZ, MAN,
IT’S WELL AFTER LUNCH-
TIME. YOU’RE TURNING
INTO A REGULAR RICK
SHERIDAN OVER
THERE.

WHAT ARE
YOU--MISTER
PROPUCTIVE ALL
OF A SUPPEN?
WHAT HAVE YOU
ACCOMPLISHED

TODAY 2 ‘",auto_ocr_sentiment,train
"Invincible, Vol. 1.pdf_p0182_panel_0.jpg",fear,"WE ARE GATHERED
HERE TO REMEMBER
THE GREATEST TEAM
OF SUVER-HEROES
THE WORLP HAS
EVER KNOWN.

\te———< Ive seen NN
WORKING WITH
THE GUARDIANS OF

THAT IVE
KNOWN...

THE GLOBE SINCE
I CAME TO EARTH...
THEY WERE MENTORS
TO Me EARLY

 
  
 
  

THE IMMORTAL,
DARKWING, THE
GREEN GHOST, WAR
WOMAN, THE RED RUSH,
MARTIAN MAN, AND
AGUARUS. NAMES WE’LL
NEVER FORGET. PEOPLE
THAT WILL GO DOWN
IN HISTORY...",auto_ocr_sentiment,train
"Invincible, Vol. 1.pdf_p0831_panel_5.jpg",neutral,,auto_ocr_sentiment,train
"Invincible, Vol. 1.pdf_p0623_panel_4.jpg",disgust,"I'M SORRY,
MARK. I’M
SORRY.

YOU
REMINDED
ME OF FLYING
ITH YOUR DAD--
I COULDN’T. I
HATE THINKING
ABOUT HIM.",auto_ocr_sentiment,train
"Invincible, Vol. 1.pdf_p0461_panel_0.jpg",neutral,"jG oe
tHe Beet \—__
YOu CAN TEED a ea 5 wy 4

PN OFFER? J",auto_ocr_sentiment,train
"Invincible, Vol. 1.pdf_p0927_panel_0.jpg",neutral,"I'M SORRY, GUYS...
I REALLY AM. I
HAVEN’T EXACTLY
BEEN HONEST
WITH YOU.

I DION’T GET
THESE POWERS
FROM UNAUTHORIZED
TESTING NASA

SUBJECTED ME TO.
I’VE ALWAYS HAD
THESE POWERS--

BECAUSE EVERYONE

ON MY PLANET
HAS THESE

 

POWERS.",auto_ocr_sentiment,train
"Invincible, Vol. 1.pdf_p0645_panel_0.jpg",anger,"C

MADE LIGHTLY. I DECIDED
TO TURN MY BACK ON MY
VILTRUMITE HERITAGE.

aa a a a aan

MY OFFENSE WOULD
HAVE BEEN NO GREATER

HAD T LISTENED TO YOU
AND CEASED OUR FIGHT

INSTANTLY.",auto_ocr_sentiment,train
"Invincible, Vol. 1.pdf_p0029_panel_3.jpg",neutral,,auto_ocr_sentiment,train
"Invincible, Vol. 1.pdf_p0540_panel_10.jpg",fear,"MY FIRST BIG
SUPERVILLAIN.
IF YOU CAN
EVEN CALL HIM
THAT.

     
       

SYYVYVY)",auto_ocr_sentiment,train
"Invincible, Vol. 1.pdf_p0971_panel_1.jpg",neutral,,auto_ocr_sentiment,train
"Invincible, Vol. 1.pdf_p0420_panel_0.jpg",neutral,,auto_ocr_sentiment,train
"Invincible, Vol. 1.pdf_p0995_panel_2.jpg",surprise,"POW
Me BIG GUY! I’LL DESTROY ALL
I’M THE OF NEW YORK UNTIL

MET! MACE ME
WORLD! ToEMAND  , THE PRESIDENT
I BE MADE PRESIDENT Now!
OF THE UNITED STATES
IMMEDIATELY!",auto_ocr_sentiment,train
"Invincible, Vol. 1.pdf_p0489_panel_0.jpg",neutral,,auto_ocr_sentiment,train
"Invincible, Vol. 1.pdf_p0323_panel_1.jpg",neutral,,auto_ocr_sentiment,train
"Invincible, Vol. 1.pdf_p0147_panel_1.jpg",neutral,,auto_ocr_sentiment,train
"Invincible, Vol. 1.pdf_p0506_panel_5.jpg",neutral,,auto_ocr_sentiment,train
"Invincible, Vol. 1.pdf_p1008_panel_1.jpg",neutral,,auto_ocr_sentiment,train
"Invincible, Vol. 1.pdf_p0284_panel_4.jpg",neutral,,auto_ocr_sentiment,train
"Invincible, Vol. 1.pdf_p0840_panel_1.jpg",anger,"lat once
ve mist:
S surre
rwhelm
ould ma
ssly u
jation.
The n
estigate
; harsh
ir exact
pire, anc
ther inst
n that I
ck to
truction:
sat leve
lost mt
ickly
atures '
med to ¢
d not ha
‘was imi
The siz
eiving.
ce my
atures t
h infinit
net they
evolve
atures.
ytient on
s sO se’
ynger th:
e to n
narkabl
dsight |
entifica
nendou:
\t the tin
tT wante
ant Wipi
ould hav
t sounds
With ev
sky and
S thwart
heap, ra
ile thes
sess the
ld jumy
h into
verful Ie
was me
m one 01
falling
face.
itegy wa
began ti
ough th
he throu
ld get fe
m fast ¢
ape. TI
itegy Wi
stant att
sh bein
les as |
thod of «",auto_ocr_sentiment,train
"Invincible, Vol. 1.pdf_p0071_panel_5.jpg",neutral,,auto_ocr_sentiment,train
"Invincible, Vol. 1.pdf_p0589_panel_6.jpg",disgust,"NO-- THIS DIMENSIONS MEPICAL
TECHNOLOGY IS LAUGHABLE
COMPARED TO SOME. T WILL SEEK
MEDICAL ATTENTION ELSEWHERE--
AND WHEN I’M DONE, I’LL
HUNT DOWN THIS
INVINCIBLE.",auto_ocr_sentiment,train
"Invincible, Vol. 1.pdf_p0836_panel_6.jpg",neutral,,auto_ocr_sentiment,train
"Invincible, Vol. 1.pdf_p0748_panel_9.jpg",neutral,"EVE ~ HI. HOW HAVE ¥
' YOU BEEN? MY MOM a
SAID YOU CALLED--

, N
RIGHT, VERY :
GAVE MEYOUR 4
NUMBER. ud FUNNY. NO REALLY, \aik

I LAUGHEP, YOU
IS MARK. JUST COULDN'T

Y UH... GRAYSON. » HEAK ME. W.
| MARK (CRAY SON. Y WE HAVEN'T
oN oe ee GOTTEN A
; > . iM. a? ad CHANCE TO

mF

oo

f : ;
|

Coll = *
an ay PY

, oe en
moo",auto_ocr_sentiment,train
"Invincible, Vol. 1.pdf_p0350_panel_3.jpg",surprise,"NO... LETHAN,
THE VIZIER, WAS
HELPING ME WITH MY
DRESS... BUT THEN HE
GOT UPSET AND LEFT.
IT WAS PRETTY

WELL, DON’T

a
WOERY. I’M SURE
Wwe’LL HAVE THIS
TAKEN CARE OF WELL
BEFORE THE CEREMONY.
WHEN IS THAT
EXACTLY #

Youre
NO. I’M NOT.
we) seo Soe
MY VIRGINITY Goon
LORD. YOU'RE",auto_ocr_sentiment,train
"Invincible, Vol. 1.pdf_p0580_panel_4.jpg",neutral,,auto_ocr_sentiment,train
"Invincible, Vol. 1.pdf_p0588_panel_8.jpg",neutral,,auto_ocr_sentiment,train
"Invincible, Vol. 1.pdf_p0340_panel_1.jpg",fear,"WE’RE GOING THROUGH A
LOT, MOM. I KNOW IT. YOU’RE
THE ONLY PERSON THAT HAS

ANY IDEA WHAT I’M GOING
THROUGH... AND VICE

VERSA. I TOTALLY
UNDERSTAND.

 
 
 
 
   
 
    
 
     
 
   
 
    

TO BE
HONEST, I
THINK THE

SAME THING

SOMETIMES.",auto_ocr_sentiment,train
"Invincible, Vol. 1.pdf_p0537_panel_1.jpg",neutral,,auto_ocr_sentiment,train
"Invincible, Vol. 1.pdf_p0081_panel_4.jpg",neutral,,auto_ocr_sentiment,train
"Invincible, Vol. 1.pdf_p0319_panel_6.jpg",neutral,,auto_ocr_sentiment,train
"Invincible, Vol. 1.pdf_p0172_panel_0.jpg",surprise,"I DON’T KNOW WHAT
ELSE TO SAY... I-- I JUST
CAN’T BELIEVE THEY’RE
ALL... PEAP. I CAN’T SEEM
TO GET OVER IT. WHO
COULD DO SUCH A
— THING?

‘

WHAT T INTEND
TO FIND OUT. WHAT
DO YOU KNOW
ABOUT BLACK
SAMSON",auto_ocr_sentiment,train
"Invincible, Vol. 1.pdf_p0812_panel_2.jpg",sadness,"YEAH, ITS ME...
JUST NOT THE ME
YOU KNOW. NOT
ANYMORE AT
LEAST. ,

, I/M--1’M
SORRY, I’M REALLY
STILL A LITTLE DAZED
HERE, I’M NOT
FOLLOWING
YOU.

L DID--I
DID SOMETHING
HORRIBLE. 4",auto_ocr_sentiment,train
"Invincible, Vol. 1.pdf_p0531_panel_2.jpg",anger,"""RE REALLY
2 TO HAVE TO
BORATE ON
2RUG PEALER

4ING. I'M
INFUSED.",auto_ocr_sentiment,train
"Invincible, Vol. 1.pdf_p1025_panel_2.jpg",surprise,"OH, YEAH--
SORRY ABOUT
THAT. I DION’T
REALLY THINK
ABOUT IT THAT

WAY.

SS",auto_ocr_sentiment,train
"Invincible, Vol. 1.pdf_p0602_panel_0.jpg",neutral,,auto_ocr_sentiment,train
"Invincible, Vol. 1.pdf_p0544_panel_4.jpg",neutral,"HE’S GOT
SOME KIND OF
UPER SECRET
ERGROUND BASE

W THE PENTAGON.
Y HAP THE ONLY
PITAL QUALIFIED
TO TREAT MY
INJURIES.",auto_ocr_sentiment,train
"Invincible, Vol. 1.pdf_p0254_panel_0.jpg",neutral,,auto_ocr_sentiment,train
"Invincible, Vol. 1.pdf_p0429_panel_1.jpg",sadness,".
IT STILL Vi ;
THINK I i

i SHOULD HAVE

i

GOTTEN TO
GO FIRST.
AN",auto_ocr_sentiment,train
"Invincible, Vol. 1.pdf_p1103_panel_3.jpg",neutral,"WELL,
MAYBE I’M
JUST NOT AS
SMART

AS YOU
OKAY 2!",auto_ocr_sentiment,train
"Invincible, Vol. 1.pdf_p0422_panel_0.jpg",neutral,,auto_ocr_sentiment,train
"Invincible, Vol. 1.pdf_p0294_panel_4.jpg",surprise,"WAIT A
MINUTE! YOU
KNOW?",auto_ocr_sentiment,train
"Invincible, Vol. 1.pdf_p0912_panel_4.jpg",neutral,,auto_ocr_sentiment,train
"Invincible, Vol. 1.pdf_p0331_panel_2.jpg",neutral,"WHICH IS
WHY WE’RE
EXPANDING
THE TEAM.

 

MAKE THE CUT. HE’S AS FAST AS

THE KEP RUSH AND ALMOST BUT NOT
AS INVULNERABLE AS... NEARLY AS
ER... OMNI-MAN.

“FINE”
BEING THE
OPERATIVE",auto_ocr_sentiment,train
"Invincible, Vol. 1.pdf_p1084_panel_3.jpg",neutral,,auto_ocr_sentiment,train
"Invincible, Vol. 1.pdf_p0044_panel_0.jpg",neutral,,auto_ocr_sentiment,train
"Invincible, Vol. 1.pdf_p0721_panel_4.jpg",anger,"Le? niM, ITS KIND
OF HARP TO EXPLAIN
HE WAS IN CHARGE,

LIKE THE KING OF
THE PLANET OR
SOMETHING.",auto_ocr_sentiment,train
"Invincible, Vol. 1.pdf_p0054_panel_2.jpg",sadness,"SORRY IF I MADE IT
WEIRD BACK THERE. I
JUST WANTED TO MAKE
SURE YOU DIDN’T

THINK",auto_ocr_sentiment,train
"Invincible, Vol. 1.pdf_p0361_panel_1.jpg",neutral,,auto_ocr_sentiment,train
"Invincible, Vol. 1.pdf_p0455_panel_4.jpg",neutral,"fe A
j iy
A
q/ fil. QA WD

Abbelas
sshd",auto_ocr_sentiment,train
"Invincible, Vol. 1.pdf_p0432_panel_4.jpg",neutral,,auto_ocr_sentiment,train
"Invincible, Vol. 1.pdf_p0352_panel_5.jpg",neutral,,auto_ocr_sentiment,train
"Invincible, Vol. 1.pdf_p0199_panel_0.jpg",neutral,,auto_ocr_sentiment,train
"Invincible, Vol. 1.pdf_p0568_panel_4.jpg",neutral,"T
WAS

~
wy
‘
XY

S
NIGHT",auto_ocr_sentiment,train
"Invincible, Vol. 1.pdf_p0870_panel_3.jpg",neutral,,auto_ocr_sentiment,train
"Invincible, Vol. 1.pdf_p0147_panel_3.jpg",neutral,,auto_ocr_sentiment,train
"Invincible, Vol. 1.pdf_p1040_panel_6.jpg",anger,"DESPITE WHAT YOU
KNOW ABOUT US AND
OUR NATURE. YOU ARE
MISUNDERSTANDING
THE INTENT OF OUR
PRIVE TO CONQUER WE TAKE
OTHER WORLDS. OVER, YES, AND
WE DO TAKE OUR
SHARE OF A PLANET’S
NATURAL RESOURCES
BUT WE BRING SO
MUCH TO THE WE
PLANET IN REALLY

RETURN. HAVE A
LOT TO

OFFER.",auto_ocr_sentiment,train
"Invincible, Vol. 1.pdf_p0999_panel_3.jpg",neutral,"THESE BOOKS WERE WRITTEN BY
MY FATHER WHEN HE FIRST CAME
TO EARTH. THESE “STUPID” BOOKS
TELL STORIES ABOUT THE
VILTRUMITES--I KNOW THEY
REVEAL Nowe DEFEAT

  
   

PLANET.",auto_ocr_sentiment,train
"Invincible, Vol. 1.pdf_p0743_panel_0.jpg",anger,"CAREFUL '
NOW--YA ‘a
WOULDN’T WANNA
HURT ANY UH THESE
INNOCENT
BYSTANDERS NOW
WOULD YA?!",auto_ocr_sentiment,train
"Invincible, Vol. 1.pdf_p0210_panel_1.jpg",neutral,,auto_ocr_sentiment,train
"Invincible, Vol. 1.pdf_p0369_panel_0.jpg",neutral,,auto_ocr_sentiment,train
"Invincible, Vol. 1.pdf_p0946_panel_0.jpg",neutral,,auto_ocr_sentiment,train
"Invincible, Vol. 1.pdf_p0660_panel_2.jpg",neutral,,auto_ocr_sentiment,train
"Invincible, Vol. 1.pdf_p0095_panel_3.jpg",neutral,"L THOUGHT I WAS GOING
TO HAVE DINNER ALONE
TONIGHT.",auto_ocr_sentiment,train
"Invincible, Vol. 1.pdf_p0972_panel_2.jpg",neutral,,auto_ocr_sentiment,train
"Invincible, Vol. 1.pdf_p0162_panel_2.jpg",neutral,,auto_ocr_sentiment,train
"Invincible, Vol. 1.pdf_p0920_panel_10.jpg",neutral,,auto_ocr_sentiment,train
"Invincible, Vol. 1.pdf_p0572_panel_11.jpg",neutral,,auto_ocr_sentiment,train
"Invincible, Vol. 1.pdf_p0538_panel_10.jpg",neutral,"LTetl YOU, SCHOOL
CERTAINLY TOOK A
BACK SEAT THOSE

FIRST COUPLE WEEKS.
IT WAS ALMOST
IMPOSSIBLE TO JUST
SIT IN A DESK KNOWING
I COULD DO ALL
THAT OTHER
STUFF.",auto_ocr_sentiment,train
"Invincible, Vol. 1.pdf_p0792_panel_4.jpg",neutral,"| s
us ee ey

—_ 5

AS rd es",auto_ocr_sentiment,train
"Invincible, Vol. 1.pdf_p0381_panel_1.jpg",neutral,,auto_ocr_sentiment,train
"Invincible, Vol. 1.pdf_p0885_panel_1.jpg",neutral,,auto_ocr_sentiment,train
"Invincible, Vol. 1.pdf_p0588_panel_4.jpg",neutral,,auto_ocr_sentiment,train
"Invincible, Vol. 1.pdf_p0700_panel_4.jpg",neutral,,auto_ocr_sentiment,train
"Invincible, Vol. 1.pdf_p0900_panel_1.jpg",anger,"y YOU ""

KIDDING?! ¥
IFEEL |

GREAT!

 

| THEY TELL ME RicK’s ¥

GOING TO BE OKAY-- Ff

AND I’M BACK IN TIP- |

TOP SHAPE--I GET TO
KEEP THIS SWEET

e\ OUTFIT AND THESE

DUDES HERE ARE
TOTALLY",auto_ocr_sentiment,train
"Invincible, Vol. 1.pdf_p0137_panel_4.jpg",neutral,,auto_ocr_sentiment,train
"Invincible, Vol. 1.pdf_p0721_panel_9.jpg",neutral,,auto_ocr_sentiment,train
"Invincible, Vol. 1.pdf_p0894_panel_7.jpg",neutral,"FRANKLY, ME
YOU’/RE JUST
LIVING UP TO
POTENTIAL--
THAT MAKES
DISAPPOINT

  
 
 
 
   
    
  
 

YES, sir.
I Pd, sik.
I’LL MAKE £
IMPROVEMED

I PROMISE",auto_ocr_sentiment,train
"Invincible, Vol. 1.pdf_p1001_panel_0.jpg",anger,""" YOU AM
BIG HERO.
OCTOBOSS SEE ME DID
YOU IN TELEVISION. NOT INSTIGATE
ME 4M NOT CARE FIGHT. I MINDING
HOW LARGE HERO aw OWN BUSINESS--
BE. YOU IS FOOL VILLING MANY
ACE ENEMIES. NOT YOU--
&

AM
OCTOBOSS. YOU HAVE NO
REASON AT
' ATTACK.

YOU
SOUND

TOTALLY
RETARDED. ,",auto_ocr_sentiment,train
"Invincible, Vol. 1.pdf_p0458_panel_1.jpg",anger,"IMPRESSIVE.
YOU COULD Be
THE STRONGEST
THING IN THIS 4

 

(a a
, WARS!",auto_ocr_sentiment,train
"Invincible, Vol. 1.pdf_p0343_panel_5.jpg",neutral,,auto_ocr_sentiment,train
"Invincible, Vol. 1.pdf_p0686_panel_5.jpg",neutral,,auto_ocr_sentiment,train
"Invincible, Vol. 1.pdf_p0622_panel_7.jpg",neutral,"(ES, WE OBSERVED
OUR ABILITIES TO BE
JBSTANTIALLY MORE
IAN THOSE OF OTHER
INGS ON THIS PLANET.
THAT IS WHY We
SINGLED YOU
OUT.

WILL YOU
HELP US, MARK
GRAYSON OF
EARTH?

 

THAT IS

ACCEPT-
ABLE.",auto_ocr_sentiment,train
"Invincible, Vol. 1.pdf_p1112_panel_5.jpg",sadness,"VERY SORRY,
D.A. BUT I’M GOING
TO HAVE TO HANDLE
THIS NOW. We’LL
TROUBLING PICK BACK UP O
THAT APRIL DIDN’T THIS LATER.
INFORM ME ABOUT \>
THIS. ESPECIALLY
IF IT’S BECAUSE
SHE DIPN’
4",auto_ocr_sentiment,train
"Invincible, Vol. 1.pdf_p0983_panel_1.jpg",fear,"y IT WAS--IT WAS ALOVELY
SERVICE. I CAN’T BELIEVE

WE ALMOST MISSED IT.
IT’S--A HORRIBLE THING TO
COME BACK TO, MAN--
I’M--I’/M SO

 

 

( &
Go

YOU. IT WAS A
NICE SERVICE.
I WISH SHE
HAD SOME
FAMILY.

I WISH *
We COULD
HAVE FOUND",auto_ocr_sentiment,train
"Invincible, Vol. 1.pdf_p0367_panel_2.jpg",neutral,"GUESS I WAS A
LITTLE SPACED

LISTEN, YOU

WANNA STUDY ,
ONIGHT? I DON’T HAVE
ANY HOMEWORK AND I
AVEN’T REALLY GOTTEN
TO SPEND MUCH TIME

WITH YOU SINCE

YOUR DAD... |",auto_ocr_sentiment,train
"Invincible, Vol. 1.pdf_p0477_panel_3.jpg",neutral,,auto_ocr_sentiment,train
"Invincible, Vol. 1.pdf_p0395_panel_4.jpg",neutral,,auto_ocr_sentiment,train
"Invincible, Vol. 1.pdf_p0875_panel_3.jpg",neutral,,auto_ocr_sentiment,train
"Invincible, Vol. 1.pdf_p0978_panel_1.jpg",neutral,,auto_ocr_sentiment,train
"Invincible, Vol. 1.pdf_p0260_panel_2.jpg",sadness,"THIS IS ALL
HARP TO TAKE
IN AT ONCE...
BUT OVER TIME...
VF Give ITA

ANCE... I’M SORRY

H,
f YOU HAP TO
VONDERAGOND LEARN ABOUT ALL

THIS UNDER THESE
CIRCUMSTANCES...
I TRIED TO TALK TO
YOU EARLIER. SEEING
THIS, I KNOW, IS NOT
THE BEST WAY TO
LEAD INTO THIS
SPEECH.",auto_ocr_sentiment,train
"Invincible, Vol. 1.pdf_p0523_panel_5.jpg",neutral,,auto_ocr_sentiment,train
"Invincible, Vol. 1.pdf_p0874_panel_1.jpg",neutral,,auto_ocr_sentiment,train
"Invincible, Vol. 1.pdf_p0979_panel_3.jpg",neutral,,auto_ocr_sentiment,train
"Invincible, Vol. 1.pdf_p0893_panel_4.jpg",neutral,,auto_ocr_sentiment,train
"Invincible, Vol. 1.pdf_p0876_panel_5.jpg",neutral,,auto_ocr_sentiment,train
"Invincible, Vol. 1.pdf_p0716_panel_0.jpg",neutral,,auto_ocr_sentiment,train
"Invincible, Vol. 1.pdf_p0665_panel_5.jpg",neutral,,auto_ocr_sentiment,train
"Invincible, Vol. 1.pdf_p0012_panel_5.jpg",neutral,"FINE.
I THINK I'M
FINALLY GETTING
SUPERPOWERS.",auto_ocr_sentiment,train
"Invincible, Vol. 1.pdf_p0688_panel_3.jpg",neutral,"THAT
VILTRUMITE
WAS THE ONLY

ONE WHO KNEW

OF THE CAVES.
HE FOLLOWED YOU
\ ALONE. THE OTHERS

. WON'T BE ABLE 4
TO FIND IT.

THEY",auto_ocr_sentiment,train
"Invincible, Vol. 1.pdf_p0507_panel_1.jpg",neutral,"VARY V\""\
BN

he
Me
54 r , ()
“sy \

ee an VN
e%§

L >

(
a
rf Bik AX

X\/ \

A ¥ C

~

os

Now?
TAKING YOU
IN.

Ts",auto_ocr_sentiment,train
"Invincible, Vol. 1.pdf_p0525_panel_7.jpg",neutral,,auto_ocr_sentiment,train
"Invincible, Vol. 1.pdf_p0175_panel_2.jpg",fear,"LOOK, 1 KEALIZE YOU KE
GETTING TO THAT AGE...
BUT I JUST WANT TO MAKE
SURE THAT YOU TWO
UNDERSTAND THE
CONSEQUENCES OF

YOUR ACTIONS.

 
    
  
    
     

   
    

I CAN’T
ALWAYS BE
THERE TO KEEP
AN EYE ON YOU...
ESPECIALLY YOU TWO.
YOU COULD FLY OFF TO

A DESERTED ISLAND
FOR AN HOUR AND
I’D NEVER EVEN
KNOW.",auto_ocr_sentiment,train
"Invincible, Vol. 1.pdf_p0102_panel_5.jpg",neutral,,auto_ocr_sentiment,train
"Invincible, Vol. 1.pdf_p1018_panel_5.jpg",neutral,"THAEDUS-—-
THE LEADER OF
THE COALITION OF
WITHIN THE GROUP--
SOMEONE WHO TIPPED
OFF THE VILTRUMITES
ABOUT MY REPORT
ON EARTH, SENT

I’M
WORKING
EXCLUSIVELY
FOR HIM NOW--
HE SENT ME
HERE.",auto_ocr_sentiment,train
"Invincible, Vol. 1.pdf_p0349_panel_2.jpg",neutral,"UH--HAVE TO DG
IT RIGHT AFTER
THE CEREMONY 4",auto_ocr_sentiment,train
"Invincible, Vol. 1.pdf_p0077_panel_1.jpg",neutral,,auto_ocr_sentiment,train
"Invincible, Vol. 1.pdf_p0055_panel_1.jpg",anger,"YOU STILL WOKK AT

THE BURGER MART?
ISN’T YOUR DAD A
SEMI-FAMOQUS
NOVELIST?!",auto_ocr_sentiment,train
"Invincible, Vol. 1.pdf_p0010_panel_1.jpg",neutral,,auto_ocr_sentiment,train
"Invincible, Vol. 1.pdf_p0103_panel_1.jpg",neutral,,auto_ocr_sentiment,train
"Invincible, Vol. 1.pdf_p0225_panel_6.jpg",neutral,,auto_ocr_sentiment,train
"Invincible, Vol. 1.pdf_p1039_panel_4.jpg",neutral,,auto_ocr_sentiment,train
"Invincible, Vol. 1.pdf_p0762_panel_1.jpg",neutral,,auto_ocr_sentiment,train
"Invincible, Vol. 1.pdf_p1032_panel_0.jpg",sadness,"MARK, DID YOU
HAVE FEELINGS
FOR ME BEFORE
SHE TOLD YOU
I HAD FEELINGS

FOR YOU?

   
   
   
   
   
  
 
 

    

I MEAN--
YOU DION’T JUST
SUDDENLY KEALIZE
YOU LIKED Me
AFTEK YOU HEARD
HER SOB STORY...
RIGHT

 
   
   
     
  
  
 
 

  
 
 

YOU'RE
NOT DOING
THIS--ALL THIS...
JUST BECAUSE
YOU FEEL SORRY
FOR ME...",auto_ocr_sentiment,train
"Invincible, Vol. 1.pdf_p0897_panel_1.jpg",neutral,,auto_ocr_sentiment,train
"Invincible, Vol. 1.pdf_p0055_panel_3.jpg",neutral,,auto_ocr_sentiment,train
"Invincible, Vol. 1.pdf_p0299_panel_1.jpg",neutral,,auto_ocr_sentiment,train
"Invincible, Vol. 1.pdf_p0615_panel_9.jpg",neutral,,auto_ocr_sentiment,train
"Invincible, Vol. 1.pdf_p0305_panel_6.jpg",neutral,"WHAT VO
WE HAVE,
CECIL?

FIRST
OFF, NEVER
SAY MY NAME.
SECOND, ARE
YOU WEARING

YOUR
COSTUME 4",auto_ocr_sentiment,train
"Invincible, Vol. 1.pdf_p0406_panel_6.jpg",neutral,,auto_ocr_sentiment,train
"Invincible, Vol. 1.pdf_p0627_panel_0.jpg",neutral,,auto_ocr_sentiment,train
"Invincible, Vol. 1.pdf_p0747_panel_3.jpg",neutral,,auto_ocr_sentiment,train
"Invincible, Vol. 1.pdf_p0470_panel_3.jpg",neutral,,auto_ocr_sentiment,train
"Invincible, Vol. 1.pdf_p0124_panel_0.jpg",fear,"BUT THAT’S
NOT WHAT TI
WANTED TO
TALK TO YOU
ABOUT.

   
 
  

I HEAR
THAT RIGHT
AFTER THEY

PULLED ME INTO
THE PORTAL YOU
CALLED OUT
FOR ME...",auto_ocr_sentiment,train
"Invincible, Vol. 1.pdf_p0805_panel_0.jpg",neutral,"BACK IN MARK
GRAYSON’S HOME
PIMENSION.",auto_ocr_sentiment,train
"Invincible, Vol. 1.pdf_p0723_panel_11.jpg",neutral,,auto_ocr_sentiment,train
"Invincible, Vol. 1.pdf_p0921_panel_5.jpg",sadness,"I KNOW I VER
HAVEN’T KNOWN SINCE I GOT
YOU OR BEEN A PART THESE POWERS--
OF THIS TEAM VERY AFTER NASA DID
LONG--BUT YOU FEEL THEIR TESTING ON

ME--I’VE FELT

LIKE FAMILY TO Me.
ISOLATED--ALONE.

' L’M JUST GLAD
TO SEE EVERYONE BUT NOT ANY
, SO HAPPY. MORE--NOT
Hf yn AT ALL.
oo 4} ( Yj |
Mal Vy

/ A",auto_ocr_sentiment,train
"Invincible, Vol. 1.pdf_p0919_panel_1.jpg",neutral,"\

— S
, — i. Gite y
ED 7 r Be fe
si cai 7 7 . S
ss ha ort ve
S pee = ran ‘
— SSR x
Tt re - g . ,
ot . - ,. ile hn , o ~
_ m ¢ .
H ¢ “yy . ,? 2
) » [oY ©

nme,
a a) |
ws
LL rr
4 i) a .
iS oom
‘",auto_ocr_sentiment,train
"Invincible, Vol. 1.pdf_p0536_panel_5.jpg",anger,"THE BEGINNING 4 IT'S
KIND OF LATE ALREADY.
ARE YOU SURE YOU WANT
ME TO TELL YOU THE
WHOLE STORY
TONIGHT 2

 

MARK,
LISTEN TO
MY BOYFRIEND,
YOU, JUST
REVEALED TO ME
HE’S A SUPERHERO.
I DON’T THINK THERE’S

ANY DANGER OF ME
SLEEPING AT ALL
TONIGHT. LET ALONE J",auto_ocr_sentiment,train
"Invincible, Vol. 1.pdf_p0541_panel_5.jpg",anger,"Poe

THE GUARDIANS |}
OF THE GLOBE
WERE KILLED.

THE PREMIER SUPER TEAM, A
TEAM WHO HAD SAVED THE WHOLE
PLANET MORE TIMES THAN ANYONE

COULP COUNT--WAS WIPED OUT
IN ONE DAY. THEY WERE GONE.

aan ae t ~—
AND NOBODY KNEW |
@ WHO KILLED THEM.

Pa Rete na

 

 
 

nn",auto_ocr_sentiment,train
"Invincible, Vol. 1.pdf_p0246_panel_0.jpg",neutral,"7

\A

pi, \\
es

SHORTLY AFTER THE HIGH
COUNCIL HAD APPROVED THE
(DEA, THE WORLD CoReR SN?
COMMITTEE WAS FORMED

q
AN

| \

 

——_—
ae
y 2 ©
a ACs
¢
IT]

P|",auto_ocr_sentiment,train
"Invincible, Vol. 1.pdf_p0541_panel_1.jpg",neutral,,auto_ocr_sentiment,train
"Invincible, Vol. 1.pdf_p0934_panel_3.jpg",neutral,"MORE DENSE AND
INVULNERABLE

IF IT NEEDED TO--
IT’S AS SIMPLE
AS MOVING",auto_ocr_sentiment,train
"Invincible, Vol. 1.pdf_p0201_panel_1.jpg",neutral,,auto_ocr_sentiment,train
"Invincible, Vol. 1.pdf_p0367_panel_3.jpg",sadness,"t CAN'T. I'VE
GOT TO GET HOME.
I DON’T WANT MY
MOM TO BE ALONE
TOO LONG AFTER TI
GET OUT OF
SCHOOL...",auto_ocr_sentiment,train
"Invincible, Vol. 1.pdf_p0834_panel_7.jpg",neutral,,auto_ocr_sentiment,train
"Invincible, Vol. 1.pdf_p0602_panel_1.jpg",neutral,"HE STORY STARTED OUT
ON A RATHER SAP NOTE--

BUT HEY, YOU HAVE TO

START SOMEWHERE.",auto_ocr_sentiment,train
"Invincible, Vol. 1.pdf_p0823_panel_4.jpg",anger,"YOUR HUSBAND-
HUSBAND I SUPI
A VILTRUMITE WHE
TO TAKE OVER THE
BUT WAS STOP!
YOUR SON",auto_ocr_sentiment,train
"Invincible, Vol. 1.pdf_p0141_panel_4.jpg",neutral,"OH, WILLIAM...
THANK GOP YOU'RE
SAFE. I HAP TO GO
ANP TRY TO FIND

HELP...",auto_ocr_sentiment,train
"Invincible, Vol. 1.pdf_p0546_panel_4.jpg",neutral,,auto_ocr_sentiment,train
"Invincible, Vol. 1.pdf_p1015_panel_2.jpg",anger,"HOW PARE

B YOUTHREATEN ¥
meeuae
INVADING MY I’M IN
Territory, NO Moor

. oR
a SURRENDER. ¥

IF IT’S

"" A FIGHT YOU

WANT--IT’S A

_ eiGHT You'LL &
GET! a",auto_ocr_sentiment,train
"Invincible, Vol. 1.pdf_p0190_panel_4.jpg",neutral,,auto_ocr_sentiment,train
"Invincible, Vol. 1.pdf_p0877_panel_1.jpg",neutral,,auto_ocr_sentiment,train
"Invincible, Vol. 1.pdf_p0009_panel_2.jpg",neutral,"A FEW OF US ARE GONNA GO
HANG OUT AT SHENANIGANS
TONIGHT. DO YOU WANT
TO TAG ALONG?",auto_ocr_sentiment,train
"Invincible, Vol. 1.pdf_p0124_panel_4.jpg",neutral,,auto_ocr_sentiment,train
"Invincible, Vol. 1.pdf_p0801_panel_6.jpg",neutral,,auto_ocr_sentiment,train
"Invincible, Vol. 1.pdf_p0484_panel_0.jpg",neutral,,auto_ocr_sentiment,train
"Invincible, Vol. 1.pdf_p1103_panel_2.jpg",anger,"SURE YOU CAN. YOU JUST NEED
TO FOCUS MORE. LOOK AT ME. I’M
MONITORING YOU HERE, AND MY
ROBOT CONSTRUCT IS DODGING AND

FIGHTING YOU AT THE SAME TIME.
i You’ LL Ger USED",auto_ocr_sentiment,train
"Invincible, Vol. 1.pdf_p0912_panel_2.jpg",anger,"OUBRAY, FIKS! Orr
I LOVE MARK. I’M
“IN LOVE” WITH HIM.
WE’RE SERIOUS,
$0 THAT'S JUST
NOT GOING TO
HAPPEN.

SORRY

BUBBLE,
BRIDGET.

SECOND--
WHEN DID I SAY

WELL?” AST RECALL
MY WORDS WERE “HE’S
FUNNY.” I THOUGHT
HE WAS GOING TO BE A
CREEP AND IT TURNED
OUT HE WAS FUNNY--
NOT AT ALL HARP TO

Be AROUND.

YOU ACT
LiKe I WAS
GUSHING ABOUT
HOW GREAT
THIS GUY
WAS.",auto_ocr_sentiment,train
"Invincible, Vol. 1.pdf_p0250_panel_2.jpg",neutral,,auto_ocr_sentiment,train
"Invincible, Vol. 1.pdf_p0623_panel_7.jpg",fear,"CAN YOU TELL HER
WHAT’S GOING ON SO
SHE CAN HAVE
WILLIAM COVER FOR
ME AT SCHOOL AND
DOWNLOAD ALL MY

HOMEWORK 2

a

 
 
 
 
    
  

    
 

  
 

MARK--
YOU SHOULD
1 NOT BE DOING
THIS.",auto_ocr_sentiment,train
"Invincible, Vol. 1.pdf_p0920_panel_8.jpg",surprise,"NOVE. ITLL ¥
CALL You f
TOMORROW.

     
   
 
 
     

  

YEAH--
THAT'S JUST
AS GOOD.",auto_ocr_sentiment,train
"Invincible, Vol. 1.pdf_p0403_panel_4.jpg",neutral,,auto_ocr_sentiment,train
"Invincible, Vol. 1.pdf_p0977_panel_3.jpg",anger,"He WILL BE
EXECUTED.",auto_ocr_sentiment,train
"Invincible, Vol. 1.pdf_p0068_panel_0.jpg",neutral,,auto_ocr_sentiment,train
"Invincible, Vol. 1.pdf_p0079_panel_1.jpg",neutral,,auto_ocr_sentiment,train
"Invincible, Vol. 1.pdf_p0445_panel_1.jpg",neutral,".
, La en

= iN 5 ae |
Nr |",auto_ocr_sentiment,train
"Invincible, Vol. 1.pdf_p0426_panel_1.jpg",neutral,,auto_ocr_sentiment,train
"Invincible, Vol. 1.pdf_p0495_panel_1.jpg",sadness,"AH, ROBOT.

THOUGHT T

HAD MISSED
YOU.

ALL. I
JUST MAKING
MY WAY OVER
HERE. YOU
WANT TO GO
TO YOUR
OFFICE? |",auto_ocr_sentiment,train
"Invincible, Vol. 1.pdf_p0062_panel_2.jpg",neutral,,auto_ocr_sentiment,train
"Invincible, Vol. 1.pdf_p0871_panel_2.jpg",joy,LLY!,auto_ocr_sentiment,train
"Invincible, Vol. 1.pdf_p0407_panel_3.jpg",neutral,,auto_ocr_sentiment,train
"Invincible, Vol. 1.pdf_p0689_panel_0.jpg",neutral,,auto_ocr_sentiment,train
"Invincible, Vol. 1.pdf_p0229_panel_0.jpg",neutral,"TRUST NE...

DAMIEN
DARKGBLOOP,
DEMON DETECTIVE...
I WORK FOR PEOPLE
YOUR BOSSES’
BOSSES AKEN’T

& IMPORTANT ENOUGH
. TO MEET.",auto_ocr_sentiment,train
"Invincible, Vol. 1.pdf_p0741_panel_1.jpg",anger,"f\] tA =
PLAGUED BY MY APPEARANCE. a
I HAVEN’TLETITHOLD Mem
BACK--IT CERTAINLY HASN’T J
PREVENTED ME FROM
bm AMASSING A SUBSTANTIAL
FORTUNE.

I CAN'T LEAVE THE CONFING
OF MY POP WITHOUT THE
. AIR BURNING MY SKIN.
bm AM A PRISONER IN MY
OWN HOME.

LENLISTED THE ~
AID OF MY COLLEAGUE NN
HERE IN ORDER TO SECURE
ME A BLOOD SAMPLE FROM
ONE OF HIS TEAMMATES. —|
USING YOUR METHODS I’ve |
etitincanensone” 7
FOR MYSELF. HOWEVER, I

THAT SAID,
. MY CONDITION
VPREVENTS Me i
ENJOYING THAT FORTUNG 6

HAVE NOT BEEN ABLE Tos
REPLICATE THE pRocEss
OF ACTUALLY IMPLANTING
MY MIND INTO THE CLONE
AS YOU HAVE. THAT IS AN
AREA WHERE I WILL NEED
HELP--YOUR HELP.",auto_ocr_sentiment,train
"Invincible, Vol. 1.pdf_p0610_panel_2.jpg",neutral,con,auto_ocr_sentiment,train
"Invincible, Vol. 1.pdf_p0523_panel_3.jpg",neutral,,auto_ocr_sentiment,train
"Invincible, Vol. 1.pdf_p0023_panel_3.jpg",neutral,,auto_ocr_sentiment,train
"Invincible, Vol. 1.pdf_p0091_panel_5.jpg",neutral,,auto_ocr_sentiment,train
"Invincible, Vol. 1.pdf_p0998_panel_4.jpg",neutral,,auto_ocr_sentiment,train
"Invincible, Vol. 1.pdf_p0558_panel_2.jpg",neutral,,auto_ocr_sentiment,train
"Invincible, Vol. 1.pdf_p0866_panel_1.jpg",neutral,,auto_ocr_sentiment,train
"Invincible, Vol. 1.pdf_p0014_panel_6.jpg",neutral,,auto_ocr_sentiment,train
"Invincible, Vol. 1.pdf_p0950_panel_3.jpg",fear,"FIGnIING [he LACK
OF PRESSURE IN SPACE--
I HAP TO KEEP PULLING
ON THE GLOBE TO KEEP
IT INTACT SO THE Ale
DIDN’T LEAK OUT--AND
SEALING uP THAT
<<]

   
  
 
   

L’VE
NEVER USED

} JUST-—
I JUST

NEED A MINUTE",auto_ocr_sentiment,train
"Invincible, Vol. 1.pdf_p0329_panel_6.jpg",neutral,,auto_ocr_sentiment,train
"Invincible, Vol. 1.pdf_p0469_panel_0.jpg",neutral,ee —~—h rr,auto_ocr_sentiment,train
"Invincible, Vol. 1.pdf_p0450_panel_4.jpg",neutral,"TT AIN'T GOING TO Be EASY.

ABOUT A YEAR AGO--T GOT
FED UP WITH HIM. I GOT HIM
ALONE IN A PARK IN NEW YORK,

BEAT HIM NEAR TO DEATH. A
CAPES CREW INTERVENED...
STOPPED ME FROM KILLING
HIM. SINCE THEN HE’S
RARELY WITHOUT
BODY GUARDS.

WITH YOUR
VPOWERS--IT’D
Be EASY TO
SURPRISE THEM,
CATCH THEM OFF
GUARD.

 
 
 
 
 
 
 
 
 
   
 
 
   
    
 
     

  

CAN FLY ME--
I’LL Give YOU
DIRECTIONS.",auto_ocr_sentiment,train
"Invincible, Vol. 1.pdf_p0544_panel_8.jpg",neutral,,auto_ocr_sentiment,train
"Invincible, Vol. 1.pdf_p0078_panel_3.jpg",neutral,"FY OW XY
Gc: =",auto_ocr_sentiment,train
"Invincible, Vol. 1.pdf_p1072_panel_1.jpg",neutral,,auto_ocr_sentiment,train
"Invincible, Vol. 1.pdf_p0298_panel_0.jpg",neutral,,auto_ocr_sentiment,train
"Invincible, Vol. 1.pdf_p0577_panel_1.jpg",neutral,"VE ME A MOMENT
TO LINK OUR MACHINE
TO THE ONES IN
OUR SISTER
DIMENSIONS.",auto_ocr_sentiment,train
"Invincible, Vol. 1.pdf_p0797_panel_1.jpg",neutral,,auto_ocr_sentiment,train
"Invincible, Vol. 1.pdf_p0461_panel_4.jpg",neutral,,auto_ocr_sentiment,train
"Invincible, Vol. 1.pdf_p0804_panel_1.jpg",neutral,,auto_ocr_sentiment,train
"Invincible, Vol. 1.pdf_p0676_panel_4.jpg",neutral,,auto_ocr_sentiment,train
"Invincible, Vol. 1.pdf_p0874_panel_6.jpg",surprise,"PUPE--
WILLIAM! |

 
     

ARE YOU
\ ASLEEP? |",auto_ocr_sentiment,train
"Invincible, Vol. 1.pdf_p0874_panel_8.jpg",neutral,,auto_ocr_sentiment,train
"Invincible, Vol. 1.pdf_p0279_panel_0.jpg",neutral,"}

ons _ ar 1/)",auto_ocr_sentiment,train
"Invincible, Vol. 1.pdf_p0474_panel_1.jpg",fear,"ELL, ART, WHY ARE YOU STILL

   
    
   
    
     
  
  
   
 
     
   

CON YOU FIX COMING HERE,
i TUS ND
I COULD, Ip BOSSES GET
MARK, BUT (rp You New

  
  

  
  

BE EASIER JUST

2
TO MAKE YOU A COSTUMES + “

FABRICS I'D
LIKE TOTRY |
OUT. _",auto_ocr_sentiment,train
"Invincible, Vol. 1.pdf_p0473_panel_5.jpg",surprise,"1k 4 ALL HAIL
a THE SKY GOD'S
er CHOSEN ONE! HE",auto_ocr_sentiment,train
"Invincible, Vol. 1.pdf_p1023_panel_0.jpg",neutral,,auto_ocr_sentiment,train
"Invincible, Vol. 1.pdf_p0119_panel_0.jpg",neutral,,auto_ocr_sentiment,train
"Invincible, Vol. 1.pdf_p0609_panel_4.jpg",anger,"BARELY .
OF TICKLE, J
LITTLE ’

. ONE! """,auto_ocr_sentiment,train
"Invincible, Vol. 1.pdf_p0516_panel_5.jpg",neutral,eed.,auto_ocr_sentiment,train
"Invincible, Vol. 1.pdf_p0960_panel_0.jpg",surprise,"7 Yeau-—tHaT Yt
WAS ALL OF
\ THEM--GOT /M]

THEM ALL!

me, THAT WAS i
FUN.",auto_ocr_sentiment,train
"Invincible, Vol. 1.pdf_p0610_panel_1.jpg",neutral,,auto_ocr_sentiment,train
"Invincible, Vol. 1.pdf_p0847_panel_0.jpg",neutral,"SHAPOWHAWK--
YOU READY

JUST MAKE
SURE YOU LEAVE 4
OUT OF ONE OF THE ¥
WINDOWS UPSTAIRS--
I DON’T WANT D
_ PEOPLE TO SEE MEETING YOu, |
>. YOU. SHADOWHAWK’'S &£
Ss DAD. 4

~ YU TOO,
Mm INVINCIBLE. -Q de,

“t",auto_ocr_sentiment,train
"Invincible, Vol. 1.pdf_p1076_panel_3.jpg",neutral,"AGENT TO GET HERE, HOW MUCH TIME
I/LL HAVE TO SPEND WORKING OUT,
HOW MUCH TIME IT'LL TAKE TO GET
MY STRENGTH LEVELS UP TO THEIR

FULL LIMIT--WHATEVER

THAT IS.

 

THE TIME--
THIS SHOULD

. BEA PIECE

s OF CAKE. 4",auto_ocr_sentiment,train
"Invincible, Vol. 1.pdf_p0864_panel_7.jpg",neutral,"= Hi

w *",auto_ocr_sentiment,train
"Invincible, Vol. 1.pdf_p0750_panel_10.jpg",neutral,"NO, OF COURSE
NOT. T

REALLY LOOKED AT
HER THAT WAY.
SHE WAS WITH REX
WHEN WE FIRST
MET.

  

y I'VE NEVER
EVEN THOUGHT

ABOUT IT. SO ARE
WE GOING TO

AFRICA OR NOT2Z",auto_ocr_sentiment,train
"Invincible, Vol. 1.pdf_p0110_panel_1.jpg",neutral,,auto_ocr_sentiment,train
"Invincible, Vol. 1.pdf_p1030_panel_10.jpg",neutral,"L INVITED YOU
TO COME STAY
WITH Me IN
AFRICA... I HOPED
YOu’ COME
ALONE.

THAT
WOULD MEAN
YOU PID HAVE
FEELINGS",auto_ocr_sentiment,train
"Invincible, Vol. 1.pdf_p0743_panel_3.jpg",neutral,,auto_ocr_sentiment,train
"Invincible, Vol. 1.pdf_p1055_panel_2.jpg",neutral,"VV
x)
iY |

Way
Ny Vy",auto_ocr_sentiment,train
"Invincible, Vol. 1.pdf_p0403_panel_3.jpg",neutral,,auto_ocr_sentiment,train
"Invincible, Vol. 1.pdf_p0540_panel_9.jpg",neutral,"IF I DIDN’T. IT’S JUST
SOMETHING YOU
GOTTA SAY,
Y’KNOW.",auto_ocr_sentiment,train
"Invincible, Vol. 1.pdf_p0807_panel_2.jpg",neutral,"THERE WILL BE
NO SECOND PAYMENT.
BUT THAT DOESN’T
MATTER. YOU WON’T
BE ABLE TO SPEND
IT WHERE YOL’RE
GOING.",auto_ocr_sentiment,train
"Invincible, Vol. 1.pdf_p0182_panel_4.jpg",neutral,"I DON’T
THINK THEY’LL
TRY ANYTHING

WITH ALL OF
US HERE.",auto_ocr_sentiment,train
"Invincible, Vol. 1.pdf_p0484_panel_4.jpg",neutral,,auto_ocr_sentiment,train
"Invincible, Vol. 1.pdf_p0069_panel_0.jpg",surprise,Lohr Whoa,auto_ocr_sentiment,train
"Invincible, Vol. 1.pdf_p0650_panel_5.jpg",neutral,,auto_ocr_sentiment,train
"Invincible, Vol. 1.pdf_p0126_panel_2.jpg",neutral,,auto_ocr_sentiment,train
"Invincible, Vol. 1.pdf_p0377_panel_4.jpg",neutral,I’VE GOT,auto_ocr_sentiment,train
"Invincible, Vol. 1.pdf_p0998_panel_0.jpg",neutral,"GATHERED MEMBERS
OF THE PRESS, I

 

\

||
T\ \_|
F | | 8

AT) Pee
oH MY
ae

\y

L}
)

I}

VT)
ae",auto_ocr_sentiment,train
"Invincible, Vol. 1.pdf_p1013_panel_0.jpg",neutral,,auto_ocr_sentiment,train
"Invincible, Vol. 1.pdf_p0212_panel_3.jpg",neutral,,auto_ocr_sentiment,train
"Invincible, Vol. 1.pdf_p0031_panel_3.jpg",anger,"BY THE TIME WE ARRIVED, I HAD
GROWN FONP OF EARTH AND THE
PEOPLE ON IT. I WAS FASCINATED
BY THE ACHIEVEMENTS THEY
HAP ACCOMPLISHED IN SUCH

A SHORT TIME.

I PLEAPED FOR AUTHORIZATION TO
APP EARTH TO OUR BETTERMENT
SCHEDULE, BUT IT WAS PEEMED
TOO CRUDE ANP NOT DEVELOPED

|_|! ENOUGH FOR OUR INTERFERENCE.

eT VLe7a nr",auto_ocr_sentiment,train
"Invincible, Vol. 1.pdf_p0088_panel_1.jpg",neutral,,auto_ocr_sentiment,train
"Invincible, Vol. 1.pdf_p0258_panel_3.jpg",neutral,"YOU AS A VILTRUMITE INA
SECLUDED AREA OF THE
PLANET.",auto_ocr_sentiment,train
"Invincible, Vol. 1.pdf_p0042_panel_0.jpg",neutral,,auto_ocr_sentiment,train
"Invincible, Vol. 1.pdf_p0180_panel_2.jpg",surprise,"TDL eT ar
Ey \l-

THE
FUNERAL IS
TODAY?

HEY... HAVE
YOU THOUGHT
ABOUT WHAT
WE'RE GOING TO
DO FOR MARK’S |
\ BIRTHDAY THIS f
YEAR?",auto_ocr_sentiment,train
"Invincible, Vol. 1.pdf_p0172_panel_3.jpg",neutral,";

Le

|

IF HE
DIP STEAL THE
SUIT HIMSELF... I
CAN’T IMAGINE IT COULD
RESTORE HIM TO FULL
POWER. LET ALONE MAKE
HIM STRONG ENOUGH TO
DO WHAT YOU SAID
HAPPENED TO
THEM

De 1fON==
[_ -th U

if

GOOD
POINT... STILL,
He’S THE PRIME
SUSPECT AT
THIS POINT.

YOU KNOW OF
ANYONE ELSE
WHO WOULD HAVE
MOTIVE TO BDO
SUCH A
THING?",auto_ocr_sentiment,train
"Invincible, Vol. 1.pdf_p0334_panel_1.jpg",neutral,"I HAD
FORGOTTEN
HE WAS
GONE.",auto_ocr_sentiment,train
"Invincible, Vol. 1.pdf_p1053_panel_4.jpg",neutral,"YOU CAN CHOOSE TO
OVVPOSE US. YOU CAN
PENY THESE PEOPLE
YOU CARE SO MUCH
ABOUT THE UTOPIA
VILTRUM WOULD
BRING THIS

PLANET.
INSTEAD,
WE CAN FLATTEN
THEIR CIVILIZATION
WHILE WE TAKE
WHAT WE
WANT.",auto_ocr_sentiment,train
"Invincible, Vol. 1.pdf_p0365_panel_2.jpg",neutral,,auto_ocr_sentiment,train
"Invincible, Vol. 1.pdf_p0020_panel_3.jpg",neutral,"HEY,
MAN. WHY
DON’T YOU

LISTEN TO THE
GUY AND JUST
LEAVE HIM
ALONE S

WHAT
ARE YOU",auto_ocr_sentiment,train
"Invincible, Vol. 1.pdf_p0974_panel_0.jpg",neutral,"GET HIM OFF
THIS SHIP BEFORE
THEY WAKE UP!

WE GOTTA MALE
SURE THERE’S
NOBODY LEFT TO
CONNECT THEIR

ONE-MIND.",auto_ocr_sentiment,train
"Invincible, Vol. 1.pdf_p0449_panel_3.jpg",neutral,,auto_ocr_sentiment,train
"Invincible, Vol. 1.pdf_p0668_panel_1.jpg",neutral,,auto_ocr_sentiment,train
"Invincible, Vol. 1.pdf_p1021_panel_0.jpg",anger,"S0, YOUR FATHER
| WAS TAKEN INTO
SOME TIME ANP ONE CUSTODY THEN? THE

‘ VILTRUMITES TOOK
LONG CONVERSATION HIM AWAY?

YEAH, THEY
TOOK HIM AWAY--
SAID He WAS
GOING TO BE
EXECUTED.

I STILL CAN’T
BELIEVE HE FOUGHT
AGAINST THEM--
THAT’S JUST... I DON’T
KNOW. WE DON’T REALLY
HEAR ALOT ABOUT
ROGUE VILTRUMITES--
THIS (S--IT’S
JUST REALLY

INTERESTING.

TELL ME
MORE ABOUT
YOUR BROTHER.

TAKING CARE
OF HIM?",auto_ocr_sentiment,train
"Invincible, Vol. 1.pdf_p0615_panel_4.jpg",neutral,,auto_ocr_sentiment,train
"Invincible, Vol. 1.pdf_p0975_panel_0.jpg",anger,"i mo ae” a Se

4

1 ANPERSONTOWN, Ff
WYOMING.

y SS)

—

ONE OF THE UNITED STATES’
MANY NUCLEAR MISSILE SILOS
SCATTERED ACROSS THE
AR COUNTRY. RECENTLY UNPER
THE COMPLETE CONTROL OF
THE LIZARP LEAGUE UNTIL +
| REX SPLOPE, PUPLI-KATE ANP
SHRINKING RAY WERE SENT
IN TO STOP THEM.

-| THINGS HAVEN'T POT. GO
GONE WELL. AHEAD ANP
PULL THE

TRIGGER.",auto_ocr_sentiment,train
"Invincible, Vol. 1.pdf_p0301_panel_0.jpg",neutral,"We a st
a ee

ay e*. oe We

7, yr =
Pra

pre",auto_ocr_sentiment,train
"Invincible, Vol. 1.pdf_p0807_panel_5.jpg",neutral,"x
\

\

-

“
a
“

AN",auto_ocr_sentiment,train
"Invincible, Vol. 1.pdf_p1002_panel_4.jpg",sadness,"NOT AS LITTLE
AS HE WAS LAST
TIME YOU SAW
HIM BUT THAT’S
ALWAYS THE
CASE.

    
   
 
  
    
       

  

L
SWEAR--
YOU GRew
UP WAY TOO
FAST, BUT
THIS
ONE...",auto_ocr_sentiment,train
"Invincible, Vol. 1.pdf_p0949_panel_3.jpg",neutral,> «q,auto_ocr_sentiment,train
"Invincible, Vol. 1.pdf_p0728_panel_5.jpg",neutral,"s—THEY Ke SU

ANT THEY THINK
ING TO COME TO
NSES AND TAKE
2 THIS PLANET
< THEM--OR
OMETHING.

I DON’T
KNOW, MAYBE
THEY JUST DON’T
CARE IF I HELP
THEM OR NOT. MAYBE
ONE HUNPRED YEARS
IS THE SOONEST
THEY CAN GET OUT
HERE TO TAKE
OVER.",auto_ocr_sentiment,train
"Invincible, Vol. 1.pdf_p0729_panel_0.jpg",neutral,,auto_ocr_sentiment,train
"Invincible, Vol. 1.pdf_p0908_panel_2.jpg",anger,"THAN JUST IN ONE PIECE,

ALLEN OF UNOPA. I HAVE BEEN

MONITORING YOUR PROGRESS

AS YOU HEALED. AS YOU’VE NO
DOUBT NOTICED, YOU ARE

STRONGER, BUT TI DO NOT THINK
YOU QUITE REALIZE HOW OUR READINGS

MUCH STRONGER ARE PRELIMINARY
YOU ARE. AND I(T WILL TAKE FURTHER
TESTING TO CONFIRM

THEM--BUT YOU ARE NEAR
IF NOT AT VILTRUMITE LEVELS
OF STRENGTH AND
INVULNERABILITY.

IT 1S
POSSIBLE--
THAT WITH FURTHER
TRAINING YOU COULD
EVEN EXCEED
THEM.",auto_ocr_sentiment,train
"Invincible, Vol. 1.pdf_p1053_panel_0.jpg",neutral,,auto_ocr_sentiment,train
"Invincible, Vol. 1.pdf_p0433_panel_4.jpg",neutral,"c

VAG

er Oke.
WHATEVER.",auto_ocr_sentiment,train
"Invincible, Vol. 1.pdf_p0663_panel_3.jpg",fear,"OKAY, GOT IT.
PLEASE--GO ON.
JUST MAZE THIS
ALL MAKE SENSE

TO ME, PAD.
PLEASE.

 

YOUR BROTHER’S SKIN
TONE ISN’T THE ONLY
THING DIFFERENT. HE’s--
WELL, HE’S THREE WEEKS
OLD, MARK. BY EARTH
STANDARDS HE LOOKS TO
BE AYEAR OLD.

   
   
   
   
   
   
   
 
 
  
 
 
     
 
   
   
   
 
    
   
     
    
   
     
 
 
 
     
 
   

 
 
 
 

HE IS
AGING TOO FAST.
NOW, I SUSPECT THE
VILTRUMITE PNA WILL
CAUSE HIS AGING TO
SLOW JUST AS IT HAS
YOURS WHEN HE REACHES
PUBERTY--BUT HOW
MUCH IT WILL SLOW
DOWN IS STILL IN
QUESTION.

HUNDREDS, IF NOT
THOUSANDS OF YEARS.
He’LL BE FINE. HE’LL
STILL LIVE A LONG AND
HEALTHY LIFE, ESPECIALLY
BY HUMAN STANDARDS
AND AMONG THESE

  

  

VILTRUM...
THAT WOULP
Be 4 WHOLE
OTHER
STORY.

IS HE
GOING TO--#

I MEAN, HOW
LONG BO YOU
THINK HE
HAS?",auto_ocr_sentiment,train
"Invincible, Vol. 1.pdf_p1066_panel_2.jpg",neutral,"ARS
OR FIVE
MONTHS...”

I’M
GOING TO
NEED TO START
WORKING
OUT MORE.",auto_ocr_sentiment,train
"Invincible, Vol. 1.pdf_p0603_panel_2.jpg",fear,"WE'P BE HAFVY 10 HAVE
SAMANTHA AT OUR SCHOOL.

h / HER TEST SCORES IN THE
y
\\

 
 

SCIENCE PORTION ARE SO

IMPRESSIVE I’M SURE HER
KNOWLEDGE IN OTHER

\ AREAS WILL SHORTLY BE

BROUGHT UP TO THE

SAME LEVEL.

 

1

 
     
   
 
   
    

   

_-

WE'D EVEN
BE ABLE TO
GIVE YOUA |}
BREAK ON THE J

TUITION.

     
     

 

pip YOU HEAR ff
THAT?! 4

ann",auto_ocr_sentiment,train
"Invincible, Vol. 1.pdf_p0785_panel_3.jpg",neutral,,auto_ocr_sentiment,train
"Invincible, Vol. 1.pdf_p0405_panel_0.jpg",neutral,,auto_ocr_sentiment,train
"Invincible, Vol. 1.pdf_p0830_panel_7.jpg",surprise,"HOW |S
ITNOT THAT J
SIMPLE? J",auto_ocr_sentiment,train
"Invincible, Vol. 1.pdf_p0634_panel_4.jpg",neutral,,auto_ocr_sentiment,train
"Invincible, Vol. 1.pdf_p0526_panel_3.jpg",neutral,"PN a
os aay

cd

hie
SA
t= ey",auto_ocr_sentiment,train
"Invincible, Vol. 1.pdf_p0239_panel_6.jpg",neutral,,auto_ocr_sentiment,train
"Invincible, Vol. 1.pdf_p0985_panel_0.jpg",fear,"I’M ALWAYS ZIPPING OFF
SOMEWHERE TO PO SOMETHING
IMPORTANT. HECK--I’'VE EVEN
BEEN LEAVING THE PLANET A

 
 

YOU SHOULDN’T HAVE To
JUST ACCEPT THAT I’M
NOT GOING TO BE HERE

    
     
     
     
  

 
     

BUNCH LATELY. AND I’ve MOST OF THE TIME.
REALIZED I JUST EXPECT YOU WHY SHOULD
TO ACCEPT THAT. I’M SAVING YOu? I wus _-
THE WORLD--I'M DOING ALL I THIN YOU

    
     
  
  
   

THIS GREAT STUFF--YOU
SHOULD BE HAPPY TO SIT
AROUND WAITING

FOR ME.

WOULD Be harrier

WITHOUT ME--

WITH GOMEONG
ELS

   
  

  
 
 
     
  

BUT THAT’S

  
 
 
     
 

  

Sena
A t

Be ou oan TON NOT YOUR FAULT I’M
FOR DOING THIS THIS SUVERHERO--

STUFF BECAUSE AND YOU DION’T

EVEN KNOW THAT
neeeaie LS GOING IN.
Pevec A

ee",auto_ocr_sentiment,train
"Invincible, Vol. 1.pdf_p0352_panel_3.jpg",sadness,"i/ , COURSE... I CANT
IMAGING HOW MUCH BETTER
HIS BOOKS WOULP BE
ELLING IF TH
WORLD KNEW...

   
       
    
 

DON’T WORRY.
SUPERPATRIOT
HIMSELF DOESN’T",auto_ocr_sentiment,train
"Invincible, Vol. 1.pdf_p0223_panel_4.jpg",neutral,,auto_ocr_sentiment,train
"Invincible, Vol. 1.pdf_p1086_panel_3.jpg",neutral,,auto_ocr_sentiment,train
"Invincible, Vol. 1.pdf_p0386_panel_1.jpg",neutral,,auto_ocr_sentiment,train
"Invincible, Vol. 1.pdf_p0054_panel_3.jpg",neutral,,auto_ocr_sentiment,train
"Invincible, Vol. 1.pdf_p0388_panel_0.jpg",neutral,,auto_ocr_sentiment,train
"Invincible, Vol. 1.pdf_p0274_panel_3.jpg",sadness,"YOU FIND
MY ACTIONS
HARP TO
BELIEVE...

    
 

TIME HERE
HAS BEEN A
SPECK IN THE
SPAN OF MY
LiFe... YOU ARE
NOT LISTENING
TO ME.

YOU DON’T
: EVEN KNOW
ME, SON.
os. i
v AD Bi FOR A TIME...
4 I WAS HAPPY!
LAST.

BUT I KNEW IT

MY LOYALTIES Lie
WITH VILTRUM...

NOT THIS PATHETIC
EXCUSE FORA
CIVILIZATION!

I WILL

SEE THIS PLANET

BURN AND ALL LIFE
ERADICATED

BEFORE I SPEND
ANOTHER MINUTE

LIVING AMONGST

THEM AS ONE OF

THEIR OWN.",auto_ocr_sentiment,train
"Invincible, Vol. 1.pdf_p0486_panel_1.jpg",neutral,,auto_ocr_sentiment,train
"Invincible, Vol. 1.pdf_p0475_panel_3.jpg",neutral,"KAWL IN DEP ANV
NEVER GET UP.

      

  

THAT’S
PROGRESS,
RIGHT4",auto_ocr_sentiment,train
"Invincible, Vol. 1.pdf_p1009_panel_0.jpg",neutral,"WELL, IF THAT'S
ALL IT IS--I& HE JUST
NEEDS SOMEONE TO
GUIPE HIM AND HELP
HIM FIGURE STUFF
OUT--I GOULD DO
THAT.",auto_ocr_sentiment,train
"Invincible, Vol. 1.pdf_p0355_panel_2.jpg",neutral,,auto_ocr_sentiment,train
"Invincible, Vol. 1.pdf_p0706_panel_3.jpg",neutral,"YOU--#

W
>
<
+
z
9
Sy)",auto_ocr_sentiment,train
"Invincible, Vol. 1.pdf_p0723_panel_9.jpg",joy,"HE WAS GLY y
BY THE TIME

I LEFT. THES
PEOPLE ¢
LIVE F
LIKE Ni
MONTH",auto_ocr_sentiment,train
"Invincible, Vol. 1.pdf_p0676_panel_0.jpg",neutral,"IE HE CAN’T FIND US--we
SHOULD BE OKAY. IF HE ~~
FINPS US, THOUGH... I
DON’T THIN T CAN
OUTRUN HIM!",auto_ocr_sentiment,train
"Invincible, Vol. 1.pdf_p0399_panel_4.jpg",neutral,"YOU DON’T
REALLY HAVE
<q TO LEAVE, DO
te YOUS IT’S NOT
THAT LATE.

a,
THERE'S \
ONLY SO MANY
THINGS WHAT WE
WERE DOING CAN
LEAD TO... SO I
THINK IT’S BEST
IF WE CALL IT
A NIGHT.

7 THAT’S NOT

WHERE I WAS
PLANNING TO GO.
WHO'S GOT THE
DIRTY MIND NOW,
HUH?",auto_ocr_sentiment,train
"Invincible, Vol. 1.pdf_p0897_panel_2.jpg",neutral,"LV IeELL YOU NOT
TO WORRY --THAT
HE WAS JUST A
FRIEND OF MINE
BUT I DON’T EVEN ANP HE’S

JUST HERE--
REALLY KNOW /in YOUR ROOM--

ANP YOU DON’T
EVEN KNOW
HIM?
LET ME
FINIGH--HE’S
IN THE SAME
ECONOMICS CLASS
AS I AM, PIFFERENT
TIME, ANP WE’RE
SHARING A BOOK. WE YOu
BOTH GOT THE SAME / INVITE HIM
PROJECT AND TO YOUR

THERE’S ONLY ROOM2

ONE BOOK. SN
JEEZ, MARK.
HE WANTEP TO WOULD

USE THE BOOK TODAY YOU HAVE
ANP I PIDN’T FEEL TOLD ME ABOUT
LIKE GOING ANYWHERE. A HIM IF T HADN'T
WHAT'S THE BIG SHOWN UP?
PEAL?

I’M SURE
IT WOULD HAVE
COME UP IN
CONVERSATION-—
I’M NOT TRYING TO
HIPE ANYTHING.
IT’S NOT A BIG DEAL.",auto_ocr_sentiment,train
"Invincible, Vol. 1.pdf_p0370_panel_0.jpg",neutral,,auto_ocr_sentiment,train
"Invincible, Vol. 1.pdf_p0706_panel_1.jpg",surprise,"vO YOU
REGRET WHAT
YOU’VE DONE

Now?!",auto_ocr_sentiment,train
"Invincible, Vol. 1.pdf_p0995_panel_0.jpg",neutral,,auto_ocr_sentiment,train
"Invincible, Vol. 1.pdf_p0648_panel_1.jpg",neutral,"Lew
ce

\
ANN

JL",auto_ocr_sentiment,train
"Invincible, Vol. 1.pdf_p0306_panel_1.jpg",neutral,,auto_ocr_sentiment,train
"Invincible, Vol. 1.pdf_p0473_panel_0.jpg",neutral,,auto_ocr_sentiment,train
"Invincible, Vol. 1.pdf_p0770_panel_1.jpg",neutral,"SHOULDN’T
Be A MINUTE
OR TWO.

ZK
ww
ANY j
Swagy
SITaALS
9 ZA
TWWS

HV Sow
aI4%h
OW Ow
+ yds
o>",auto_ocr_sentiment,train
"Invincible, Vol. 1.pdf_p0524_panel_9.jpg",neutral,"SS

>
‘_
Cw
“

3

nf iy
4)
ve

N
b",auto_ocr_sentiment,train
"Invincible, Vol. 1.pdf_p0271_panel_1.jpg",anger,"ABOUT ANYONE ON THIS
VLANET! THEY MEAN
NOTHING TO Me. THEY
ARE LIVESTOCK--
MEANINGLESS
ANIMALS--— YOU
CAN'T LOOK AT
THEM AS
EQUALS!",auto_ocr_sentiment,train
"Invincible, Vol. 1.pdf_p0130_panel_4.jpg",neutral,,auto_ocr_sentiment,train
"Invincible, Vol. 1.pdf_p1090_panel_3.jpg",neutral,,auto_ocr_sentiment,train
"Invincible, Vol. 1.pdf_p0712_panel_0.jpg",neutral,"oe
THE NEXT PAY.",auto_ocr_sentiment,train
"Invincible, Vol. 1.pdf_p0421_panel_0.jpg",neutral,AIATI TIAA? Ur All,auto_ocr_sentiment,train
"Invincible, Vol. 1.pdf_p0945_panel_0.jpg",neutral,,auto_ocr_sentiment,train
"Invincible, Vol. 1.pdf_p0780_panel_1.jpg",neutral,,auto_ocr_sentiment,train
"Invincible, Vol. 1.pdf_p0427_panel_2.jpg",neutral,"{

{
0
W
wD
Oe
=
S
&

:",auto_ocr_sentiment,train
"Invincible, Vol. 1.pdf_p0888_panel_5.jpg",neutral,,auto_ocr_sentiment,train
"Invincible, Vol. 1.pdf_p0330_panel_3.jpg",neutral,,auto_ocr_sentiment,train
"Invincible, Vol. 1.pdf_p0252_panel_3.jpg",neutral,"SL
YX

ZR
(Cir wie",auto_ocr_sentiment,train
"Invincible, Vol. 1.pdf_p0506_panel_1.jpg",neutral,,auto_ocr_sentiment,train
"Invincible, Vol. 1.pdf_p0947_panel_1.jpg",neutral,,auto_ocr_sentiment,train
"Invincible, Vol. 1.pdf_p1020_panel_0.jpg",neutral,"MARK,
I'M SO
GLAD YOU’RE

HERE, I--",auto_ocr_sentiment,train
"Invincible, Vol. 1.pdf_p0302_panel_2.jpg",neutral,,auto_ocr_sentiment,train
"Invincible, Vol. 1.pdf_p0774_panel_5.jpg",neutral,"EVE--CAN
YOU GET
AMBER HOME
TONIGHT 4",auto_ocr_sentiment,train
"Invincible, Vol. 1.pdf_p0265_panel_0.jpg",neutral,,auto_ocr_sentiment,train
"Invincible, Vol. 1.pdf_p1020_panel_3.jpg",neutral,,auto_ocr_sentiment,train
"Invincible, Vol. 1.pdf_p0345_panel_0.jpg",neutral,,auto_ocr_sentiment,train
"Invincible, Vol. 1.pdf_p0398_panel_4.jpg",neutral,,auto_ocr_sentiment,train
"Invincible, Vol. 1.pdf_p0614_panel_2.jpg",neutral,"THAT'S PEAN WINSLOW,
ACTUALLY--ANP NOW YOU

KNOW WHY TI RETIRED AS

PRINGIPAL. IT’S GOOD TO
SEE YOU BOYS--YES, EVEN
YOU WILLIAM, BUT LISTEN,
I was ABOUT TO GALL

 
 
 
     

  
 
 
 
 
  
  
   
  

  
       
       
   
   
 
  

PRINCIPAL
WINSLOW?
WHAT ARE
YOU DOING
HERE?

SCcEMS
THIS BOY,
RICK SHERIDAN,
HAS GONE MISSING.
HiS ROOMMATE SAID HE
KNEW YOU ANP I JUST
WANTED TO MAKE SURE
YOU HADNT SCEN HIM.",auto_ocr_sentiment,train
"Invincible, Vol. 1.pdf_p0954_panel_1.jpg",neutral,,auto_ocr_sentiment,train
"Invincible, Vol. 1.pdf_p1088_panel_2.jpg",neutral,,auto_ocr_sentiment,train
"Invincible, Vol. 1.pdf_p0471_panel_8.jpg",neutral,,auto_ocr_sentiment,train
"Invincible, Vol. 1.pdf_p0285_panel_0.jpg",neutral,,auto_ocr_sentiment,train
"Invincible, Vol. 1.pdf_p0225_panel_5.jpg",neutral,,auto_ocr_sentiment,train
"Invincible, Vol. 1.pdf_p0425_panel_3.jpg",neutral,,auto_ocr_sentiment,train
"Invincible, Vol. 1.pdf_p0387_panel_4.jpg",surprise,"OH, AND DIP YOU KNOW
HE DIDN’T KNOW I WAS
ATOM EVE 4 HE FOUND OUT
I COULD FLY LAST WEEK--
WE HAVEN’T SPENT A
NIGHT ON THE GROUND
SINCE THEN!",auto_ocr_sentiment,train
"Invincible, Vol. 1.pdf_p0149_panel_1.jpg",fear,"AREN’T YOU AFRAID OF
GETTING CAUGHT?
ESPECIALLY THIS EARLY
IN THE DAY...

   

Sd

 

 

Bey THERE /S NO DAY AND NIGHT... | jum
NOT SINCE THE MIDNIGHT | | |
, MAGICIAN SUCCEEDED IN J aan

HIS SUICIDE MISSION ;

THREE YEARS j

:

I
THOUGHT YOU
KNEW ABOUT
ALL THIS WHEN I
ASKED YOU TO
COME STAY

 

KNEW ALITTLE BIT AFTER IT HAPPENED,
ABOUT IT... BUT NOT ALL THE GOVERNMENT STARTED
HE DETAILS. WHAT PAYING PEOPLE TO LEAVE--
ABOUT COPS... WHAT COVERING MOVING EXPENSES
IF WE TRIV AN B ANP WHATNOT. THERE AREN’T
ALARM? MANY COPS LEFT EITHER.
: < ONLY PEOPLE HERE ARE THE
ONES THAT REFUSED TO
LEAVE AND PEOFLE LIKE
US WHO STAYED BEHIND
TO LOOT THE PLACE.
THERE’S ALMOST
NOBODY
LEFT...

in

ONLY
REAL THREAT
TO US IS PARKWING
AND HE CAN’T BE
EVERYWHERE.",auto_ocr_sentiment,train
"Invincible, Vol. 1.pdf_p0010_panel_5.jpg",neutral,,auto_ocr_sentiment,train
"Invincible, Vol. 1.pdf_p0940_panel_2.jpg",neutral,,auto_ocr_sentiment,train
"Invincible, Vol. 1.pdf_p0168_panel_0.jpg",anger,"YOU-- YOU
COWARD!

SHOW
YOURSELF!

YOU
MAY HAVE
CAUGHT THE
OTHERS BY
SURVRISE BUT
I WON’T BE SO

EASY... YOU
CAN’T HID]E

FROM Me
FOREVER.",auto_ocr_sentiment,train
"Invincible, Vol. 1.pdf_p0424_panel_4.jpg",neutral,"I
GUESS--
I THINK I'M
GOING TO

\ HAVE TO TELL
ys HER.
i

We’LL TALK ABOUT
Ff ITWHEN YOU GET BACK, *
NOW LISTEN--WE’RE GOING
TO LOSE RADIO CONTACT SOON,
SO PAY ATTENTION. THERE’S
SOMETHING I LEET OUT. THE

THEY’RE NOT
A VERY FRIENDLY
SVPECIES--BUT YOU
SHOULDN’T HAVE
TO WORRY ABOUT

=—b iba 2 tt as eames i eee",auto_ocr_sentiment,train
"Invincible, Vol. 1.pdf_p0846_panel_1.jpg",surprise,"OH, I ALMOST
FORGOT- YOUR
FRIEND PUNCAN
CALLED

 
  
 
   
   
   
 
 

 

OH MY GOD--
FIREBREATHER
CALLED 2! WHAT
DID HE WANT?!

WELL, IF
YOU HAP BEEN
HERE YOU COULD
HAVE ASKED

IM.",auto_ocr_sentiment,train
"Invincible, Vol. 1.pdf_p0628_panel_2.jpg",neutral,,auto_ocr_sentiment,train
"Invincible, Vol. 1.pdf_p0402_panel_0.jpg",neutral,,auto_ocr_sentiment,train
"Invincible, Vol. 1.pdf_p0124_panel_3.jpg",neutral,"IT COULP HAVE BEEN.
I WAS WITH THE GUA
OF THE GLOBE YESTE
PARKWING TOLD Mi
CAUGHT IT ON THE N
IN A FEW COUNTRIES
HE SAID ALL THEY |
WAS EYEWITNESS
ACCOUNTS... NO
FOOTAGE.",auto_ocr_sentiment,train
"Invincible, Vol. 1.pdf_p0733_panel_1.jpg",neutral,,auto_ocr_sentiment,train
"Invincible, Vol. 1.pdf_p0571_panel_2.jpg",fear,"+ VON'T KEALLY
KNOW WHAT TO TELL
YOU ON THAT FRONT.

THAT FABRIC WAS

SOLD TO ME AS .
UNRIPPABLE--IT WAS §
A GOVERNMENT |
CLOSEOUT--IT’S
VROBABLY

I MAPE THIS
ONE FROM A
DIFFERENT ROLL...
MAYBE THE ,
OTHER BATCH |
WAS BAD. ‘.

  
  
  
  
  
   
 
 
    
  

  
  
  
  
  
  

 
 
  

   
 

CMI TY 1 Waa.
Mya!

Mires",auto_ocr_sentiment,train
"Invincible, Vol. 1.pdf_p0881_panel_1.jpg",neutral,"WHATEVER I WANT |
AND I’M GOING TO .
ENJOY IT.

MOST OF MY .
CAPTIVES HAVE BEEN
TOO PRUNK OR INSANE

TO PROVIDE ME WITH
ANY AMUSEMENT--BUT

I THINK YOU’LL

SCREAM PLENTY.

1 ye
re",auto_ocr_sentiment,train
"Invincible, Vol. 1.pdf_p0342_panel_2.jpg",neutral,"WHAT'S
GOING ON,

CECIL?#

WE’VE GOT
A SITUATION.",auto_ocr_sentiment,train
"Invincible, Vol. 1.pdf_p0320_panel_7.jpg",neutral,,auto_ocr_sentiment,train
"Invincible, Vol. 1.pdf_p0129_panel_0.jpg",neutral,,auto_ocr_sentiment,train
"Invincible, Vol. 1.pdf_p0836_panel_1.jpg",anger,"OTHER .
_ nets ae YOU SHE TOLD ME ABOUT ALL
' SAW YOUR p “OF IT. EVERYTHING YOU
» FATHER... YEAH, ON TOLD HER AT LEAST.
} df’ THAT PLANET I \ YOU HOLD ANYTHING
| WENT TO. SHE BACK? ,
TOLD YOU ABOUT f
MY LITTLE f
BROTHER

SHE WAS REALLY NICE.
I ACTUALLY LIKEP
HER. I DION’T TELL",auto_ocr_sentiment,train
"Invincible, Vol. 1.pdf_p0389_panel_0.jpg",neutral,"NS

REALLY 4
COOL. NOW
THAT'S MORE
LIKE IT.",auto_ocr_sentiment,train
"Invincible, Vol. 1.pdf_p0072_panel_5.jpg",neutral,,auto_ocr_sentiment,train
"Invincible, Vol. 1.pdf_p0156_panel_2.jpg",anger,"YOU WILL KETURN
WITH ME TO THE OTHER
REALMS, WAR WOMAN.
YOUR PLACE IS NOT
AMONG THESE

  
  
    
  

IS WORRIED
ABOUT YOU.",auto_ocr_sentiment,train
"Invincible, Vol. 1.pdf_p0520_panel_6.jpg",neutral,,auto_ocr_sentiment,train
"Invincible, Vol. 1.pdf_p0624_panel_5.jpg",neutral,"BRIPGET,
THIS IS MY
BOYFRIEND,

MARK.",auto_ocr_sentiment,train
"Invincible, Vol. 1.pdf_p0537_panel_5.jpg",neutral,"HE TOLD Me ALL KINDS OF
THINGS. ALL ABOUT THE PLANET
HE CAME FROM, VILTRUM, AND
THE KIND OF PEOPLE THEY WERE.
HE TOLD ME ABOUT THE “WORLD J.
BETTERMENT COMMITTEE.”

THEY WERE FORMEP TO
BRING WORLDS UP TO
VILTRUM’S STANDARD OF
PERFECTION. THEY WERE
THE GOOD GUYS.

MY PAD WAS ON SOME KIND
OF WATCH DUTY WHEN HE
SPOTTED EARTH--STUDIED

IT AND FELL IN LOVE WITH IT.

WHEN THE VILTRUMITES
PECIDED EARTH WAS TOO

REMOTE ANP UNPEVELOVED

FOR THEM TO WASTE THEIR
TIME IMPROVING, HE QUIT.

ANP CAME
TO EARTH
TO LIVE.",auto_ocr_sentiment,train
"Invincible, Vol. 1.pdf_p0006_panel_1.jpg",neutral,,auto_ocr_sentiment,train
"Invincible, Vol. 1.pdf_p0607_panel_3.jpg",fear,"WELL--I1’S STILL

CAPTION COMICS’

HIGHEST SELLER,

ANP THEY'RE STILL
TALKING ABOUT

DOING A SEGUEL TO
THE MOVIE EVEN

THOUGH IT’S BEEN

A FEW YEARS
SINCE THE LAST ZI
ONE.

     
  
  

   
   

 
 

MENTION THE
FACT THAT IT’S
A GREAT BO00K",auto_ocr_sentiment,train
"Invincible, Vol. 1.pdf_p0072_panel_6.jpg",neutral,,auto_ocr_sentiment,train
"Invincible, Vol. 1.pdf_p0686_panel_2.jpg",neutral,,auto_ocr_sentiment,train
"Invincible, Vol. 1.pdf_p0390_panel_0.jpg",neutral,".\
a8 | S",auto_ocr_sentiment,train
"Invincible, Vol. 1.pdf_p0525_panel_3.jpg",surprise,"KNOW,

@ IS ABOUT
£ ME. IT

E TOO, IF
ERO HADN'T
ANP SAVED",auto_ocr_sentiment,train
"Invincible, Vol. 1.pdf_p0874_panel_4.jpg",neutral,"5
We s
TON
Fly
=r 2
Nt

wa",auto_ocr_sentiment,train
"Invincible, Vol. 1.pdf_p0539_panel_4.jpg",neutral,,auto_ocr_sentiment,train
"Invincible, Vol. 1.pdf_p0653_panel_0.jpg",neutral,,auto_ocr_sentiment,train
"Invincible, Vol. 1.pdf_p0434_panel_1.jpg",neutral,,auto_ocr_sentiment,train
"Invincible, Vol. 1.pdf_p0331_panel_0.jpg",neutral,,auto_ocr_sentiment,train
"Invincible, Vol. 1.pdf_p0835_panel_10.jpg",neutral,,auto_ocr_sentiment,train
"Invincible, Vol. 1.pdf_p0834_panel_4.jpg",neutral,"0, ITS OKAY,
I NEEPED A
BREAK ANP
I’M ALWAYS

DON’T GET
TO TALK AS
MUCH AS
I’D LIKE.",auto_ocr_sentiment,train
"Invincible, Vol. 1.pdf_p0041_panel_0.jpg",disgust,"Treats ,
3 | (Ui Saye
A OS d) ‘ ‘ Kf a o

UN
TTT TOR | f

¥

;
:
F",auto_ocr_sentiment,train
"Invincible, Vol. 1.pdf_p0425_panel_0.jpg",neutral,,auto_ocr_sentiment,train
"Invincible, Vol. 1.pdf_p0232_panel_2.jpg",neutral,"ACTUALLY, ALOT
E TIMES... I’LL JUST
EUSE ART THAT I’VE
LREAPY DONE OVER
ND OVER. IT’S GOOD

FOR PRAMATIC

PAUSES AND WHEN
STUFF DOESN’T
REALLY CHANGE

MUCH FROM
PANEL TO
PANEL.

 
 
 
 
 
 
 
 
 
 
 
 
  
 

MOST
PEOPLE
ON’ T EVEN

NOTICE.",auto_ocr_sentiment,train
"Invincible, Vol. 1.pdf_p0988_panel_3.jpg",fear,"PEFEATED?!
THEY THOUGHT WE
WERE PEFEATEP?!

FOOLISH SOLIDS. WE MAY
BE SEPARATE

  
      

        
 

   
  
 

THE a : FROM THE OTHERS--
SEQUIDS ; on: NO LONGER ABLE TO
CANNOT BE a . ESTABLISH CONTAGT--
DEFEATED--THE nal ) BUT WE WILL BUILD
ONE-MIND NEVER Te OUR OWN ARMY--
DIES--TIME HOLDS ff HERE. IT MAY TAKE

   

NO MEANING FOR US MANY--MANY

YEARS--

wie

BUT WE SEQUIDS
WILL TAKE CONTROL
OF THIS PLANET--
AND EVERY LIVING
THING THAT CALLS

IT HOME.",auto_ocr_sentiment,train
"Invincible, Vol. 1.pdf_p0517_panel_6.jpg",neutral,"(
Ce

—e
Cc

—~

~
\

l ¢

Jee
CEE Re",auto_ocr_sentiment,train
"Invincible, Vol. 1.pdf_p0011_panel_1.jpg",neutral,"I HAD
A VPRETTY
INTERESTING
DAY--",auto_ocr_sentiment,train
"Invincible, Vol. 1.pdf_p0413_panel_4.jpg",neutral,,auto_ocr_sentiment,train
"Invincible, Vol. 1.pdf_p0086_panel_1.jpg",neutral,,auto_ocr_sentiment,train
"Invincible, Vol. 1.pdf_p1010_panel_1.jpg",neutral,"THIS IS AN
IMPROVEMENT SN
REALLY--l'D THANK |

- THAT LIZARD LEAGUE —— —
. OON--IF HE —” —s« WHAT ARE
o SN. iit PEAD. YOU DOING HERE,
ANYWAY? I NEVER
NU =

REALLY EXPECTED
WELL,
vouner, gut rus

YOU TO VISIT.
NEW HAND 1S
PRETTY COOL--IT
FIRES PROJECTILES
AFTER I CHARGE
THEM UP. IT’S GOT
\ MUCH MORE RANGE
THAN JUST
THROWING
THINGS.",auto_ocr_sentiment,train
"Invincible, Vol. 1.pdf_p0406_panel_2.jpg",neutral,,auto_ocr_sentiment,train
"Invincible, Vol. 1.pdf_p0787_panel_4.jpg",neutral,,auto_ocr_sentiment,train
"Invincible, Vol. 1.pdf_p1057_panel_3.jpg",anger,"OH, HELLO, YOU
MUST BE MARK.
I’M APRIL. I DON’T
BELIEVE WE’VE
ACTUALLY MET, I HEAR SO

HAVE WE? I 0
pontine we (vet agouT vou
HAVE. I ALREADY KNOW

4 YOU. BETWEEN
OLIVER ANP DEBBIE
IT’S LICE SOMEONE
IS CONSTANTLY
TALKING ABOUT
YOU.",auto_ocr_sentiment,train
"Invincible, Vol. 1.pdf_p0936_panel_1.jpg",neutral,"\e 3 i g
S = aa =e > 5
[a .
TTT TLS - NS é

Pp
’ ~* nm °
“ | ; ,
? oa ff) %: f - ww
| VAY) Ante

LL aie
VON Nee WH
aC RS
EL S

he ce Ey Sy",auto_ocr_sentiment,train
"Invincible, Vol. 1.pdf_p0719_panel_6.jpg",neutral,,auto_ocr_sentiment,train
"Invincible, Vol. 1.pdf_p0978_panel_0.jpg",neutral,"Py

SS
Et, BS
El LAr, SY ;",auto_ocr_sentiment,train
"Invincible, Vol. 1.pdf_p0189_panel_4.jpg",neutral,"Se
SLE
1

SZ

Oe OT Pe Ach et

<8

Ss
Ss

,

\.-*
=

XR

a

x See
£ eo .
if -

\ wa OL""
\ .

nt

\ . A

4

Ce
=

x
ee
.

CxS

SS
>

RASS",auto_ocr_sentiment,train
"Invincible, Vol. 1.pdf_p0530_panel_8.jpg",neutral,"YOU'RE NOT SAYING
THIS TO GET OFF
THE HOOK FOR

ABANDONING ME ON

CAMPUS ARE

YOU?",auto_ocr_sentiment,train
"Invincible, Vol. 1.pdf_p0618_panel_4.jpg",neutral,"DON’T BE SO HARD

ON YOURSELF, Rex. |

YOU'RE NOTABAD 4
PERSON. 4

YOU
MAKE
MISTAKES--
YOU ALL
po.",auto_ocr_sentiment,train
"Invincible, Vol. 1.pdf_p0645_panel_3.jpg",neutral,"tL
20
a
t
W
no
Hi
9
HE

5
9
3
<q",auto_ocr_sentiment,train
"Invincible, Vol. 1.pdf_p0118_panel_0.jpg",neutral,"yyy TT TG
ll",auto_ocr_sentiment,train
"Invincible, Vol. 1.pdf_p0299_panel_0.jpg",anger,AL FTF wualhAm FERRE EEE EET Gm F411 WAlA DS 992 Qe,auto_ocr_sentiment,train
"Invincible, Vol. 1.pdf_p0282_panel_0.jpg",anger,"I WON’T LET YOU
ENSLAVE THESE
E. DAD

PEOPLE. PAP,
THIS ISN’T
RIGHT.",auto_ocr_sentiment,train
"Invincible, Vol. 1.pdf_p0884_panel_4.jpg",anger,"LISTEN, SIK. MY FATHER IS SI
THERE-- IN THE KNICKS SWEAT
TO HIS FRIENDS. He GAVE Me T
SENT ME OVER HERE WITH MY G
GOULD FEEL INPEPENPENT
EMBARRASSED BY THE FACT
\. OLD ENOUGH TO SEE THIS MO
HIM THERE TO COV’

MY EYES.",auto_ocr_sentiment,train
"Invincible, Vol. 1.pdf_p0867_panel_2.jpg",fear,"CKAP. He WANTS TO MEET
WITH ME IN HIS OFFICE TO
ISCUSS MY ATTENDANCE.
CRAP.

   
    
  
 
 
    
   
   

TODAY? NOT
MUCH. I DON’T HAVE A
“LASS UNTIL NOON, SO I’M
SOING TO READ MORE IN MY
AD'S BOOKS. THEN I’LL GET
ACK ON THEM TONIGHT AFTER
CLASS. I’M TRYING TO GET
THROUGH HIS BOOKS
AS QUICKLY AS
POSSIBLE.",auto_ocr_sentiment,train
"Invincible, Vol. 1.pdf_p0089_panel_3.jpg",neutral,"L VION'T EXPECT TO Gl

QUITE THIS EARLY,
CERTAINLY EXPECTE!
CONVENTIONAL AU""
WHEN The jie",auto_ocr_sentiment,train
"Invincible, Vol. 1.pdf_p0045_panel_2.jpg",fear,"NEEV THOSE VKOCESSOKS,
WE'RE NOT GOING TO HAVE
ENOUGH TO POWER THE
KOBOTS WITHOUT THAT

NEW SHIPMENT. ;

   
   
     
   

eee ee eee eS",auto_ocr_sentiment,train
"Invincible, Vol. 1.pdf_p0214_panel_5.jpg",neutral,"NOTHING’S
GOING

w
<q
m4 ys
=
ov",auto_ocr_sentiment,train
"Invincible, Vol. 1.pdf_p0203_panel_2.jpg",neutral,,auto_ocr_sentiment,train
"Invincible, Vol. 1.pdf_p0879_panel_5.jpg",neutral,,auto_ocr_sentiment,train
"Invincible, Vol. 1.pdf_p0589_panel_1.jpg",neutral,"TELL Me
OF THIS BOY--
THE ONE WHO
INTERFERED--
CAUSED THE
ACCIDENT--ANP MY
DISFIGUREMENT.",auto_ocr_sentiment,train
"Invincible, Vol. 1.pdf_p0451_panel_1.jpg",surprise,"THE
GUARDIANS
ARE A FINE GIG,
iT I DOUBT THEY’RE
LOOKING TO HIRE
SOMEONE LIKE
ME... BESIDES,
HEY REALLY EARN
THAT MONEY, YOU
KNOW WHAT I’M
SAYIN’?",auto_ocr_sentiment,train
"Invincible, Vol. 1.pdf_p0348_panel_0.jpg",neutral,"i _

A A r ye 7""

ee WS
po gc

C4 re
Ty TA
ri a

ATA

aA

ee

Bae
AAA
cA ee

Tr

La
4

We |
AN
(\\

LA
AARC

V3",auto_ocr_sentiment,train
"Invincible, Vol. 1.pdf_p0109_panel_2.jpg",neutral,,auto_ocr_sentiment,train
"Invincible, Vol. 1.pdf_p0328_panel_0.jpg",neutral,"-
-

ie",auto_ocr_sentiment,train
"Invincible, Vol. 1.pdf_p0366_panel_5.jpg",neutral,,auto_ocr_sentiment,train
"Invincible, Vol. 1.pdf_p0326_panel_7.jpg",neutral,,auto_ocr_sentiment,train
"Invincible, Vol. 1.pdf_p0495_panel_6.jpg",fear,"CAN I SPEAK
WITH CECIL
DIRECTLY2
[| Ye

 

 
    
     

UNFORTUNATELY,

HE’S IN THE MIDDLE

OF SOMETHING
PIGUT NOW.",auto_ocr_sentiment,train
"Invincible, Vol. 1.pdf_p0958_panel_4.jpg",neutral,,auto_ocr_sentiment,train
"Invincible, Vol. 1.pdf_p0320_panel_6.jpg",neutral,"WE JUST GOT
TAXPAYERS FI
DOLLARS EVER
USE IT BUT
HAD TOT",auto_ocr_sentiment,train
"Invincible, Vol. 1.pdf_p0141_panel_0.jpg",surprise,"Ee
WAS LUNGING
RIGHT AT

I DON’T
THINK SO... T
THINK WE WERE
ALL JUST IN
HIS WAY,

IS
EVERYONE
ALRIGHT?",auto_ocr_sentiment,train
"Invincible, Vol. 1.pdf_p0877_panel_0.jpg",neutral,,auto_ocr_sentiment,train
"Invincible, Vol. 1.pdf_p0408_panel_6.jpg",neutral,"HIS GUY NEED

[Hes HOW LONG
THINK HE CAN
HIS BREATH?",auto_ocr_sentiment,train
"Invincible, Vol. 1.pdf_p0495_panel_3.jpg",fear,"QUITE THE OPPOSITE, ACTUALLY,
r SHE’S GETTING YOUNGER BY

     

THE DAY. THE REST OF THE TEAM

CAN’T SEE IT, BUT MY SENSORS

ARE QUITE ADVANCED AND

I PETECT THE CHANGES
IN HER.

 
      
     
     
   
     
   
     
   
  
 

HER
CONDITION

IS ONLY GOING TO
WORSEN WITH EVERY
USE OF HER POWER. TI
KNOW SHE WOULDN’T
HAVE IT BUT I’M MOVING
FOR ALEAVE OF ABSENCE

FOR HER...AT LEAST
UNTIL WE CAN FIGURE
SOMETHING
OUT.

 
 
   
   
   
   

WEREN’T YOU
DOING SOMETHING TO
SOLVE HER PROBLEM?
WHAT KIND OF PROGRESS
HAVE YOU MADE WITH THATS]",auto_ocr_sentiment,train
"Invincible, Vol. 1.pdf_p0993_panel_3.jpg",anger,"ARK-- D
THE ASTRONAUTS TO LET
THEM KNOW--TI NEED
YOU DOWN HERE FORA
MOMENT. I’LL Give YOu ,
DIRECTIONS EN ROUTE.

IT’S A BIG",auto_ocr_sentiment,train
"Invincible, Vol. 1.pdf_p0114_panel_1.jpg",anger,"OKAY, NOW
I’M JUST MORE
CONFUSED.

CHAMPION
EVALUATION
OFFICER?",auto_ocr_sentiment,train
"Invincible, Vol. 1.pdf_p0643_panel_3.jpg",neutral,,auto_ocr_sentiment,train
"Invincible, Vol. 1.pdf_p0572_panel_3.jpg",neutral,,auto_ocr_sentiment,train
"Invincible, Vol. 1.pdf_p1038_panel_0.jpg",neutral,"MARK
GRAYSON.

YOU WILL
COME WITH",auto_ocr_sentiment,train
"Invincible, Vol. 1.pdf_p0131_panel_0.jpg",neutral,"HI, I’M MRS. THATCHER.
I’M THE ORIENTATION
OFFICER HERE AT UPSTATE
UNIVERSITY. YOU MUST
Be MARK AND
WILLIAM--

ALRIGHT
E THEN. WELL, LET’S
. GET STARTED, I’ve

Ye GOT TO PASS YOU
AM. Oce To MY ASSISTANT

y—",auto_ocr_sentiment,train
"Invincible, Vol. 1.pdf_p1101_panel_2.jpg",neutral,,auto_ocr_sentiment,train
"Invincible, Vol. 1.pdf_p0434_panel_2.jpg",neutral,"PRIME. HE WILL ANSWER
YOUR QUESTIONS, OR
HE WILL NOT.",auto_ocr_sentiment,train
"Invincible, Vol. 1.pdf_p0927_panel_4.jpg",neutral,"ACTUALLY,

SIR... I THINK

 

I KNOW
EVERYTHING.",auto_ocr_sentiment,train
"Invincible, Vol. 1.pdf_p0500_panel_1.jpg",neutral,"VCR SE Wi)
YES, ANGSTROM, I hn corey hy yy
HAVE NEWS. GOOP Sab ty\ }
NEWS. MY CLONE AND | ‘ 4 BAN
I ARE PONE. WE HAVE 5 ~ PF
BUT A FEW MINOR
COMPONENTS TO GET
TONIGHT AND THEN

\ at
WE'LL BE KEADY \ A 2p
TO START THE maroc \\ eA Ra

PROCEDURE. A PRA | AL

WE a BR a ;
RAN OUT OF elias hon Py]
TRANSISTORS es Pa "" ad
AND NEED AFE iY
MORE BEFORE We (ee N *
CAN LINK ALL THE | \ ae ene
MACHINES IN {JR *%O4 wa hae RN OG
THE VARIOUS §=AS A mA OE
L 3 DIMENSIONS. newt os) tl
} = Se oa le
te Y D J, r"" = A |
um
) : C
| _ RIV eon
: - = yi CA . S _ , | nl
_ — 5 ob vom",auto_ocr_sentiment,train
"Invincible, Vol. 1.pdf_p0952_panel_1.jpg",neutral,"we ;
RANSOMING %
THIS STUFF OFF? Y
WE STEALING IT?
YOU WANT TO

THREATEN TOFIRE @
THESE BABIES INTO _
NEW YORK 4",auto_ocr_sentiment,train
"Invincible, Vol. 1.pdf_p0322_panel_3.jpg",neutral,"TRUST ME...
I HAVE SOME
THINGS T’D LIKE

TO GET OFF MY
CHEST BUT",auto_ocr_sentiment,train
"Invincible, Vol. 1.pdf_p0528_panel_10.jpg",neutral,,auto_ocr_sentiment,train
"Invincible, Vol. 1.pdf_p0085_panel_1.jpg",neutral,"| C) pve xe
ela

 

TW We \
\ 1 : | V,
Sa Hn 0} \| — \",auto_ocr_sentiment,train
"Invincible, Vol. 1.pdf_p0818_panel_3.jpg",neutral,,auto_ocr_sentiment,train
"Invincible, Vol. 1.pdf_p0546_panel_5.jpg",neutral,"en HOW PO
= YOU GET THIS",auto_ocr_sentiment,train
"Invincible, Vol. 1.pdf_p0341_panel_1.jpg",anger,"THERE
YOU Are!

AMBER!
YOU’RE GOING
TO BE LATE IF

YOU DON’T

HURRY.",auto_ocr_sentiment,train
"Invincible, Vol. 1.pdf_p0364_panel_0.jpg",neutral,,auto_ocr_sentiment,train
"Invincible, Vol. 1.pdf_p0613_panel_3.jpg",neutral,,auto_ocr_sentiment,train
"Invincible, Vol. 1.pdf_p0258_panel_0.jpg",neutral,,auto_ocr_sentiment,train
"Invincible, Vol. 1.pdf_p0682_panel_3.jpg",surprise,"I WAS IN A GOMA FoR
AFEW MONTHS. YOU
NEVER VISITED Me. I

ASKED AROUND. I
KNOW YOU DON’T Give
A PAMN ABOUT ANY
OF US ON THIS TEAM.

NEVER DIP. ,",auto_ocr_sentiment,train
"Invincible, Vol. 1.pdf_p0915_panel_8.jpg",neutral,FRIENDS2,auto_ocr_sentiment,train
"Invincible, Vol. 1.pdf_p0314_panel_5.jpg",neutral,,auto_ocr_sentiment,train
"Invincible, Vol. 1.pdf_p0718_panel_2.jpg",neutral,"LOOK AT ME,
MARK. WHAT
DO YOU THINK
I WANT TO
TALK TO YOU

T2",auto_ocr_sentiment,train
"Invincible, Vol. 1.pdf_p0618_panel_0.jpg",anger,"IT WAS KATE--WITH
THE IMMORTAL...AND
THERE WAS MORE THAN

ONE OF HER!

I--L
COULPN’T
EVEN STAND
WHEN T SAW
IT...1T WAS
HORRIFIC.",auto_ocr_sentiment,train
"Invincible, Vol. 1.pdf_p0815_panel_1.jpg",surprise,"YOU'RE
FAST--YOU’RE
MA",auto_ocr_sentiment,train
"Invincible, Vol. 1.pdf_p0884_panel_2.jpg",neutral,"VERT FUNNT , KIVS.
YOU SURE YOU DON’T
WANT TO SEE RAINBOW

 
 
  

XTREMEF SLAUGHTER
IS AN R RATEP
MOVIE. YOU KIDS
AIN’T GETTING IN
WITHOUT A PARENT
OR LEGAL
GUARDIAN.
THEN’S THE

            
  

Le) x",auto_ocr_sentiment,train
"Invincible, Vol. 1.pdf_p0095_panel_6.jpg",neutral,,auto_ocr_sentiment,train
"Invincible, Vol. 1.pdf_p0053_panel_2.jpg",surprise,"YOU
KNOW I’M
DATING REX,
RIGHT2",auto_ocr_sentiment,train
"Invincible, Vol. 1.pdf_p1037_panel_6.jpg",neutral,,auto_ocr_sentiment,train
"Invincible, Vol. 1.pdf_p0934_panel_0.jpg",neutral,"WHERE POI GO?
WHO BO IT PUNCH?
JUST POINT ME
. IN THE RIGHT
ie DIRECTION.

_—-—<—s

P GLA
-/ TO SEE YOU
COULD MAKE [T.
NOT THE TIME TO
BE TAKING
YOUR TIME,
_ KID.",auto_ocr_sentiment,train
"Invincible, Vol. 1.pdf_p0398_panel_2.jpg",neutral,": ae = yD
BT |

te",auto_ocr_sentiment,train
"Invincible, Vol. 1.pdf_p0717_panel_8.jpg",neutral,"| LY

 

OR
ra\c",auto_ocr_sentiment,train
"Invincible, Vol. 1.pdf_p0041_panel_2.jpg",sadness,"SORRY,
THERE WASN’T
A PHONE BOOTH

HANDY.",auto_ocr_sentiment,train
"Invincible, Vol. 1.pdf_p0016_panel_1.jpg",fear,"WHAT IN GOD’S
AME ARE YOU
bh WEARING?

AND
ISN’T ITA
BIT EARLY TO
Be DOING THIS?
YOU’VE HAD YOUR
POWERS FOR

 

TWO WEEKS, ACTUALLY. I’M STILL
GETTING THE HANG OF IT. I’ve

BEEN WEARING THIS WHEN Tf
PRACTICE FLYING SO PEOPLE
WON’T RECOGNIZE ME. I
SPOTTED THESE GUYS
ANP JUST COULDN’T
LET THEM GET
AWAY.

 
 
 
 
 
 
 
 
   

WELL, I
CAN’T HAVE YOU
RUNNING AROUND

LOOKING THAT
RIDICULOUS.

IT
SOUNDS LIKE
THE POLICE ARE

HERE TO PICK UP
THESE SLEEPING
BEAUTIES, SO
COME ON.",auto_ocr_sentiment,train
"Invincible, Vol. 1.pdf_p0188_panel_2.jpg",neutral,,auto_ocr_sentiment,train
"Invincible, Vol. 1.pdf_p0517_panel_5.jpg",neutral,,auto_ocr_sentiment,train
"Invincible, Vol. 1.pdf_p0993_panel_0.jpg",neutral,,auto_ocr_sentiment,train
"Invincible, Vol. 1.pdf_p0773_panel_4.jpg",neutral,"> P EV. -—— ,
PLEASE--YOU’VE
GOT TO COME BACK

TO SCHOOL WITH ME.
YOU COULD LIVE IN
MY DORM--ATTEND
SOME CLASSES--

MAKE FOOD FOR ME.
YOU NEED TO GO
TO COLLEGE STILL,
, T?",auto_ocr_sentiment,train
"Invincible, Vol. 1.pdf_p0943_panel_0.jpg",neutral,,auto_ocr_sentiment,train
"Invincible, Vol. 1.pdf_p0125_panel_7.jpg",surprise,"HEY!
NO FLYING HOW
IN THE MANY TIMES
HOUSE! PO f HAVE
TO TELL YOU
Two?!",auto_ocr_sentiment,train
"Invincible, Vol. 1.pdf_p0787_panel_2.jpg",fear,"ARE YOU SURE YOU XX
DON’T WANT TO TALK2
I COULD USE THE
COMPANY.

      
    

OH,

Wy FORGET IT--

IT’S BEEN LONG
ENOUGH.",auto_ocr_sentiment,train
"Invincible, Vol. 1.pdf_p0271_panel_2.jpg",neutral,,auto_ocr_sentiment,train
"Invincible, Vol. 1.pdf_p0759_panel_3.jpg",neutral,"SURE... BUT
STAY THERE,
I’LL GO DOWN
AND GET
SOME.",auto_ocr_sentiment,train
"Invincible, Vol. 1.pdf_p0208_panel_4.jpg",surprise,OR SOMETHING?!,auto_ocr_sentiment,train
"Invincible, Vol. 1.pdf_p0082_panel_3.jpg",neutral,"Q WORLD OVER THE NEXT
TWO WEEKS, SO I HOPE
YOU ENJOYED THAT.
NOW, IF YOU’LL TURN
YOUR BOOKS TO PAGE

LE
sr THREE-NINETEEN,
OA ILL GO OVER YOUR
A\ HOMEWORK FOR
aN TONIGHT...
I :
cA MITT L

  
  

 

 
   
 
  
 
 
  

  
 

THIS
IS JUST
ONE OF MANY
FABLES FROM THE
ANCIENT MAYAN
CIVILIZATION. WE’LL
Be STUDYING FABLES
FROM AROUND THE",auto_ocr_sentiment,train
"Invincible, Vol. 1.pdf_p0528_panel_9.jpg",surprise,"WHAT? DID
YOU THINK WE
WERE GOING",auto_ocr_sentiment,train
"Invincible, Vol. 1.pdf_p0660_panel_6.jpg",neutral,,auto_ocr_sentiment,train
"Invincible, Vol. 1.pdf_p0775_panel_2.jpg",neutral,,auto_ocr_sentiment,train
"Invincible, Vol. 1.pdf_p0912_panel_3.jpg",neutral,"An, CUT TT WAS

THE TWINKLE IN

YOUR EYE THAT
GAVE Y",auto_ocr_sentiment,train
"Invincible, Vol. 1.pdf_p0207_panel_2.jpg",neutral,,auto_ocr_sentiment,train
"Invincible, Vol. 1.pdf_p0957_panel_3.jpg",neutral,"WEe’VE GOT TO

TALE THIS TIME TO
REGROUP--THERE’S
NO TIME TO KILL
THEM ALL/ WE NEED
TO COME UP WITH
ANOTHER PLANI//",auto_ocr_sentiment,train
"Invincible, Vol. 1.pdf_p1057_panel_4.jpg",neutral,,auto_ocr_sentiment,train
"Invincible, Vol. 1.pdf_p0930_panel_3.jpg",neutral,,auto_ocr_sentiment,train
"Invincible, Vol. 1.pdf_p0835_panel_7.jpg",neutral,,auto_ocr_sentiment,train
"Invincible, Vol. 1.pdf_p0237_panel_4.jpg",anger,"I} WAS SHOKILY ArlTeEK
THE MONSTER WAS
DEFEATED THAT
OMNI-MAN , DEFENDER
OF PEMOCRACY, WAS
ATTACKED BY WHAT
EYE-WITNESSES ARE
DESCRIBING AS THE
RECENTLY DECEASED
& es GUARPIANS OF THE
Srp GLOBE MEMBER

re THE IMMORTAL.",auto_ocr_sentiment,train
"Invincible, Vol. 1.pdf_p0555_panel_4.jpg",neutral,"THE HIGH COUNCIL CONSISTS OF
ELECTED REPRESENTATIVES FROM ALL
THE PLANETS IN THE COALITION.",auto_ocr_sentiment,train
"Invincible, Vol. 1.pdf_p0129_panel_1.jpg",neutral,"YOUR

ee),
a
J)

 

7
r
,
‘
/
c Le
,
Z ‘5",auto_ocr_sentiment,train
"Invincible, Vol. 1.pdf_p0385_panel_1.jpg",neutral,,auto_ocr_sentiment,train
"Invincible, Vol. 1.pdf_p1106_panel_3.jpg",neutral,"“WHICH ONE PO YOU
THINK IS THE REAL
VERSION OF OUR
FATHER?”

Te: =

=a a ay
AE",auto_ocr_sentiment,train
"Invincible, Vol. 1.pdf_p1065_panel_9.jpg",surprise,"YEAH, BUT... "" LAVVKECIATE
NOT TONIGHT, THAT YOU HAVEN'T
MAN. REALLY ASKED ME
INA LONG TIME, BUT

S JUST DON’T FEEL
LIKE CARRYING
YOU AROUND
TONIGHT.

wt

—|",auto_ocr_sentiment,train
"Invincible, Vol. 1.pdf_p0523_panel_9.jpg",neutral,,auto_ocr_sentiment,train
"Invincible, Vol. 1.pdf_p0658_panel_2.jpg",neutral,,auto_ocr_sentiment,train
"Invincible, Vol. 1.pdf_p0788_panel_4.jpg",fear,"YOU $0 MUCH AS THINK
ABOUT MOVING ANP THEY
GO THROUGH A PORTAL
IN THE FLOOR
BELOW THEM.

 

I’VE GOT
A REALITY ALL

   

 
 
 
 

   
    

PICKER OUT--A
ial METEOR HIT THE |
7 Tay | EARTH NEAR HEKE-- FF Sane

a ai
\ ABOUT Si [
D LOWER THAN IT weer
.  ISHERE. 4
™~ A CERTAINLY
a KILL THEM.

\",auto_ocr_sentiment,train
"Invincible, Vol. 1.pdf_p0743_panel_4.jpg",neutral,,auto_ocr_sentiment,train
"Invincible, Vol. 1.pdf_p0088_panel_5.jpg",neutral,,auto_ocr_sentiment,train
"Invincible, Vol. 1.pdf_p0685_panel_9.jpg",neutral,,auto_ocr_sentiment,train
"Invincible, Vol. 1.pdf_p1064_panel_0.jpg",neutral,,auto_ocr_sentiment,train
"Invincible, Vol. 1.pdf_p0717_panel_7.jpg",neutral,"OUT OF IT SOME
WAY.",auto_ocr_sentiment,train
"Invincible, Vol. 1.pdf_p0276_panel_2.jpg",neutral,,auto_ocr_sentiment,train
"Invincible, Vol. 1.pdf_p0390_panel_4.jpg",neutral,"SORKY TO
BE SO CRYPTIC.
EVERYTHING
WILL BE MADE
CLEAR TO YOU
IN TIME.",auto_ocr_sentiment,train
"Invincible, Vol. 1.pdf_p1107_panel_1.jpg",surprise,"I KNEW THIS WAS A ¥
BAD IDEA. THIS IS
GETTING WORSE BY
THE SECOND--
BAD IDEA.

nn

      
 
     
   
 

YOU GUYS?!
WHERE HAVE
YOU BEEN?",auto_ocr_sentiment,train
"Invincible, Vol. 1.pdf_p0426_panel_2.jpg",neutral,"“se

ee",auto_ocr_sentiment,train
"Invincible, Vol. 1.pdf_p0502_panel_0.jpg",anger,"ASSISTANT #
YOU MEAN
“SIDEKICK 2”",auto_ocr_sentiment,train
"Invincible, Vol. 1.pdf_p0972_panel_0.jpg",surprise,"SOMEONE WANT TO
TAKE THIS THING?!
HE SAYS YOU JUST
NEED TO GET CLOSE
TO HIM AN? PRESS
THE BUTTON.",auto_ocr_sentiment,train
"Invincible, Vol. 1.pdf_p0589_panel_4.jpg",neutral,"AEMBER IT
? INSTRUCTED",auto_ocr_sentiment,train
"Invincible, Vol. 1.pdf_p0337_panel_3.jpg",neutral,,auto_ocr_sentiment,train
"Invincible, Vol. 1.pdf_p0759_panel_5.jpg",neutral,,auto_ocr_sentiment,train
"Invincible, Vol. 1.pdf_p0573_panel_5.jpg",neutral,,auto_ocr_sentiment,train
"Invincible, Vol. 1.pdf_p0940_panel_3.jpg",anger,"DON'T HAVE ENOUG
ON HAND TO WITHS
FORCES! BY TH
REINFORCEMENTS
SENT OUT WE wil
ALREADY SECI

THE SITE.

MATTER OF
MINUTES We’
HAVE COMPLE
CONTROL OF Ti
SILO--IN A MAT
OF MINUTES-",auto_ocr_sentiment,train
"Invincible, Vol. 1.pdf_p0518_panel_6.jpg",neutral,,auto_ocr_sentiment,train
"Invincible, Vol. 1.pdf_p0024_panel_1.jpg",neutral,,auto_ocr_sentiment,train
"Invincible, Vol. 1.pdf_p0023_panel_1.jpg",neutral,"\

a |
Ti
VY ar ie r

—

oa f
e ° . ° sy : a
a
x: \\
fener Je 2 » ; \
eae

q i
ad",auto_ocr_sentiment,train
"Invincible, Vol. 1.pdf_p0981_panel_4.jpg",surprise,"YEAH, UH...
YOU THOUGHT
YOU WERE
KISSING ME AND
LI THOUGHT I WAS

KISSING YOU.",auto_ocr_sentiment,train
"Invincible, Vol. 1.pdf_p0178_panel_2.jpg",neutral,,auto_ocr_sentiment,train
"Invincible, Vol. 1.pdf_p0143_panel_0.jpg",neutral,,auto_ocr_sentiment,train
"Invincible, Vol. 1.pdf_p0234_panel_5.jpg",neutral,,auto_ocr_sentiment,train
"Invincible, Vol. 1.pdf_p0407_panel_1.jpg",anger,"NOTHING
MAJOR. We've
GOT A SUPER-VILLAIN
IN MANHATTAN TEARING
STUFF APART. A CAPES
CREW IS ALREADY ON THE
SCENE BUT WITH THE REPAIRS
BEING DONE AFTER THE
INVASION I THOUGHT I’P
CALL YOU IN TO KEEP
THE DAMAGE AT A
MINIMUM.",auto_ocr_sentiment,train
"Invincible, Vol. 1.pdf_p1098_panel_4.jpg",neutral,,auto_ocr_sentiment,train
"Invincible, Vol. 1.pdf_p0460_panel_1.jpg",neutral,">
yr
A

\

A
ti,

4
°
= Why , i
\ f .
S

me",auto_ocr_sentiment,train
"Invincible, Vol. 1.pdf_p0100_panel_2.jpg",neutral,,auto_ocr_sentiment,train
"Invincible, Vol. 1.pdf_p0710_panel_0.jpg",neutral,"SOME TIME
LATER.

i S\.
ae I",auto_ocr_sentiment,train
"Invincible, Vol. 1.pdf_p0982_panel_8.jpg",neutral,‘||,auto_ocr_sentiment,train
"Invincible, Vol. 1.pdf_p1065_panel_8.jpg",neutral,,auto_ocr_sentiment,train
"Invincible, Vol. 1.pdf_p0278_panel_2.jpg",neutral,,auto_ocr_sentiment,train
"Invincible, Vol. 1.pdf_p0731_panel_2.jpg",neutral,,auto_ocr_sentiment,train
"Invincible, Vol. 1.pdf_p1102_panel_0.jpg",neutral,"UTAH, THE ROCKY MOUNTAIN
BASE OF THE GUARPIANS OF
} THE GLOBE. |",auto_ocr_sentiment,train
"Invincible, Vol. 1.pdf_p0524_panel_3.jpg",neutral,"I AM STILL HARD AT
WORK ON A SOLUTION
TO YOUR CONDITION.
I THINK I MAY HAVE
FOUND ONE,
ALTHOUGH IT’S
. TEMPORARY.",auto_ocr_sentiment,train
"Invincible, Vol. 1.pdf_p0703_panel_3.jpg",neutral,"KEAKKANGING IT A BREAK.
THINGS AND GET
ME SOME MORE
LEMONADE.",auto_ocr_sentiment,train
"Invincible, Vol. 1.pdf_p0552_panel_6.jpg",neutral,"NOT UP TO VILTRUMITE STANDARDS
OF COMBAT.",auto_ocr_sentiment,train
"Invincible, Vol. 1.pdf_p0290_panel_2.jpg",neutral,,auto_ocr_sentiment,train
"Invincible, Vol. 1.pdf_p0474_panel_2.jpg",neutral,"Y LJ ,
THEY DON’T EIT
RIGHT, AND
THEY--",auto_ocr_sentiment,train
"Invincible, Vol. 1.pdf_p0216_panel_4.jpg",neutral,,auto_ocr_sentiment,train
"Invincible, Vol. 1.pdf_p0908_panel_5.jpg",neutral,,auto_ocr_sentiment,train
"Invincible, Vol. 1.pdf_p0083_panel_0.jpg",neutral,"foi vou sport
fo ANYTHING?

 

ke

=} KG Av sb __z
; —_ U7 NT eed ie",auto_ocr_sentiment,train
"Invincible, Vol. 1.pdf_p0202_panel_6.jpg",neutral,,auto_ocr_sentiment,train
"Invincible, Vol. 1.pdf_p0734_panel_0.jpg",neutral,,auto_ocr_sentiment,train
"Invincible, Vol. 1.pdf_p0353_panel_1.jpg",neutral,,auto_ocr_sentiment,train
"Invincible, Vol. 1.pdf_p0319_panel_5.jpg",neutral,,auto_ocr_sentiment,train
"Invincible, Vol. 1.pdf_p0234_panel_4.jpg",neutral,ra Pan a,auto_ocr_sentiment,train
"Invincible, Vol. 1.pdf_p0303_panel_5.jpg",neutral,,auto_ocr_sentiment,train
"Invincible, Vol. 1.pdf_p0339_panel_0.jpg",neutral,"nl

ee &C aad

Uh |",auto_ocr_sentiment,train
"Invincible, Vol. 1.pdf_p1034_panel_2.jpg",neutral,,auto_ocr_sentiment,train
"Invincible, Vol. 1.pdf_p0217_panel_3.jpg",neutral,,auto_ocr_sentiment,train
"Invincible, Vol. 1.pdf_p0597_panel_2.jpg",anger,"$0 THE NEXT TIME
REX IS ACTING LIKE
A JERK--HAVE A
LITTLE COMPASSION.

IT DOESN’T MAKE UP

FOR EVERYTHING He’s
DONE... BUT MAYBE YOU'LL J
Be JUST ALITTLE BIT MORE
UNDERSTANDING THE NEXT |
TIME HE GOES AND MAKES §

AN ASS OF HIMSELF.
aE",auto_ocr_sentiment,train
"Invincible, Vol. 1.pdf_p0572_panel_5.jpg",neutral,"IT'LL DO YOU
GOOD TO GET OUT
OF THAT DORM
ROOM, AWAY FROM
ALL THE PARTIES
AND WHATEVER
ELSE IS GOING
ON THERE.",auto_ocr_sentiment,train
"Invincible, Vol. 1.pdf_p0154_panel_1.jpg",anger,"(BETTER?) PSs

CYOU’RE
A LOST CAUSE...
YOU KNOW THAT4
YOU BETTER HOPE
NOBODY NOTICED TI
WAS EATING LUNCH
WITH THE RED

RUSH A SECOND cYou

HAD CAUGHT
OLGA WITH
YOUR STAPLER
AGAIN.>",auto_ocr_sentiment,train
"Invincible, Vol. 1.pdf_p0961_panel_3.jpg",neutral,,auto_ocr_sentiment,train
"Invincible, Vol. 1.pdf_p0730_panel_2.jpg",anger,"MARK. CALM POWN.
YOU’RE A GOOD PERSON.
THAT'S WHY I WANT
YOU TO WORK
WITH ME.

I JUST
NEED YOU TO
TRUST MY
JUDGMENT
IN MORE",auto_ocr_sentiment,train
"Invincible, Vol. 1.pdf_p0739_panel_3.jpg",neutral,,auto_ocr_sentiment,train
"Invincible, Vol. 1.pdf_p0769_panel_7.jpg",neutral,,auto_ocr_sentiment,train
"Invincible, Vol. 1.pdf_p0421_panel_3.jpg",neutral,,auto_ocr_sentiment,train
"Invincible, Vol. 1.pdf_p0864_panel_6.jpg",neutral,,auto_ocr_sentiment,train
"Invincible, Vol. 1.pdf_p0892_panel_0.jpg",anger,", ae -

SOME TIME LATER. =
. I'M

LOST IT. _

1 ee
ons

sorrY--I WY
LOST ff--THaT
GUY--THE THINGS |
HE DIP. I wuST 4

IT’S OKAY.

/ YOU DID GOOD

HERE. YOU
SAVED THESE
VEOPLE. YOU

VID YOUR

UUST
| °7/ DON’T FORGET
WHAT HAPPENED
THE LAST TIME |
YOU LOST YOUR J
TEMPER.",auto_ocr_sentiment,train
"Invincible, Vol. 1.pdf_p0380_panel_3.jpg",neutral,,auto_ocr_sentiment,train
"Invincible, Vol. 1.pdf_p0919_panel_2.jpg",fear,"WE CAUGHT HIM TRYING
TO CAUSE A PLASMA LEAK
IN THE ENGINES--THIS
ACTION WOULD HAVE
HALTED OUR TRAVELS
INPEFINITELY.

   
    
 
   
 
 

  
    
   
   
 
 
 
 
 
  
 
 
 
 
 
 
 
  

  

WILL We Be
REQUIRED
TO DO WITH

YOU ARE THE ONE CALLED
MONARCH PRIME. T
RECOGNIZE YOU FROM MY
COLLECTIVE REMEMBRANCE.
YOU WERE A TYRANT TO
MYSELVES OVER MANY

YEARS.

 
  
 
   
 
 
   
 
   

WerRE I
CERTAIN HALF MY
ARMY WOULDN’T
REVOLT I WOULD
HAVE YOU EXECUTED.
YOUR SOLDIERS’
UNCERTAIN LOYALTY
IS YOUR
SALVATION.

IF THIS
ONE WILL NOT
REMAIN IN HIS CELL
PLACE HIM IN A STASIS
UNIT. I’LL NOT

—_—_F —__—_>,

s vw a—_—__——_ =
~_—-

yee

\ -f
0
- MK ¢,
A rN
Q

ae rR \ & }) A
x va — P <5 . “st “YJ a,
py eae : = we ™? NS a
SS Al a IF |

YT WSR

PP tr rrr CONN a nr tare nrennmesty \

NOTHING WILL
KEEP ME FROM
MY PESTINATION--
MY PRIZE.

NOTHING
WILL KEEP
Me FROM",auto_ocr_sentiment,train
"Invincible, Vol. 1.pdf_p0810_panel_7.jpg",neutral,,auto_ocr_sentiment,train
"Invincible, Vol. 1.pdf_p0470_panel_1.jpg",neutral,"SAVING THE WORLD. MY
POWERS COULD BE PUT TO
USE ELSEWHERE, DOING
MORE GOOD THAN I’M
DOING NOW.",auto_ocr_sentiment,train
"Invincible, Vol. 1.pdf_p1112_panel_2.jpg",neutral,"TO SEE THIS
AWAY.",auto_ocr_sentiment,train
"Invincible, Vol. 1.pdf_p1033_panel_0.jpg",neutral,,auto_ocr_sentiment,train
"Invincible, Vol. 1.pdf_p0955_panel_1.jpg",anger,"JUST KEEP KILLING
THEM! THEY CAN'T = TAKE A WHILE
REPROPUC DO THIS--WE

NS fj

yy

Love Na
Eee

p
7

LU
EN

[.
AS",auto_ocr_sentiment,train
"Invincible, Vol. 1.pdf_p0124_panel_1.jpg",neutral,"YOU CALLED ME
“PAP” AT THE
TOP OF YOUR",auto_ocr_sentiment,train
"Invincible, Vol. 1.pdf_p0333_panel_1.jpg",neutral,,auto_ocr_sentiment,train
"Invincible, Vol. 1.pdf_p1035_panel_3.jpg",surprise,"me WHAT
ARE YOU
SAYING?",auto_ocr_sentiment,train
"Invincible, Vol. 1.pdf_p0064_panel_3.jpg",neutral,,auto_ocr_sentiment,train
"Invincible, Vol. 1.pdf_p0138_panel_1.jpg",neutral,"WILLIAM,
TAKE
COVER!",auto_ocr_sentiment,train
"Invincible, Vol. 1.pdf_p0744_panel_6.jpg",sadness,"W~ Sad

       

SwZwo0 Ws
rrdn Qo fts
WF ACZSES

           

            

= WS",auto_ocr_sentiment,train
"Invincible, Vol. 1.pdf_p0444_panel_5.jpg",neutral,,auto_ocr_sentiment,train
"Invincible, Vol. 1.pdf_p0598_panel_7.jpg",neutral,". EVENTUALLY
RULED THEM...",auto_ocr_sentiment,train
"Invincible, Vol. 1.pdf_p0436_panel_2.jpg",neutral,,auto_ocr_sentiment,train
"Invincible, Vol. 1.pdf_p0035_panel_4.jpg",neutral,,auto_ocr_sentiment,train
"Invincible, Vol. 1.pdf_p1098_panel_2.jpg",neutral,,auto_ocr_sentiment,train
"Invincible, Vol. 1.pdf_p0920_panel_5.jpg",neutral,"; GET ’
UPSTAIRS AND
GET STARTED
ON THAT ALONE {
TIME.",auto_ocr_sentiment,train
"Invincible, Vol. 1.pdf_p0651_panel_4.jpg",neutral,,auto_ocr_sentiment,train
"Invincible, Vol. 1.pdf_p0650_panel_2.jpg",anger,"Yeorrl SUrvose
THIS COULP LOOK
QUITE UNUSUAL TO I PROMISE

YOU, BASED ON ;
YOUR FAMILIARITY Mose oe THAN

   
   
 
    

TO EARTH THE ACT OF
CUSTOMS. KISSING WAS
TO ME WHEN I

FIRST CAME TO
EARTH.",auto_ocr_sentiment,train
"Invincible, Vol. 1.pdf_p0959_panel_7.jpg",surprise,"OH, G0D--
KATE!!!",auto_ocr_sentiment,train
"Invincible, Vol. 1.pdf_p0577_panel_0.jpg",fear,"YES, THIS IS AN UNDERTAKING

VY TO THINK--IN MERE MOMENTS
THAT RANKS AMONG OUR HIGHEST WE'LL DOWNLOAD THE MEMORIES

ACHIEVEMENTS-—-AND TI THANK YOU OF THOUSANDS OF YOUR

   
 

OUR KNOWLEDGE OF THE
MULTI-VERSE.

a

FOR THE OPPORTUNITY TO FURTHER

   
 

OF WHERE YOU’RE

Sa

DOPPELGANGERS FROM OTHER
DIMENSIONS IN ORDER TO Give
YOU THE ABILITY TO SHIFT FROM
ONE DIMENSION TO THE NEXT f
WITH THE FULL KNOWLEDGE @

  
  
  
   
   
     
   
   
   

ww

WE MAY VERY WELL
Be CHANGING THE

COURSE OF HUMAN
HISTORY ACROSS",auto_ocr_sentiment,train
"Invincible, Vol. 1.pdf_p0816_panel_3.jpg",neutral,,auto_ocr_sentiment,train
"Invincible, Vol. 1.pdf_p0541_panel_10.jpg",neutral,,auto_ocr_sentiment,train
"Invincible, Vol. 1.pdf_p0640_panel_2.jpg",neutral,"L ASSURE YOU,
MA’AM. I WAS
THINKING NO SUCH
THING. I’M ALITTLE
SHOCKED YOU TOOK

WHAT T SAID TO
MEAN THAT. I MEANT WE HAD
CLERICAL WORK AVAILABLE--
TYPING AND WHAT NOT. NOT
THE MOST FUN THING TO
SPEND YOUR TIME DOING, BUT
IT WOULPN’T REQUIRE ANY
FURTHER SCHOOLING.

 
 
 
 
   
 
  

     
    
     
    
 
    
 
  

   

I JUST
WANTED TO |
LET YOUKNOW \y
THAT IF REAL
ESTATE DOESN’

WORK OUT...
YOU HAVE

OPTIONS.
all",auto_ocr_sentiment,train
"Invincible, Vol. 1.pdf_p0804_panel_4.jpg",neutral,,auto_ocr_sentiment,train
"Invincible, Vol. 1.pdf_p0314_panel_4.jpg",joy,"Se . sa on Ty
a fie fh i SX
4 \

re CHE ad <va-6 .

is othe <i",auto_ocr_sentiment,train
"Invincible, Vol. 1.pdf_p0211_panel_4.jpg",neutral,,auto_ocr_sentiment,train
"Invincible, Vol. 1.pdf_p0504_panel_5.jpg",anger,"IN FACT.

I THING T’LL
PUT A STOP
TO THAT
RIGHT
NOW.",auto_ocr_sentiment,train
"Invincible, Vol. 1.pdf_p0075_panel_0.jpg",neutral,,auto_ocr_sentiment,train
"Invincible, Vol. 1.pdf_p1030_panel_6.jpg",fear,"I-F HE EVER
EVEN IMPLIES
THAT WE SLEPT
TOGETHER

     
 

IT DIDN’T
HAPPEN.",auto_ocr_sentiment,train
"Invincible, Vol. 1.pdf_p0368_panel_4.jpg",neutral,"KNOW... SOMETIMES
I FORGET ABOUT
EVERYTHING THAT
PENED--EVERYTHING
4¢ DID, ANP FOR A
=CONP I THINK HE'S
IG TO WHISK INTO THAT
{2 AND EVERYTHING’S
ING TO GO BACK TO
LORMAL--BACK TO
THE way THINGS",auto_ocr_sentiment,train
"Invincible, Vol. 1.pdf_p0695_panel_3.jpg",neutral,,auto_ocr_sentiment,train
"Invincible, Vol. 1.pdf_p0956_panel_1.jpg",disgust,"Wey (T'S NOTHING
PERSONAL. f",auto_ocr_sentiment,train
"Invincible, Vol. 1.pdf_p0517_panel_1.jpg",neutral,,auto_ocr_sentiment,train
"Invincible, Vol. 1.pdf_p0789_panel_5.jpg",neutral,,auto_ocr_sentiment,train
"Invincible, Vol. 1.pdf_p0206_panel_0.jpg",surprise,"ASIDE FROM Me
TAKING THAT ONE
TO THE FACE
TOWARDS THE
END I THINK WE

NO WAY,
I’M SUPER-FAST
I COULD HAVE

HADN’T BEEN THERE!
BUT STILL... WE DO
MAZE A GREAT TEAM. &",auto_ocr_sentiment,train
"Invincible, Vol. 1.pdf_p0538_panel_3.jpg",neutral,"Let \
5 / - “4 ‘
S a

  

\i
Y\
en",auto_ocr_sentiment,train
"Invincible, Vol. 1.pdf_p0768_panel_2.jpg",neutral,"WELL, YOU
CAN’T EXACTLY
DO THAT. HOW
IN THE HECK ARE

YOU GOING TO
EXPLAIN GOING TO
AFRICA FOR THE
WEEKEND?",auto_ocr_sentiment,train
"Invincible, Vol. 1.pdf_p0492_panel_0.jpg",neutral,"MIONIGHT CITY.

it

aT ri a zs

ry",auto_ocr_sentiment,train
"Invincible, Vol. 1.pdf_p1100_panel_5.jpg",surprise,"WAIT--WHERE
ARE YOU GOING? CALM DOWN. I’M
ARE YOU JUST GOING TO TH
LEAVING? GROCERY STORE.
E’RE OUT O",auto_ocr_sentiment,train
"Invincible, Vol. 1.pdf_p0304_panel_7.jpg",neutral,,auto_ocr_sentiment,train
"Invincible, Vol. 1.pdf_p0987_panel_1.jpg",neutral,,auto_ocr_sentiment,train
"Invincible, Vol. 1.pdf_p0624_panel_2.jpg",fear,"W CAN YOU BE SO
ARTLESS? JUST
ME PO THIS. I’
BACK SOON ANP I
PROMISE T’LL

MAKE IT UP TO

YOU.

  
 
 

 

 
  

YOU'RE
NOT BUPGING
ON THIS, ARE
You?",auto_ocr_sentiment,train
"Invincible, Vol. 1.pdf_p0481_panel_0.jpg",neutral,"LET’S LOOK
OVER THE
SYLLABUS",auto_ocr_sentiment,train
"Invincible, Vol. 1.pdf_p0668_panel_0.jpg",neutral,,auto_ocr_sentiment,train
"Invincible, Vol. 1.pdf_p0931_panel_4.jpg",neutral,,auto_ocr_sentiment,train
"Invincible, Vol. 1.pdf_p0938_panel_7.jpg",neutral,"=D ER
WV ea

ool eel EIS
, a t is",auto_ocr_sentiment,train
"Invincible, Vol. 1.pdf_p0588_panel_7.jpg",neutral,,auto_ocr_sentiment,train
"Invincible, Vol. 1.pdf_p0959_panel_4.jpg",neutral,,auto_ocr_sentiment,train
"Invincible, Vol. 1.pdf_p0116_panel_4.jpg",neutral,,auto_ocr_sentiment,train
"Invincible, Vol. 1.pdf_p0523_panel_11.jpg",neutral,,auto_ocr_sentiment,train
"Invincible, Vol. 1.pdf_p0971_panel_5.jpg",neutral,,auto_ocr_sentiment,train
"Invincible, Vol. 1.pdf_p0540_panel_5.jpg",surprise,"YEAH--THAT’S RIGHT. IT WAS ABOUT

A WEEK LATER THAT ATOM EVE AND I

ACTUALLY STOVPED THE GUY BEHIND
IT ALL, WHO TURNED OUT TO Be

THE EXPLOSION WOULPN’T
HURT ANYBODY.

“4 ys)

aaa Oo
eK a) IN r unl)

EVE HELPED ME OUT ALOT Poy ASD) /

RS IN THOSE DAYS ACTUALLY. [=== oe A

SHE WAS KINDA LIKE MY : ir 4 o/|
J SUPERHERO PARTNER. } ef UNG (|

\K
oN

:
=——— i ~",auto_ocr_sentiment,train
"Invincible, Vol. 1.pdf_p0519_panel_4.jpg",neutral,,auto_ocr_sentiment,train
"Invincible, Vol. 1.pdf_p0192_panel_2.jpg",neutral,,auto_ocr_sentiment,train
"Invincible, Vol. 1.pdf_p0318_panel_0.jpg",neutral,,auto_ocr_sentiment,train
"Invincible, Vol. 1.pdf_p0308_panel_2.jpg",surprise,"YEAH. I’VE
NEVER EVEN
BEEN TO VILTRUM.
I DON’T REALLY
KNOW MUCH ABOUT
THEM. BUT YEAH...
AS FAR AS WE CAN
TELL MY DAD IS
JUST GONE.",auto_ocr_sentiment,train
"Invincible, Vol. 1.pdf_p0414_panel_6.jpg",neutral,,auto_ocr_sentiment,train
"Invincible, Vol. 1.pdf_p0600_panel_0.jpg",anger,"HUNDREDS OF YEARS LATER,
TSING CHA, DISTANT RELATIVE
OF FUNG CHA, WAS IN THE
HOSPITAL WITH HIS WIFE,
MOMENTS BEFORE THE BIRTH
OF THEIR FIRST CHILD.

IN A TRAGIC TURN OF FATE,
TSING’S WIFE DIED IN CHILD-
BIRTH. LEAVING TSING TO RAISE
THEIR TWINS, WHO HE NAMEP
PAUL AND KATE.

HE WAS THE SEVENTH
GENERATION AFTER CHA’S
SEVENTH GRANPCHILD.

TSING NEVER TOOK A NEW
WIFE, AND FOR A TIME IT
APPEARED THE CURSE
WOULP GO UNFULFILLED.

BUT THE EMPEROR'S
RAGE WOULP NOT BE
DENIED.

cm

IN THE COMING WEEKS THINGS
WOULD ONLY GET WORSE--UNTIL
TSING LOST HIS MIND UNDER THE

N CONTINUALLY INCREASING
PRESSURE.

TSING WAS CARTED OFF TO THE
ASYLUM ANP THE HUNDREDS OF
KATES AND PAULS BECAME
WARDS OF THE STATE.",auto_ocr_sentiment,train
"Invincible, Vol. 1.pdf_p0155_panel_5.jpg",neutral,"IF YOU’RE
GOING TO BE
DOING THIS

EVERY MORNING...
I’M GOING TO
HAVE TO SLEEP
OVER MORE
OFTEN.",auto_ocr_sentiment,train
"Invincible, Vol. 1.pdf_p1038_panel_1.jpg",fear,"THE VILTRUM
EMPIRE.

 

YOU DO NOT HAVE
TIME FOR THIS. YOU
NEED TO LEAVE WITH
ME BEFORE EVERYONE
NOTICES HOW I’M
DRESSED.

 
     
 
    
 
   
   
       
   
   

IT Believe
YOU STILL HIDE
AMONG THESE
CREATURES AS
ONE OF THEM,
YES?",auto_ocr_sentiment,train
"Invincible, Vol. 1.pdf_p0750_panel_11.jpg",neutral,"BUT
CAN (T WAIT
UNTIL AFTER

MY TEST2",auto_ocr_sentiment,train
"Invincible, Vol. 1.pdf_p0966_panel_3.jpg",anger,"YOU TO MAINTAIN
THIS BARRIER!

THE FATE

RESTS ON YOUR
SHOULPERS!",auto_ocr_sentiment,train
"Invincible, Vol. 1.pdf_p0357_panel_1.jpg",neutral,"WELL, I HOPE YOU’RE
PREPARED TO RETURN
THE FAVOR. SUPERPATRIOT
AND I JUST GOT MARRIED,

AND I’M SURE I GOULD
USE SOME ADVICE FROM
YOU FROM TIME
TO TIME.",auto_ocr_sentiment,train
"Invincible, Vol. 1.pdf_p0629_panel_4.jpg",neutral,,auto_ocr_sentiment,train
"Invincible, Vol. 1.pdf_p0011_panel_0.jpg",neutral,"LeT’s
GO AHEAD
AND START. IT
DOESN’T LOOK
LIKE HE’S GOING
TO BE HOME
ANY TIME
SOON.",auto_ocr_sentiment,train
"Invincible, Vol. 1.pdf_p0096_panel_2.jpg",neutral,,auto_ocr_sentiment,train
"Invincible, Vol. 1.pdf_p0343_panel_4.jpg",neutral,"IF YOU COULD
DO THAT... YOU’D BE
HELPING THIS COUNTRY
OUT A GREAT DEAL. I’M
SURE IT WILL ONLY BE
A FEW HOURS. THEY
WON’T BE ABLE TO
ORGANIZE A WEPDING
THAT FAST.",auto_ocr_sentiment,train
"Invincible, Vol. 1.pdf_p0356_panel_1.jpg",anger,"YES, MY QUEEN. MY LOVE FOR
YOU IS SO GREAT--T COULD DO
NOTHING LESS THAN RISK

YOU IN SECRET
FOR MANY YEARS.
I COULP NOT STAND
BY AND ALLOW
YOU TO BE
HARMED.",auto_ocr_sentiment,train
"Invincible, Vol. 1.pdf_p0301_panel_5.jpg",neutral,,auto_ocr_sentiment,train
"Invincible, Vol. 1.pdf_p0729_panel_4.jpg",neutral,"NOW THAT
WE'VE MOVED
PAST
THAT.",auto_ocr_sentiment,train
"Invincible, Vol. 1.pdf_p0889_panel_1.jpg",anger,RICK! STOP,auto_ocr_sentiment,train
"Invincible, Vol. 1.pdf_p0574_panel_7.jpg",neutral,"HINK OF ANYONE ELSE,
LET ME KNOW. IF ONE
IF YOUR VILLAINS FIND
OUT--THIS COULD BE
A DISASTER.",auto_ocr_sentiment,train
"Invincible, Vol. 1.pdf_p0719_panel_0.jpg",sadness,"|

Se

T00. THE ONLY THING THAT'S

Wey HELPING ME HOLD IT TOGETHER

Mics RVs, My IS THAT HIS FATHER USED

ri TO PO THIS FROM TIME TO

TIME... AND HE ALWAYS SOMETIMES

CAME BACK SAFE HE WAS EVEN GONE
ANP SOUND. LONGER THAN THIS.
, > IT PROMISE I’LL CALL
Wei e. plat low . YOU AS SOON
‘G) tra gpll C0 Cte AS I HEAR
. “oe SOMETHING.

7"" po I’M SORRY, .
| | Yy AMBER. He’sNoT
ING} . BACK YET. I KNOW You'Re
ee WORRIEP--I’M WORRIED
! So 4 a , Hl

4
. —_ 7
a fat",auto_ocr_sentiment,train
"Invincible, Vol. 1.pdf_p0081_panel_0.jpg",neutral,TA Teit.,auto_ocr_sentiment,train
"Invincible, Vol. 1.pdf_p0231_panel_2.jpg",neutral,,auto_ocr_sentiment,train
"Invincible, Vol. 1.pdf_p0936_panel_5.jpg",anger,"p RI BUILT X
THIS CONSTRUCT--
AND DECIDED TO
LIVE THROUGH IT
FULL-TIME, T DION’T
HAVE A NEED FOR
A NAME. IT’S BEEN
YEARS SINCE I’ve ,
HEARD ANYONE",auto_ocr_sentiment,train
"Invincible, Vol. 1.pdf_p0913_panel_1.jpg",neutral,"OT
ANOTHER umes
THING--WHAT AGF
IS SO SPECIAL ABOUT
MARK? YOU’VE BEEN
|

<M eKuNNe Ear"" ae MK
M
MET. YOU WERE ALWAYS He ee io f wien
COMPLAINING ABOUT HIM FOR TWO MONTHS

BEING LATE FOR DATES-- BECAUSE HE HAD A

CANCELLING AT THE LAST MINUTE TRIP TO
LAST MINUTE--ALL VISIT HIS GRANDFATHER
THAT CRAP. 1} AND COULDN’T GET TO &
tS | A PHONE... FOR TWO
MONTHS?",auto_ocr_sentiment,train
"Invincible, Vol. 1.pdf_p0078_panel_2.jpg",sadness,"WELL... I’M
ONLY SURE THAT THE
MOST RECENT ONE WENT TO MY
SCHOOL, BUT HE’S ONE OF THE
THREE KIDS THAT ARE MISSING. A",auto_ocr_sentiment,train
"Invincible, Vol. 1.pdf_p0014_panel_0.jpg",neutral,"Cro

==

ie",auto_ocr_sentiment,train
"Invincible, Vol. 1.pdf_p0064_panel_4.jpg",anger,"NO
KIPPING!

THERE
SEEMS TO
BE AN ENDLESS
STREAM OF THEM
COMING OUT OF
THAT PORTAL.",auto_ocr_sentiment,train
"Invincible, Vol. 1.pdf_p0900_panel_5.jpg",neutral,"SO TELL
ME, MAN--PID
y WE MAKE AN
AWESOME TEAM
OR WHAT? DO YOU
THINK THEY’? HIRE
ME ON AS YOUR
PARTNER? I’D BE
COOL WITH A LITTLE
LESS THAN WHAT

THEY’RE PAYING
YOU--YOU’VE GOT
THE POWERS
AND ALL.

WHAT
DO YOU
THINK 2",auto_ocr_sentiment,train
"Invincible, Vol. 1.pdf_p0552_panel_0.jpg",neutral,,auto_ocr_sentiment,train
"Invincible, Vol. 1.pdf_p0024_panel_0.jpg",anger,"THE COPS
MUST BE ON

THEIR WAY fA
. BY Now!",auto_ocr_sentiment,train
"Invincible, Vol. 1.pdf_p0261_panel_0.jpg",anger,"DO YOU HAVE ANY IPEA VILTRUMITE
WHAT OUR LIFE SPAN IS IS $0 PURE
THE OLDER WE GET THE COMPLETE THAT
SLOWER WE AGE. We NEARLY FULL BI
CAN’T LIVE AMONG I COULD MATE
THESE FRAIL NEARLY ANY
THINGS... YOUR BEING OF COMP
MOTHER IS EVOLUTIONS

LITTLE MORE DEVELOPMEN

PROPUCE A SI

 
 
 

OFFSPRIN",auto_ocr_sentiment,train
"Invincible, Vol. 1.pdf_p0128_panel_5.jpg",anger,"W CONGRATULATIONS,
ROBOT.

    

N. C’MERE,
PUCKET OF
ILTS. I’M
ROQUP OF
YOU.",auto_ocr_sentiment,train
"Invincible, Vol. 1.pdf_p0787_panel_0.jpg",neutral,,auto_ocr_sentiment,train
"Invincible, Vol. 1.pdf_p0406_panel_0.jpg",neutral,,auto_ocr_sentiment,train
"Invincible, Vol. 1.pdf_p0541_panel_4.jpg",surprise,"YEAH--UH--ANYWAY,
THINGS WENT ALONG
PRETTY SMOOTHLY
FOR ALONG TIME.
THEN--SHORTLY
BEFORE YOU AND I
GOT TOGETHER
EVERYTHING
CHANGED.",auto_ocr_sentiment,train
"Invincible, Vol. 1.pdf_p0657_panel_0.jpg",anger,"THIS IS - WILL YOU V NO'
GOING TO f JUST SHUT ON TH.
COSTA UP? THIS IS YOu’r
FORTUNE. J IMPORTANT. da 7",auto_ocr_sentiment,train
"Invincible, Vol. 1.pdf_p0950_panel_0.jpg",neutral,"SILENCE! =a

. ~~ , > . N ! ""
ow)
| aa Ors Li

TT)
rity

   

iT)
it | es
ba",auto_ocr_sentiment,train
"Invincible, Vol. 1.pdf_p0566_panel_3.jpg",neutral,,auto_ocr_sentiment,train
"Invincible, Vol. 1.pdf_p0675_panel_0.jpg",neutral,Mee.,auto_ocr_sentiment,train
"Invincible, Vol. 1.pdf_p0999_panel_1.jpg",neutral,,auto_ocr_sentiment,train
"Invincible, Vol. 1.pdf_p0128_panel_3.jpg",fear,"YES, REX... WITH MY NUMEKJCUS
SUPERIOR SKILLS, I HAVE NO
POUBT I WILL BE GRANTED FULL
MEMBERSHIP... I’LL BE ABLE
TO DO ALOT MORE GOOP
WITH SUCH ALARGE
ORGANIZATION.

   
    
     
   
 
 
 
 
 
  
 
  
 
  

    
    
   
   
   
 
 

  

BUT DO
NOT BE SO
EXCITED FORK ME,
THIS COMES WITH
SAD NEWS 4S WELL...
I AM PISBANDING
THE TEEN TEAM IN
LIGHT OF THIS
SITUATION.

I
CANNOT Be
ON TWO TEAMS

AT ONCE AND
REMAIN EFFECTIVE.
BESIPES... THE NAME
WOULD HAVE BECOME
INACCURATE IN
A COUPLE YEARS
ANYWAY.",auto_ocr_sentiment,train
"Invincible, Vol. 1.pdf_p0376_panel_1.jpg",neutral,,auto_ocr_sentiment,train
"Invincible, Vol. 1.pdf_p0539_panel_0.jpg",neutral,"MOM USEV
THOSE ON
DISHES...",auto_ocr_sentiment,train
"Invincible, Vol. 1.pdf_p0993_panel_4.jpg",neutral,,auto_ocr_sentiment,train
"Invincible, Vol. 1.pdf_p0245_panel_0.jpg",neutral,"I AM FROM THE PLANET VILTRUM...
THAT MUCH IS TRUE. ALTHOUGH, IT
IS NOT THE PLANET THAT I HAVE
TOLD YOU ABOUT SO MANY TIMES.

VILTRUM WAS A PLANET THAT HAD
ACHIEVED A PERFECT GLOBAL
SOCIETY... BUT IT DIDN’T HAPPEN
OVER NIGHT.",auto_ocr_sentiment,train
"Invincible, Vol. 1.pdf_p0283_panel_1.jpg",neutral,"THINK, MARK! THINK!
THE OLPER We GET THE y
SLOWER We AGE! You |
WiLL oUTLAST EVERY
FRAGILE BEING ON 4 WHAT
THIS PLANET. “ WILL YOU
YOU WILL HAVE AFTER
LIVE TO SEE FIVE HUNPREP
THE ENP OF YEARS?!
THIS CIVILIZATION!
EVERYTHING AND
EVERYONE You

KNOW WILL
BE GONE!

 
 
  
    
 
 

 
 
 
   
   
   
  

  
  
 

q_\ wes ix »

2 ~ )
rg",auto_ocr_sentiment,train
"Invincible, Vol. 1.pdf_p0543_panel_0.jpg",anger,"IT’S OKAY,
PLEASE--

JUST STOP.

PLEASE

~

TIL
Se 4

EVERYTHING WAS ALIE. THERE WAS
NO “WORLD BETTERMENT COMMITTEE"" IT
WAS THE ""WORLD CONQUERING COMMITTEE.""
THE VILTRUMITES WEREN’T PERFECTING
WORLDS. THEY WERE CONQUERING THEM.

MY FATHER WASN’T HERE TO
PROTECT EARTH--HE WAS HERE
TO ENSLAVE US. EVERY MINUTE
OF MY LIFE WITH HIM WAS A LIE.

HE SAID HE NEVER
LOVED MY MOTHER.

=
HE ASKED ME TO HELP HIM--

AFTER RAISING Me AS A HUMAN--
HE WANTED Me TO ENSLAVE

THEM. I REFUSED.

or I TOLD HIMT i |
oy WOULD STOP iy
_” ¥ anal : ' / eve Pad
| ; :

er r ;
ee . 4 r

THE GOVERNMENT
HAD A RECORDING OF

YOUR ARGUMENT--
EVERYTHING HE SAID. EVER LEAVES THE
IT WAS LEAKED TO HOUSE.

 

THE MEDIA. I SAW
THE SPECIAL--I
HEARD EVERYTHING
HESAIPTO |

YOU.

 

MY MOM TOOK IT THE
HARDEST--STARTED

 

NO--IF
I DON’T
FINISH THIS
NOW I NEVER
WILL. AND I
WANT TO
FINISH

THERE’S BEEN A
COUPLE TIMES WHEN
DRINKING. SHE BARELY YOU CAME OVER TO THE
HOUSE I’VE SHUFFLED
YOU UP TO MY ROOM OR

SUGGESTED STAYING
OUTSIPE TO KEEP YOU
FROM SEEING HER--
PASSED OUT--

PRUNK.

 
 

WERE BOTH

I WANT

y YOU TO KNOW

EVERYTHING.
LI DON’T WANT
TO KEEP
ANYTHING
FROM YOU

srs, ANYMORE.

I DON’T KNOW WHAT
TO BO. IT MEAN--T
KNOW EXACTLY How
SHE FEELS, WELL,
ALMOST. I MEAN, I
LOST MY FATHER--
SHE LOST HER

HUSBAND.

BUT We
BETRAYED.

    
 
   
  

I DON’T
WANT TO LIE
TO YOU
ANYMORE.

I’M SORRY.
I NEVER EVEN
KNEW.

   
   
  
 
   
  

   
 

I MEAN--T
THOUGHT YOUR
DAD DIED INA CAR
CRASH, THIS 1S
SOMEHOW
WORSE.

 
   
   
   
   
  

  
  

YOU
) DION’T JUST
LOSE YOUR FATHER,
YOU LOST ALL THE
MEMORIES OF YOUR
FATHER AS WELL.

I CAN DO THIS--IT’S
JUST HARP. IT TRY YOU, MARK
NOT TO THINK ABOUT GRAYSON.
THIS STUFF--T
CERTAINLY DON’T
TALK ABOUT
IT.

BUT TI
CAN DO THIS--
FOR YOU I
CAN PO

 

 

I LOVE YOU
TOO, AMBER
BENNETT.

~ aN .
WE FOUGHT. WR
fs .
7 <i
E BEAT ME -
EARLY To
DEATH.

THEN HE FLEW
INTO SPACE.

I WAS PRETTY MUCH CECIL TOLD ME LATER
UNCONSCIOUS AT THE THAT THE GOVERNMENT
TIME--BUT YEAH, HE TRACKED HIM IN SPACE
JUST STOPPED BEATING UNTIL HE WAS OUT OF
ON Me AND FLEW RANGE--HE DEFINITELY

AWAY. LEFT THE PLANET
- ANP DION’T COME
I DON’T
KNOW WHY--

BACK.

HE ALMOST
KILLED ME, AND
THEN JUST
STOPPED.",auto_ocr_sentiment,train
"Invincible, Vol. 1.pdf_p0419_panel_0.jpg",neutral,,auto_ocr_sentiment,train
"Invincible, Vol. 1.pdf_p0079_panel_3.jpg",sadness,"L GUESS I JUST
GOT TIED UP AT
THE TEEN TEAM’S

 
   
       

NOT WORRYING
ABOUT VAD,
Ake YOU?",auto_ocr_sentiment,train
"Invincible, Vol. 1.pdf_p0711_panel_2.jpg",neutral,,auto_ocr_sentiment,train
"Invincible, Vol. 1.pdf_p0522_panel_3.jpg",surprise,"HE WAS UPSET, t
GAVE HIM HIS
SPACE AND AFTER
A WEEK OR SO, WE
STARTED SEEING
EACH OTHER
AGAIN.

   
   
       
 

THINGS
| WERE STILL
GOO. 4",auto_ocr_sentiment,train
"Invincible, Vol. 1.pdf_p0275_panel_3.jpg",neutral,,auto_ocr_sentiment,train
"Invincible, Vol. 1.pdf_p0724_panel_0.jpg",neutral,"|] wa
= |} Xe

| .

Te a - —

. A —

° Mat
fy
s we fi
As
fi
i

A

i.""

Hi
SOMEWHERE
ELSE ENT:
(THOUGH STILL
ON GARTH)

ewuy.. —

[poms TT
eX",auto_ocr_sentiment,train
"Invincible, Vol. 1.pdf_p0013_panel_2.jpg",neutral,"ay

AS
LONG AST
HAVE MY PAD’S
INVULNERABILITY,

THIS SHOULDN‘T
EVEN HURT IF
I HIT THE
GROUND.",auto_ocr_sentiment,train
"Invincible, Vol. 1.pdf_p0751_panel_3.jpg",fear,"AH, KICK SHEKIDAN--MY
FIRST WORKING REAINMAN--
THE ONE WHO STARTED
ITALL. MY PRIDE
ANP JOY.

  
 
    
   
   
   
     
     
 
  
   
     
   
 
 
   
  
 
  
  

  

YOU'RE
LATE.

YOU WERE SUPPOSED TO BE
BACK HERE BEFORE THE SUN
CAME UP. I WOULDN’T WANT
YOU TO BE SPOTTED. I TRUST
YOU USED THE SEWER
ENTRANCE.

 
  

OF COURSE
YOU DID. THIS
PLACE WOULD BE
CRAWLING WITH
CAMPUS POLICE IF
. YOU HADN'T.

 

OH--WHAT’S
THIS4

 

upseEr Y Ar
OU’RE A ¢
PART OF A WORLD-ALTERING ‘WY _ NOW PUT
ENDEAVOR. THINK OF THE LIVES THAT ONE IN
YOU’LL SAVE AS THE PROTOTYPE WITH THE
FOR THE PERFECT SOLDIER. OTHERS. I

i YOU ALONE COULD DO THE WORK A, HAVE WORK
OF FIETY--NO, A HUNPREP | }

SOLDIERS.
Be

    
 
   
    

y

rl ne

vi

FS a
Late etestentany",auto_ocr_sentiment,train
"Invincible, Vol. 1.pdf_p0214_panel_3.jpg",surprise,"WHATS GOING
ON WITH YOU
TWO? ARE YOU
PATING?",auto_ocr_sentiment,train
"Invincible, Vol. 1.pdf_p0029_panel_4.jpg",neutral,IT WAS AGREED UPON UNANIMOUSLY.,auto_ocr_sentiment,train
"Invincible, Vol. 1.pdf_p1088_panel_0.jpg",anger,"SHE CAN TELL YOU--
-IGHT NOW, TELL HIM,
KATE. I DIDN'T HAVE
\NY THING TO BO WITH
KILLING YOU.",auto_ocr_sentiment,train
"Invincible, Vol. 1.pdf_p0068_panel_2.jpg",neutral,"al,

or
Sms ys

LEONE",auto_ocr_sentiment,train
"Invincible, Vol. 1.pdf_p0273_panel_1.jpg",neutral,,auto_ocr_sentiment,train
"Invincible, Vol. 1.pdf_p0187_panel_1.jpg",neutral,"ee

Gi >

(YN
ae

   
    

Se",auto_ocr_sentiment,train
"Invincible, Vol. 1.pdf_p0515_panel_2.jpg",neutral,,auto_ocr_sentiment,train
"Invincible, Vol. 1.pdf_p0290_panel_0.jpg",neutral,,auto_ocr_sentiment,train
"Invincible, Vol. 1.pdf_p0580_panel_2.jpg",neutral,,auto_ocr_sentiment,train
"Invincible, Vol. 1.pdf_p1041_panel_4.jpg",neutral,,auto_ocr_sentiment,train
"Invincible, Vol. 1.pdf_p0130_panel_2.jpg",neutral,“Ce,auto_ocr_sentiment,train
"Invincible, Vol. 1.pdf_p0136_panel_1.jpg",neutral,"I’M RICK SHERIDAN,
ILL BE SHOWING YOU
AROUND A FEW OF
OUR PORM BUILDINGS.
CAN IT CALL YOU
BILL?",auto_ocr_sentiment,train
"Invincible, Vol. 1.pdf_p0568_panel_2.jpg",anger,"LOOK AT THE CLOCK,
SILLY. YOU PIP
SLEEP NEXT TO

MeE--I(T’S ALMOST
MORNING. YOU
NEED TO GET OUT
OF HERE BEFORE
THE SUN COMES
UP AND IT’LL Be
EASIER TO SPOT
YOU. IT KNOW
YOU'RE SUPER FAST
AND ALL THAT, BUT
I DON’T WANT TO
RISK IT.",auto_ocr_sentiment,train
"Invincible, Vol. 1.pdf_p0506_panel_3.jpg",neutral,"WELL,
WINGY 2
WHAT'S IT
GOING TO
BE?",auto_ocr_sentiment,train
"Invincible, Vol. 1.pdf_p0350_panel_4.jpg",neutral,,auto_ocr_sentiment,train
"Invincible, Vol. 1.pdf_p0366_panel_6.jpg",neutral,,auto_ocr_sentiment,train
"Invincible, Vol. 1.pdf_p0307_panel_3.jpg",neutral,,auto_ocr_sentiment,train
"Invincible, Vol. 1.pdf_p0395_panel_1.jpg",neutral,"YOU WANT
TO GET SOME
MILKSHAKES
BEFORE WE CALL
IT A NIGHT?

   
      
   

  
    
      
 
   
   

I THINK
SHAKE
DELUXE
IS STILL
OVEN.",auto_ocr_sentiment,train
"Invincible, Vol. 1.pdf_p0553_panel_0.jpg",fear,". bd a’
ae : ‘ r) os

   

OF GOURSE, Pear reaper, &
a THE STORY DOES NOT, IN
FAGT, ENP THERE

 
      

» ry
- 28 eae oo “fo .?
ao. f , 5
e ¢ coe ,
- NOTEVEN Fe
NM CLOSE. a ,
a i. at
Lal arr o ory ‘ nar
r A a  . a Pn +
ad Fa
°
Cs
%
Pr .
tc rd
So. ° .
; hd",auto_ocr_sentiment,train
"Invincible, Vol. 1.pdf_p0506_panel_6.jpg",neutral,"Ww
zs
z=

rhz
nit
Ph
vVoS
uO
2a W
zt",auto_ocr_sentiment,train
"Invincible, Vol. 1.pdf_p1110_panel_0.jpg",neutral,,auto_ocr_sentiment,train
"Invincible, Vol. 1.pdf_p0343_panel_2.jpg",neutral,"HONESTLY, KID, I’D JUST AS

WELL TELL THEM TO SHOVE IT...

BUT THEY’VE GOT SOME NATURAL
RESOURCES THAT ARE VERY
VALUABLE TO US... AND THEY

GONTROL ALL OF THE OCEAN...
AND IF WE WERE AT OPPS
WITH THEM IT COULD Ss
CRIPPLE THE WORLD We
ECONOMY. ALO",auto_ocr_sentiment,train
"Invincible, Vol. 1.pdf_p0476_panel_6.jpg",neutral,,auto_ocr_sentiment,train
"Invincible, Vol. 1.pdf_p0839_panel_3.jpg",neutral,"YOU MEAN...IT’S
ABOUT A GUY
FROM AN ALIEN
PLANET HUNTING
DOWN ENEMIES OF

HIS EMPIRES",auto_ocr_sentiment,train
"Invincible, Vol. 1.pdf_p0660_panel_7.jpg",surprise,BETTER!,auto_ocr_sentiment,train
"Invincible, Vol. 1.pdf_p0082_panel_1.jpg",anger,"IMPREGNATING

FESS | HER.
24 THT

      
   

 

J ONE
DAY THE

FATHER CALLED

\ j A GIRL OVER TO THE
TREE. SHE COMPLIED
WHEN SHE WAS ASKED

TO HOLD OUT HER

HAND. THE FATHER
aN ZN SPIT IN HER HAND,",auto_ocr_sentiment,train
"Invincible, Vol. 1.pdf_p0018_panel_6.jpg",neutral,"WELL, SEE IF YOU
CAN COME UP WITH
A FEW GOOP ONES
BEFORE YOU COME
BACK HERE. THEN
we’LL See IF I
CAN’T WHIP UP
SOMETHING MORE ,
ICONIC BASED ON @
THE NAME. ;",auto_ocr_sentiment,train
"Invincible, Vol. 1.pdf_p0227_panel_4.jpg",surprise,"WHaAl4 THAT LM

EATING LUNCH
WITH A FRIEND?

I HAVEN’T RUN

IT BY Her /\
I KNOW
YOU FIND (T
HARD TO BELIEVE
BUT EVE AND I

] ARE JUST FRIENDS.
SHE’S HAD A
BOYFRIEND FOR
THE LONGEST TIME...
AND NOW THAT
HE’S OUT OF THE

MmIiaAwwsies",auto_ocr_sentiment,train
"Invincible, Vol. 1.pdf_p0683_panel_7.jpg",neutral,"CERTAINLY
MAKES LIFE
INTERESTING.",auto_ocr_sentiment,train
"Invincible, Vol. 1.pdf_p0568_panel_0.jpg",neutral,"YOU
HAVE TO
GO BEFORE
SOMEONE",auto_ocr_sentiment,train
"Invincible, Vol. 1.pdf_p0896_panel_2.jpg",neutral,"n
CANPY--CAN YOU BELIEVE
SHE ACTUALLY GIVES US
CANPY WHEN WE ANSWER
QUESTIONS IN CLASS?
We’RE IN COLLEGE!
We’RE NOT--",auto_ocr_sentiment,train
"Invincible, Vol. 1.pdf_p0223_panel_1.jpg",neutral,"I
SHOULD
HAVE
INVESTED
IN A JET

PACK LONG
\ AGO...",auto_ocr_sentiment,train
"Invincible, Vol. 1.pdf_p1053_panel_6.jpg",fear,"DECISION
IS YOURS
TO MAKE.

 

IN TIME, A REPLACEMENT
FoR YOU WILL BE MAPE
AVAILABLE. ANOTHER
VILTRUMITE AGENT WILL
BE SENT HERE. IF YOU
STILL CHOOSE TO OPPOSE
US, YOU WILL BE KILLED ,

 
     
 
   
 
     
  

  
 

 
 
  

  
   

  

AND REPLACED AT 2
THAT TIME. LN
FIVE MONTHS... ee?

IT COULD BE
FIVE ie,

f cs
§
i “We

  

I PRAY
YOU COME
TO YOUR

SENSES
BEFORE THAT
TIME.",auto_ocr_sentiment,train
"Invincible, Vol. 1.pdf_p0137_panel_2.jpg",fear,"YEAH... I
MORE OR
LESS JUST
WANTED TO
GET THE
AUTHORIZED
DAY OFF
FROM
SCHOOL.

 

I DON’T
KNOW EXACT
WHAT I WANT 7
$0 THIS IS AS G
PLACE AS ANY. 1
VERY LEAST, |
KEEP Me OFF

STREET.",auto_ocr_sentiment,train
"Invincible, Vol. 1.pdf_p0930_panel_1.jpg",neutral,,auto_ocr_sentiment,train
"Invincible, Vol. 1.pdf_p0154_panel_4.jpg",neutral,,auto_ocr_sentiment,train
"Invincible, Vol. 1.pdf_p0036_panel_0.jpg",neutral,,auto_ocr_sentiment,train
"Invincible, Vol. 1.pdf_p0721_panel_10.jpg",neutral,,auto_ocr_sentiment,train
"Invincible, Vol. 1.pdf_p0828_panel_0.jpg",neutral,,auto_ocr_sentiment,train
"Invincible, Vol. 1.pdf_p0758_panel_0.jpg",neutral,UNO,auto_ocr_sentiment,train
"Invincible, Vol. 1.pdf_p0301_panel_4.jpg",fear,"WE HAVE
PROOF THAT
THERE ARE OTHER
PLANETS CAPABLE OF
SUPPORTING LIFE.
KNOWING HOW LONG HE
CAN HOLP HIS BREATH
AND HOW FAST HE CAN
FLY... IT IS NOT
UNREASONABLE TO
ASSUME YOUR FATHER
COULD MAKE IT TO
ONE OF THESE
PLANETS.

 
   

HE WAS
NOT COMMITTING
SUICIDE BY FLYING
INTO SPACE--THAT
WAS ONE OF OUR
TECHNICIANS’
THEORIES-—-AT LEAST...
WE’/RE PRETTY
SURE HE WASN’T.",auto_ocr_sentiment,train
"Invincible, Vol. 1.pdf_p0805_panel_1.jpg",surprise,"KNOW THE
ANSWER.

WELL? ARE YOU a
SATISFIED WITH THe) / 7
— RESULTS? NOT
oC THAT WE DON’T
ey 2

rs “el
AMAZING. IT’S XN

A DIFFEKENT BODY.
MY MEMORIES OF MY §
LIFE--OF BEING
TRAPPED IN THAT BUT
OO be ALL MY BODY IS",auto_ocr_sentiment,train
"Invincible, Vol. 1.pdf_p0876_panel_4.jpg",neutral,,auto_ocr_sentiment,train
"Invincible, Vol. 1.pdf_p0572_panel_4.jpg",neutral,,auto_ocr_sentiment,train
"Invincible, Vol. 1.pdf_p0608_panel_2.jpg",neutral,,auto_ocr_sentiment,train
"Invincible, Vol. 1.pdf_p0462_panel_2.jpg",neutral,,auto_ocr_sentiment,train
"Invincible, Vol. 1.pdf_p0867_panel_4.jpg",neutral,"YOU SAIV TOU CAN T FiINY
HIM--THAT YOU’RE NOT A
DETECTIVE AND WOULDPN’T

KNOW WHERE TO START.
WHAT IF I HAD
PLAN?

l- IT KNEW
SOMETHING WE
COULP PO--
SOMETHING THAT
MIGHT HELP US
FIND RICK--
WOULD YOU
PO IT?",auto_ocr_sentiment,train
"Invincible, Vol. 1.pdf_p0153_panel_5.jpg",neutral,,auto_ocr_sentiment,train
"Invincible, Vol. 1.pdf_p0956_panel_0.jpg",neutral,"y

OF--ARE YOU
NOT#!

=
tay
X
Sy
Wy
w=
Mig
<x
=
DS
Sw
—",auto_ocr_sentiment,train
"Invincible, Vol. 1.pdf_p0837_panel_10.jpg",neutral,,auto_ocr_sentiment,train
"Invincible, Vol. 1.pdf_p0234_panel_0.jpg",neutral,,auto_ocr_sentiment,train
"Invincible, Vol. 1.pdf_p0153_panel_1.jpg",neutral,,auto_ocr_sentiment,train
"Invincible, Vol. 1.pdf_p0007_panel_1.jpg",neutral,"le YOU
KEEP THAT UP,
YOU’RE GOING TO
GIVE YOURSELF",auto_ocr_sentiment,train
"Invincible, Vol. 1.pdf_p0598_panel_10.jpg",neutral,"HAVE IT LIVED THIS LIFE §&
LONG ENOUGH, |S IT
TIME FOR ME TO MOVE

ON--LEAVE THIS LIFE
BEHIND AND BECOME
SOMEONE NEW? Cy

HM. MAYBE T’LL STICK WITH IT

JUST A LITTLE BIT LONGER. |
.? ;
YY] ——___——aae Te",auto_ocr_sentiment,train
"Invincible, Vol. 1.pdf_p0345_panel_3.jpg",neutral,,auto_ocr_sentiment,train
"Invincible, Vol. 1.pdf_p0604_panel_3.jpg",anger,"ONSIDERED
“IN A SENSE.
UR POWERS-- YOU were

VORTANT THE SUBUECT
OF IN UTERO
EXPERIMENTS--
FUNDED BY THE
GOVERNMENT. THEY
WERE GOING TO
TURN YOU INTO A
WEAPON--BUT I
COULDPN’T ALLOW
THAT.",auto_ocr_sentiment,train
"Invincible, Vol. 1.pdf_p0661_panel_5.jpg",surprise,"WHAT IS
GOING ON?
EVERYTHING

IS GOING

BACK TO

NORMAL.

     
   
   
       

fay AS",auto_ocr_sentiment,train
"Invincible, Vol. 1.pdf_p0961_panel_4.jpg",neutral,"IT’S ABOUT
TO HAPPEN
TOYOU! ,",auto_ocr_sentiment,train
"Invincible, Vol. 1.pdf_p0524_panel_6.jpg",neutral,,auto_ocr_sentiment,train
"Invincible, Vol. 1.pdf_p0140_panel_3.jpg",neutral,,auto_ocr_sentiment,train
"Invincible, Vol. 1.pdf_p0690_panel_0.jpg",neutral,">.
INSIDE, STAY
SAFE. THEY
SHOULDN'T
KNOW WHERE ,
\ YOU ARE.",auto_ocr_sentiment,train
"Invincible, Vol. 1.pdf_p0625_panel_10.jpg",neutral,"WHAT
WAS THAT
ALL
ABOUT?

TOWN FOR A
WHILE.",auto_ocr_sentiment,train
"Invincible, Vol. 1.pdf_p0765_panel_0.jpg",neutral,"{

z
9
| we e
wd
SS
| SX
<tr",auto_ocr_sentiment,train
"Invincible, Vol. 1.pdf_p0009_panel_0.jpg",neutral,"-\ &
| eH af
Z- . == se S Sy
ip ety s eS LS

Vue ges =
ay om

| HI
ah

b i

|
E~.
J",auto_ocr_sentiment,train
"Invincible, Vol. 1.pdf_p0238_panel_3.jpg",neutral,,auto_ocr_sentiment,train
"Invincible, Vol. 1.pdf_p0738_panel_6.jpg",neutral,"y How
ARE THINGS Y

1 GOING WITH
THE BABY2 ,

rity",auto_ocr_sentiment,train
"Invincible, Vol. 1.pdf_p0489_panel_2.jpg",anger,"LUCKILY, FOK WHATEVER
REASON--WHOEVER IS
DISCOVERING WHAT’S LEFT
OF MY LABS--IS NOT A
REPORTING IT. I’LL HAVE
TO LOOK INTO THAT
EVENTUALLY.

Y vuowever, Ivin
LEARN SOMETHING *
FROM MONITORING
YOUR PREPECESSOR’S
LITTLE JAUNT. IT SEEMS
YOU DEAD SUBJECTS
WISH TO REMAIN PEAD,
SO TI CAN DEPUCE
THAT’S POSSIBLY
THE REASON YOU",auto_ocr_sentiment,train
"Invincible, Vol. 1.pdf_p0048_panel_1.jpg",neutral,,auto_ocr_sentiment,train
"Invincible, Vol. 1.pdf_p0934_panel_5.jpg",neutral,"THE ABBKEVIATEP VEKSION
IS THAT THOSE THINGS--THE
SEQUIDS--HAVE TAKEN OVER
MARS AND ARE ON THEIR WAY
TO EARTH WHERE THEY
VLAN TO DO THE SAME
HERE.

WE'RE
SENDING A

GROUP--YOU
INCLUDEP--OUT
INTO SPACE TO
STOP THEM.",auto_ocr_sentiment,train
"Invincible, Vol. 1.pdf_p0040_panel_0.jpg",neutral,,auto_ocr_sentiment,train
"Invincible, Vol. 1.pdf_p0675_panel_2.jpg",neutral,"KEEV YOUK GUAKP

KEEP §
wa YOUR HEAD-- (@

é",auto_ocr_sentiment,train
"Invincible, Vol. 1.pdf_p0231_panel_3.jpg",neutral,,auto_ocr_sentiment,train
"Invincible, Vol. 1.pdf_p0531_panel_1.jpg",neutral,,auto_ocr_sentiment,train
"Invincible, Vol. 1.pdf_p1000_panel_0.jpg",anger,"I REALLY MiSS AMBER.
I DON’T KNOW WHAT I’M
DOING WITHOUT HER--I
NEVER KNEW HOW MUCH I
RELIED ON HER--HOW
H "" MY GRADES

HERE AT THE
UNIVERSITY ARE
GETTING WORSE.
I SERIOUSLY THINK

CAN TURN THINGS
AROUND THIS
SEMESTER.

 

I DON’T
KNOW, MAN...
SOMETIMES IT

JUST FEELS

LIKE THINGS
ARE FALLING

a",auto_ocr_sentiment,train
"Invincible, Vol. 1.pdf_p0479_panel_0.jpg",surprise,"BEEN A WHILE
SINCE we've
DONE THIS,
HUH?
: HEN
WAS MY LAST
PARTY2 NINTH
GRAPE OR
TENTH?

HAVE WE
NOT SVENT

THE NIGHT
TOGETHER SINCE
THEN? WOW,
iT HAS BEEN
A WHILE.",auto_ocr_sentiment,train
"Invincible, Vol. 1.pdf_p0587_panel_6.jpg",neutral,,auto_ocr_sentiment,train
"Invincible, Vol. 1.pdf_p0125_panel_5.jpg",neutral,,auto_ocr_sentiment,train
"Invincible, Vol. 1.pdf_p0891_panel_2.jpg",neutral,,auto_ocr_sentiment,train
"Invincible, Vol. 1.pdf_p0874_panel_5.jpg",neutral,"<r a

Mm ONE HOUR | a
LATER. = 4",auto_ocr_sentiment,train
"Invincible, Vol. 1.pdf_p1008_panel_0.jpg",surprise,"INVINCIBLE
BOY?",auto_ocr_sentiment,train
"Invincible, Vol. 1.pdf_p0457_panel_3.jpg",joy,"[2 oA
Pe

ee cM

 

CAME IN HANDY! £",auto_ocr_sentiment,train
"Invincible, Vol. 1.pdf_p0392_panel_0.jpg",neutral,,auto_ocr_sentiment,train
"Invincible, Vol. 1.pdf_p0472_panel_2.jpg",neutral,"YOU’LL Ch

BE HAPPY TO AN
KNOW We rerrectep ¥ SEE
THE PROCESS I USED | WE
TO POWNLOAP MY ce

MEMORIES INTO
MY CLONE.",auto_ocr_sentiment,train
"Invincible, Vol. 1.pdf_p0468_panel_3.jpg",neutral,SUFEKHEKO.,auto_ocr_sentiment,train
"Invincible, Vol. 1.pdf_p0181_panel_2.jpg",neutral,,auto_ocr_sentiment,train
"Invincible, Vol. 1.pdf_p1110_panel_3.jpg",neutral,"TO GET ONE
SHOT AT THIS--

‘worKe! OLN ER",auto_ocr_sentiment,train
"Invincible, Vol. 1.pdf_p0912_panel_1.jpg",neutral,"WHAT WAS =
HIS NAME GARY. HIS Y IF You GUYS GET \/  JANNIE’S RIGHT--
AGAIN? ALONG SO WELL, AND YOUR CGURRENT
5 GA LIKE YOU SAIP—-- | BOYFRIEND IS M.LA. SO
MAYBE THERE OFTEN, I’M SURE HE
1S SOMETHING WOULPN’T EVEN NOTICE
THERE. IE YOU GOT COFFEE
WITH THE GUY OR

p SOMETHING.",auto_ocr_sentiment,train
"Invincible, Vol. 1.pdf_p0589_panel_7.jpg",neutral,"WHATEVER --
JUST GO.",auto_ocr_sentiment,train
"Invincible, Vol. 1.pdf_p0625_panel_3.jpg",sadness,"I'M GOING OUT VU
INTO SPACE--I i
MAY BE GONE",auto_ocr_sentiment,train
"Invincible, Vol. 1.pdf_p1022_panel_3.jpg",anger,"WELL --AFTIEK IM
DONE SCANNING THESE
THINGS--I SHOULD
VROBABLY HEAD ON
BACK. I’VE GOT ALONG
JOURNEY AHEAD AND
I'VE GOT ALOT TO
REPORT ON.

I REGRET
THAT YOU CAN’T
ACCOMPANY Me--
BUT AGAIN, T
APPRECIATE

; WHEN IT’S
ALL OU ve TIME TO ATTACK--

WHEN YOU NEED
SOMEONE FOR THE
ACTUAL FIGHT--IF

THERE IS ONE--
Give ME ACALL. I

JUST CAN’T JUSTIFY

TAKING ALL THAT

TIME TO FLY OUT

THERE JUST TO

TALK TO YOUR
(a",auto_ocr_sentiment,train
"Invincible, Vol. 1.pdf_p1017_panel_0.jpg",anger,"WHAT THE HELL
IS THIS,
INVINCIBLE?

ALLEN, PUPE--PLEASE. £ YOU GUYS
THIS IS ALL JUST A BIG B CAN'T HEAR EACH
MISUNDERSTANDING. mm OTHER. IT’S JUST
_ we 7 Me, I CAN HEAR
YOU BOTH--YOU CAN
HEAR Me. THE LINK
DOESN’T GO TO
EACH OF YOU.",auto_ocr_sentiment,train
"Invincible, Vol. 1.pdf_p0937_panel_4.jpg",neutral,,auto_ocr_sentiment,train
"Invincible, Vol. 1.pdf_p0575_panel_1.jpg",surprise,"OH, AND
WHERE THE
HELL HAVE",auto_ocr_sentiment,train
"Invincible, Vol. 1.pdf_p1094_panel_1.jpg",neutral,,auto_ocr_sentiment,train
"Invincible, Vol. 1.pdf_p0447_panel_1.jpg",neutral,,auto_ocr_sentiment,train
"Invincible, Vol. 1.pdf_p1060_panel_2.jpg",neutral,,auto_ocr_sentiment,train
"Invincible, Vol. 1.pdf_p0358_panel_2.jpg",surprise,"IN COSTUME?!
YOU MEAN--?",auto_ocr_sentiment,train
"Invincible, Vol. 1.pdf_p1104_panel_4.jpg",neutral,,auto_ocr_sentiment,train
"Invincible, Vol. 1.pdf_p0948_panel_0.jpg",anger,"E’VE GOT
ENOUGH AIR FOR
SIXTEEN MINUTES

WE ALL REMAIN

CALM.

SOMETHING ,
Now. I DON’T--
UNGH--THINK
I CAN HOLD
R

THIS TOGETHER
FO
my, SIXTEEN--
—_
Ls ian s Fi (|

/ (aS
SER : VP eve
n>

a

a
ae
:

EVERYONE
WHO CAN FLY--
HELP ME
PUSH!",auto_ocr_sentiment,train
"Invincible, Vol. 1.pdf_p0436_panel_5.jpg",neutral,,auto_ocr_sentiment,train
"Invincible, Vol. 1.pdf_p0857_panel_0.jpg",anger,"I CAN UNDERSTAND You ‘
BEING ANGRY BUT IF YOU'LL

THINK BACK ON THE EVENTS
THAT LEP TO YOU LIVING DOWN tr §]
HERE YOU'LL RECALL I WAS ""|

TRYING TO SAVE YOU AT

ONE POINT AND YOU
SORT OF...

—\

YOU A DEBT OF &
GRATITUDE.

i

YOUR VILLAINS NO, NEVER.
ALWAYS LIKE NOTEVEN &
THIS? ONCE.
MOUNT RUSHMORE
THAT DAY.",auto_ocr_sentiment,train
"Invincible, Vol. 1.pdf_p0894_panel_3.jpg",neutral,GRADES.,auto_ocr_sentiment,train
"Invincible, Vol. 1.pdf_p0509_panel_0.jpg",neutral,"OKAY,
PEOPLE.
WHAT HAVE
WE GOT?

 

Pe
ve

nN ’ / a

ad

is |! ’
‘s

 

I

P\

 

oy
~~
a

ra ,
ee ©",auto_ocr_sentiment,train
"Invincible, Vol. 1.pdf_p0239_panel_2.jpg",neutral,,auto_ocr_sentiment,train
"Invincible, Vol. 1.pdf_p0876_panel_3.jpg",neutral,,auto_ocr_sentiment,train
"Invincible, Vol. 1.pdf_p0018_panel_0.jpg",neutral,,auto_ocr_sentiment,val
"Invincible, Vol. 1.pdf_p0760_panel_8.jpg",neutral,,auto_ocr_sentiment,val
"Invincible, Vol. 1.pdf_p0646_panel_0.jpg",neutral,"THEY ARE A PEOPLE
VASTLY DIFFERENT
THAN THOSE OF EARTH.
THOUGH THEIR
TECHNOLOGY AND
ADVANCEMENT AS A
SPECIES ARE VERY

SIMILAR.

IN SOME WAYS THEY ARE
LESS ADVANCED, IN OTHER
WAYS, THEY ARE MORE

ADVANCED.

  

  

I DECIDED
ON THIS WORLD

ALMOST
INSTANTLY.",auto_ocr_sentiment,val
"Invincible, Vol. 1.pdf_p0729_panel_9.jpg",neutral,"GOOP. NOW
I’VE GOT TO
REPRIMANP
YOU.

  

   

I KNOW
THIS TURNED
QUT FOR THE BEST.
SEEING YOUR FATHER,
GETTING MORE INFO
ON THE VILTRUMITES,
YOUR BROTHER... BUT
I DON’T WANT YOU
TO DISOBEY ME",auto_ocr_sentiment,val
"Invincible, Vol. 1.pdf_p0528_panel_0.jpg",neutral,,auto_ocr_sentiment,val
"Invincible, Vol. 1.pdf_p0227_panel_5.jpg",neutral,"GOT AMBER
CARES.

ANYWAY...
I WAS WANTING
TO KNOW IF YOU

 

WANTEP TO HIT THE
CHAD AND ME SINCE
YOU'VE BAILED THE

LAST FEW TIMES.",auto_ocr_sentiment,val
"Invincible, Vol. 1.pdf_p0120_panel_5.jpg",neutral,,auto_ocr_sentiment,val
"Invincible, Vol. 1.pdf_p0976_panel_8.jpg",neutral,"THEM |S
STILL ALIVE--
ONE OF THE
\ BAD GUYS.",auto_ocr_sentiment,val
"Invincible, Vol. 1.pdf_p1086_panel_0.jpg",surprise,"WHAT WAS IT THAT
SENT YOU OVER
THE EDGE?! WAS
IT THAT SHE
LEFT YOU?!

 

DID IT PRIVE
YOU CRAZY TO
SEE HEK WITH

ANOTHER

V4
I WAS--UNGH--
UPSET FOR A
WHILE--BUT NOT
VISSED, NOT",auto_ocr_sentiment,val
"Invincible, Vol. 1.pdf_p0837_panel_2.jpg",anger,"MEMOUKS OF
A SPACE
APVENTURER.

, Your
FATHER TRIED
TO BE A SCIENCE
FICTION WRITER
AT FIRST. THE
FIRST TWO SOLD
ENOUGH TO MAKE
HIM ALITTLE BIT
OF MONEY... THE
TWO AFTER THAT
WERE HUGE
. FAILURES. 4

ant",auto_ocr_sentiment,val
"Invincible, Vol. 1.pdf_p0327_panel_0.jpg",surprise,= MARV. THANKS FOR COMING BY. I JUST be | T ONLY MET YOUR FATHER ONCE Sa,auto_ocr_sentiment,val
"Invincible, Vol. 1.pdf_p0459_panel_3.jpg",neutral,,auto_ocr_sentiment,val
"Invincible, Vol. 1.pdf_p1065_panel_2.jpg",neutral,,auto_ocr_sentiment,val
"Invincible, Vol. 1.pdf_p0938_panel_4.jpg",neutral,,auto_ocr_sentiment,val
"Invincible, Vol. 1.pdf_p0140_panel_2.jpg",neutral,,auto_ocr_sentiment,val
"Invincible, Vol. 1.pdf_p0532_panel_3.jpg",neutral,,auto_ocr_sentiment,val
"Invincible, Vol. 1.pdf_p0921_panel_0.jpg",neutral,"AN UNPISCLOSED
LOCATION IN UTAH.

THE SECKET MOUNTAIN

BASE OF a: GUARDIANS
OF THE GLOB",auto_ocr_sentiment,val
"Invincible, Vol. 1.pdf_p0226_panel_3.jpg",neutral,"fe

vo
nt
—_
IT

Mi",auto_ocr_sentiment,val
"Invincible, Vol. 1.pdf_p0035_panel_0.jpg",neutral,,auto_ocr_sentiment,val
"Invincible, Vol. 1.pdf_p0737_panel_1.jpg",neutral,,auto_ocr_sentiment,val
"Invincible, Vol. 1.pdf_p1117_panel_1.jpg",neutral,"Grayson
like most
yne else his age.

1 senior at a normal
aan high school. He
crappy part time job
chool and on weekends.
2s girls quite a bit, but
t quite understand them.
yoys hanging out with
2nds and sleeping late on
ays (at least until the good
ns come on). The only difference
2n Mark and everyone else his
that his father is the most powerful
ero on the planet, and as of late, he
to be inheriting his father’s powers.

Hiya —

it’s only the beginning of Mark’s problems...

~~ TM VNe oy IV",auto_ocr_sentiment,val
"Invincible, Vol. 1.pdf_p0958_panel_7.jpg",neutral,"BESIDES--IT'S

MY NIGHT OFF.

THEY CAN FIND
SOMEON.

ELSE.",auto_ocr_sentiment,val
"Invincible, Vol. 1.pdf_p0556_panel_1.jpg",joy,"I BRING News NEWS THAT I
OF A POSITIVE | BELIEVE WILL
NATURE, GREAT , BRING OUR
THAEDUS. ME PEOPLE GREAT
Ove. 4

Ve",auto_ocr_sentiment,val
"Invincible, Vol. 1.pdf_p0844_panel_0.jpg",neutral,"HeEerBerr

HOOVER HIGH
SCHOOL.",auto_ocr_sentiment,val
"Invincible, Vol. 1.pdf_p0451_panel_5.jpg",neutral,"ANYWAY. WE JUST STEAL
TUFF, TEAR STUFF UP, AND
/E 4 GOOD TIME. EVERY TIM
NE OF YOU HEROES COMES
ER US, WE KNOW YOU’RE NO
YING TO KILL US. THE VILLAII
OF THIS IS RISK FREE, UN
EY START BUILDING BETTER
7RISONS, THAT IS... BUT NO
TER HOW TOUGH THEY MAK
ISE THINGS THEY’LL NEVER
VORK. YOU PUT THAT MANY
SUPER-POWERED VILLAINS
IN ONE PLACE AND I

GUARANTEE YOU--
SOMETHING WILL

GO WRONG.

 
   
  
 
    

THE SIDE

OF THE ANGELS
IS FOR RUBES, N
FRIEND. IT’S A FOO!
GAME. YOU’VE GO

EVERYTHING
WORKING AGAINS
YOU.

    
     
   
   
   
 

OF COURSE...

AFTER TOPAY--
I PROBABLY WON’T
HAVE TOO MANY
FRIENDS ON THE
OTHER SIDE. SO
WHO KNOWS...",auto_ocr_sentiment,val
"Invincible, Vol. 1.pdf_p0530_panel_4.jpg",neutral,,auto_ocr_sentiment,val
"Invincible, Vol. 1.pdf_p0954_panel_3.jpg",anger,"IT’S OKAY--
AS LONG AS ONE
COPY OF ME
SURVIVES--I’LL
BE FINE--DON’T
WORRY ABOUT
Me!",auto_ocr_sentiment,val
"Invincible, Vol. 1.pdf_p0305_panel_2.jpg",neutral,,auto_ocr_sentiment,val
"Invincible, Vol. 1.pdf_p0151_panel_2.jpg",neutral,"Baeee
saeee
VY
et
mT
Ly

  

i en |
|",auto_ocr_sentiment,val
"Invincible, Vol. 1.pdf_p0814_panel_3.jpg",neutral,"IT’S TOO
LATE For
ME,",auto_ocr_sentiment,val
"Invincible, Vol. 1.pdf_p1107_panel_2.jpg",neutral,,auto_ocr_sentiment,val
"Invincible, Vol. 1.pdf_p0325_panel_1.jpg",neutral,"CARE ABOUT WHAT
EVE WANTS TO DO?

a TT

KNOW You TWO
, ~~ POKE. a
—",auto_ocr_sentiment,val
"Invincible, Vol. 1.pdf_p0031_panel_0.jpg",neutral,"WORD TRAVELED AROUND OUR PLANET
ABOUT HOW MUCH GOOD THE WORLD
BETTERMENT COMMITTEE WAS DOING.
SOON, IT WAS THE MOST POPULAR
PROFESSION ON VILTRUM.

i. Ri) ee *",auto_ocr_sentiment,val
"Invincible, Vol. 1.pdf_p0463_panel_0.jpg",neutral,,auto_ocr_sentiment,val
"Invincible, Vol. 1.pdf_p0008_panel_6.jpg",neutral,,auto_ocr_sentiment,val
"Invincible, Vol. 1.pdf_p0485_panel_0.jpg",fear,"NO WAY, MAN.
I’M NOT LETTING

 

OF
COURSE--
YOU LOOK

KINPA DEAD
SPEAKING HT

OF YOU--WHAT
AKE YOU DOING",auto_ocr_sentiment,val
"Invincible, Vol. 1.pdf_p1109_panel_0.jpg",neutral,,auto_ocr_sentiment,val
"Invincible, Vol. 1.pdf_p0638_panel_2.jpg",neutral,,auto_ocr_sentiment,val
"Invincible, Vol. 1.pdf_p0698_panel_1.jpg",surprise,"OU OU
AREF?! YOU THINK YOU
CAN GET AWAY WITH THIS?!
THESE PEOPLE PIP
NOTHING TO PESERVE
THISH

T WAS
RULING THEN--
THEY WERE READY
TO BECOME A PART
A OF THE VILTRUM £4
; EMPIRE! _@
a",auto_ocr_sentiment,val
"Invincible, Vol. 1.pdf_p0669_panel_2.jpg",neutral,"THAT’S
INTERESTING.

WHAT
ARE YOU
DOING
THERE?",auto_ocr_sentiment,val
"Invincible, Vol. 1.pdf_p0476_panel_4.jpg",neutral,,auto_ocr_sentiment,val
"Invincible, Vol. 1.pdf_p1068_panel_2.jpg",sadness,"MY SPINE IS HEALING,
I’M CLOSER TO
PERFECTION EVERY DAY.
ONCE I AM WORTHY
OF EXECUTION MY
LIFE WILL BE
TAKEN.

IS THAT ¥
NOT REASON ¥

ENOUGH
FoR MY
. MOOD? A",auto_ocr_sentiment,val
"Invincible, Vol. 1.pdf_p1021_panel_1.jpg",neutral,"Rive K—-— ¥ ert. \e
UH... WELL. I JUST
FOUNP OUT TODAY
THAT HE'S ALREADY
GETTING HIS
POWERS.

yor",auto_ocr_sentiment,val
"Invincible, Vol. 1.pdf_p0920_panel_9.jpg",neutral,,auto_ocr_sentiment,val
"Invincible, Vol. 1.pdf_p0667_panel_4.jpg",neutral,"OKAY. DON’T
WORRY, I’L
KEEP THEM",auto_ocr_sentiment,val
"Invincible, Vol. 1.pdf_p0311_panel_0.jpg",neutral,,auto_ocr_sentiment,val
"Invincible, Vol. 1.pdf_p0610_panel_0.jpg",anger,"I GUESS T’LL
HAVE TO FIND
SOMETHING
BIGGER!",auto_ocr_sentiment,val
"Invincible, Vol. 1.pdf_p0665_panel_1.jpg",neutral,,auto_ocr_sentiment,val
"Invincible, Vol. 1.pdf_p0139_panel_0.jpg",neutral,,auto_ocr_sentiment,val
"Invincible, Vol. 1.pdf_p0205_panel_2.jpg",neutral,,auto_ocr_sentiment,val
"Invincible, Vol. 1.pdf_p0615_panel_8.jpg",neutral,"ee

 

haere

—=—",auto_ocr_sentiment,val
"Invincible, Vol. 1.pdf_p0432_panel_2.jpg",neutral,"THEY
MUST HAVE",auto_ocr_sentiment,val
"Invincible, Vol. 1.pdf_p0057_panel_2.jpg",neutral,"- vu
a DONT BE ALOSER! ft
nh y,
s
VY
('\

A 5
as Yn
,
CY

7

Lo

Pa oA

 

SS
Saal",auto_ocr_sentiment,val
"Invincible, Vol. 1.pdf_p0856_panel_0.jpg",anger,"YOURS?!
I’M ONE OF
YOURS?!

LIKE SOME
LOWLY
VILLAIN!

I'M SORRY--

I CAN Overreact %
AT TIMES. I17’s Tove. VW

I1’S JUST THAT--I
USED TO BE A
HEAVYWEIGHT BEFORE
FATHER TIME TOOK
HIS TOLL ON

IMMORTAL

CAPTAIN COSMIC,

OVERLY
SENSITIVE.",auto_ocr_sentiment,val
"Invincible, Vol. 1.pdf_p0069_panel_2.jpg",neutral,,auto_ocr_sentiment,val
"Invincible, Vol. 1.pdf_p0869_panel_2.jpg",anger,"VE MY FUTURE
KIDE HURT BY
HESE SAVAGE
BEASTS!

WHAT ARE
> YOU--1I’M FINE!
LET ME PO
MY JOB!",auto_ocr_sentiment,val
"Invincible, Vol. 1.pdf_p0597_panel_0.jpg",fear,"7 Ne eS E>

1 IT'S UNKNOWN HOW REX
WAS SINGLED OUT--OR
EXACTLY WHAT HIS USE
WAS ULTIMATELY GOING
TO Be.

 
  
 

  

FOR A TIME, REX WAS SENT
TO FAR OFF LANDS TO DO VERY

mM BAD THINGS TO VERY BAD PEOPLE.
| AT LEAST--HE WAS TOLP THEY

m WERE BAP PEOPLE.

   
   
  
 

       
     

. A\ A al A
N UNTIL HE
ESCAPED. .

iN

HE WAS NEVER TOLD
WHAT HAPPENED TO
HIS PARENTS OR WHY
HE WAS TAKEN FROM
THEM. He HAP TO
FIND OUT.

FOR A TIME
HE WAS LOYAL. |- \
VERY LOYAL.",auto_ocr_sentiment,val
"Invincible, Vol. 1.pdf_p0918_panel_5.jpg",neutral,,auto_ocr_sentiment,val
"Invincible, Vol. 1.pdf_p0153_panel_3.jpg",neutral,"(KNEEL
BEFORE
KURSK!)",auto_ocr_sentiment,val
"Invincible, Vol. 1.pdf_p0867_panel_5.jpg",neutral,,auto_ocr_sentiment,val
"Invincible, Vol. 1.pdf_p0349_panel_1.jpg",anger,"OUR GREAT LEADER, AQUARUS THE FIRST--WAS
COURTING HIS MATE TO BE. SHE WAS A SPIRITED
WOMAN--MUCH LIKE OUR AQUARIA--ANP WAS HARD
TO PLEASE. ONE PAY WHILE THEY WERE ON THEIR
WALK THEY WERE ATTACKED BY A DEPTH DWELLER.

WITH NO CONSIDERATION FOR HIS OWN LIFE,
AGUARUS LEAPT TO DEFEND THE LIFE OF
HIS FUTURE MATE. THE ACT WAS SO
HEROIC--IT WON HER OVER
INSTANTLY.",auto_ocr_sentiment,val
"Invincible, Vol. 1.pdf_p0810_panel_1.jpg",neutral,,auto_ocr_sentiment,val
"Invincible, Vol. 1.pdf_p0574_panel_5.jpg",neutral,"UM, ART,
CLAIRE,
CECIL, AMBEX...
UM...EVE...
AND UM...
WILLIAM.",auto_ocr_sentiment,val
"Invincible, Vol. 1.pdf_p0710_panel_1.jpg",neutral,"READ MY--

BOOKS,
MARK.",auto_ocr_sentiment,val
"Invincible, Vol. 1.pdf_p0110_panel_4.jpg",neutral,"DON’T YO
REMEMBER
THE LAST TIME
YOU TRIED",auto_ocr_sentiment,val
"Invincible, Vol. 1.pdf_p0813_panel_5.jpg",neutral,,auto_ocr_sentiment,val
"Invincible, Vol. 1.pdf_p0700_panel_5.jpg",neutral,"L COMMENP THE
EFFORT, 1 PO,
BUT IT WILL HAVE
L NO EFFECT. YOU
m ARE AS GOOD

AS DEAD.",auto_ocr_sentiment,val
"Invincible, Vol. 1.pdf_p0939_panel_1.jpg",neutral,"pit aa ade Vi Tae

)
U
Aa)
a)
‘

7
aN.
bo
,
SN
\
F
c

ry",auto_ocr_sentiment,val
"Invincible, Vol. 1.pdf_p0471_panel_5.jpg",neutral,,auto_ocr_sentiment,val
"Invincible, Vol. 1.pdf_p0191_panel_4.jpg",neutral,,auto_ocr_sentiment,val
"Invincible, Vol. 1.pdf_p0769_panel_5.jpg",neutral,,auto_ocr_sentiment,val
"Invincible, Vol. 1.pdf_p1002_panel_8.jpg",sadness,"HE'S IN THE
BACKYARD,
PLAYING. HIS
TUTOR JUST
LEFT.

 
  
      

   

YOU
SHOULD
GO SEE
HIM. HE
MISSES",auto_ocr_sentiment,val
"Invincible, Vol. 1.pdf_p0517_panel_7.jpg",neutral,,auto_ocr_sentiment,val
"Invincible, Vol. 1.pdf_p0277_panel_1.jpg",neutral,,auto_ocr_sentiment,val
"Invincible, Vol. 1.pdf_p0241_panel_1.jpg",neutral,,auto_ocr_sentiment,val
"Invincible, Vol. 1.pdf_p1114_panel_3.jpg",neutral,"Anyone who looks at the credits of their favorite comic books is likely familiar with the
name RUS WOOTON. With his work on Invincible, The Walking Dead, The Astounding
Wolf-Man, Godland, Fear Agent and more, a case could easily be made for Wooton being
the go-to letterer for creator-owned comics. But Wooton’s work can also be found in
abundance at Marvel Comics, where as a member of Chris Eliopoulos’ Virtual Caligraphy
group he has lettered countless series including Fantastic Four, newuniversal, Uncanny
X-Men and more.",auto_ocr_sentiment,val
"Invincible, Vol. 1.pdf_p0647_panel_5.jpg",neutral,,auto_ocr_sentiment,val
"Invincible, Vol. 1.pdf_p0083_panel_1.jpg",anger,"SURE YOU’RE ALL
AWARE THAT MID-
TERMS ARE IN A COUPLE
WEEKS. $0 I JUST WANT
TO REMIND YOU THAT
THIS TEST COMING UP
CAN EITHER HELP YOUR
BAD GRADE, OR HURT
YOUR GOOP GRADE.
SO PLEASE... STUDY
FOR THIS ONE,

Ui

MY PANT

TAL TL TT

ef sui ul

oe
a",auto_ocr_sentiment,val
"Invincible, Vol. 1.pdf_p1016_panel_4.jpg",neutral,,auto_ocr_sentiment,val
"Invincible, Vol. 1.pdf_p0430_panel_1.jpg",anger,"JESUS!
WILL YOU GET
TO WORK ALREADY!
WE'RE GOING",auto_ocr_sentiment,val
"Invincible, Vol. 1.pdf_p0088_panel_6.jpg",neutral,,auto_ocr_sentiment,val
"Invincible, Vol. 1.pdf_p0236_panel_0.jpg",neutral,,auto_ocr_sentiment,val
"Invincible, Vol. 1.pdf_p0624_panel_6.jpg",neutral,,auto_ocr_sentiment,val
"Invincible, Vol. 1.pdf_p0053_panel_4.jpg",neutral,,auto_ocr_sentiment,val
"Invincible, Vol. 1.pdf_p0382_panel_7.jpg",neutral,,auto_ocr_sentiment,val
"Invincible, Vol. 1.pdf_p0530_panel_2.jpg",anger,"HE ONE WHOSE VY TH
IAD KILLED ALL SA
OSE PEOPLE ANP CA,
APPEARED WHILE
‘OUR DAD PIED
INA CAR
CRASH.",auto_ocr_sentiment,val
"Invincible, Vol. 1.pdf_p0400_panel_1.jpg",anger,"WARDEN WILL
Be BY IN AN HOUR
OR SO. IT DON’T WANT
TO HEAR NO TROUBLE
FROM THIS WING.

a Ue
[ieee

ey",auto_ocr_sentiment,val
"Invincible, Vol. 1.pdf_p0614_panel_1.jpg",neutral,"-
ye

PT iif
s

R

(’ Wil
, } |
hs

C7,

Kia,
a
1",auto_ocr_sentiment,val
"Invincible, Vol. 1.pdf_p0036_panel_2.jpg",neutral,,auto_ocr_sentiment,val
"Invincible, Vol. 1.pdf_p1074_panel_3.jpg",anger,"ma? 6BY PUSHING THE SIMILARLY
add CHARGED MAGNETS TOGETHER
, | YOU’RE DISTORTING THE
MAGNETIC FIELD, BENDING
IT... CRUSHING IT,
REALLY.

jy THE
RESISTANCE
RESULTING FROM
THE FIELD DISTORTION
IS EQUAL TO ALMOST
FOUR-HUNPRED
TONS.
REALLY?",auto_ocr_sentiment,val
"Invincible, Vol. 1.pdf_p0330_panel_1.jpg",anger,"PLEASE.
CAN WE PO
THIS ANOTHER
TIME?

WHAT’S THE
MATTER, MARK?
YOU NOT UP FORA
CONFRONTATION 2
YOU THINK YOU CAN
JUST LEAVE ME

HANGING LIKE YOU
DID WHEN YOU SUIT
AND JUST NEVER
HAVE TO FACE ME?
THINK AGAIN
KID!",auto_ocr_sentiment,val
"Invincible, Vol. 1.pdf_p0345_panel_6.jpg",neutral,,auto_ocr_sentiment,val
"Invincible, Vol. 1.pdf_p0325_panel_4.jpg",neutral,,auto_ocr_sentiment,val
"Invincible, Vol. 1.pdf_p0322_panel_2.jpg",neutral,"I'M FINE, DEBBIE. IT’S
YOU THAT I’M WORRIED
ABOUT.

   
 
 
  
 
 
 
 
 

IF YOU’RE

IN THE MOOD
TO TALK, I’D Be

HAPPY TO LISTEN

TO WHATEVER
YOU'VE GOT

TO SAY.",auto_ocr_sentiment,val
"Invincible, Vol. 1.pdf_p0769_panel_0.jpg",neutral,"De es Hiheg peed
M79 Le

PONT VT TELL We I |",auto_ocr_sentiment,val
"Invincible, Vol. 1.pdf_p0524_panel_10.jpg",anger,"Tce ahee
| fF
oe

WELL--
SOMETHING
1S GOING ON.
YOURE NOT

ACTING

NORMAL.",auto_ocr_sentiment,val
"Invincible, Vol. 1.pdf_p0070_panel_1.jpg",neutral,,auto_ocr_sentiment,val
"Invincible, Vol. 1.pdf_p0648_panel_4.jpg",surprise,"\ a _ Ze
got
- f !
%",auto_ocr_sentiment,val
"Invincible, Vol. 1.pdf_p0664_panel_6.jpg",neutral,"SOMEHOW
THAT MAKES
Me FEEL BETTER.
ONE OF THE THINGS
THAT GOT TO Me
THE MOST WAS THAT
I MORE THAN LIKELY
DIDN’T EVEN KNOW
YOUR NAME
ANYMORE.",auto_ocr_sentiment,val
"Invincible, Vol. 1.pdf_p0262_panel_3.jpg",surprise,"THIS |S INSANE!
WHAT DO YOU EXPECT
HERES! THAT I’M
GOING TO ENSLAVE
MY FRIENDS FOR A
BUNCH OF ALIENS
I’Vé NEVER EVEN
MET#!

THIS IS
MY LIFE...
THESE ARE

MY
PEOPLE!",auto_ocr_sentiment,val
"Invincible, Vol. 1.pdf_p0702_panel_0.jpg",neutral,"COUGHI=

i?
-_
~
=
-~
@&

=z
AS)
>
°
y)

-
7",auto_ocr_sentiment,val
"Invincible, Vol. 1.pdf_p0586_panel_0.jpg",neutral,"BECAUSE,
OBVIOUSLY --
THEY’RE
ALREADY
DEAD.

Ai9 a a
ay faa
_ ag
ao
_ ~ a
a Ny
f ; ee
Yass
AIF
fi
-o
| mesh
~ a 6 7
- d
“\ 4
4

I--1T
GATHEREP
THAT.",auto_ocr_sentiment,val
"Invincible, Vol. 1.pdf_p0754_panel_1.jpg",neutral,"Vip Wi
- V4 LZ,
Le. LE Mit
Ay yy GL“ IL! Wiig",auto_ocr_sentiment,val
"Invincible, Vol. 1.pdf_p0523_panel_4.jpg",surprise,"YEAH, OF
GOURSE. KINDA
MAD TOO. HE’S
A TWO SECOND

ELIGHT AWAY
AND HE STILL
HASN’T VISITED
SINCE SCHOOL f

STARTED. 4",auto_ocr_sentiment,val
"Invincible, Vol. 1.pdf_p1019_panel_4.jpg",neutral,,auto_ocr_sentiment,val
"Invincible, Vol. 1.pdf_p0884_panel_0.jpg",neutral,"aa te

TELL ME
ABOUT IT. I
HAVE LIKE hy",auto_ocr_sentiment,val
"Invincible, Vol. 1.pdf_p0744_panel_5.jpg",neutral,"OUT AS LONG
AS YOU CAN,
GUYS. I’M
\ ALMOST I'M

THIS GUY",auto_ocr_sentiment,val
"Invincible, Vol. 1.pdf_p1024_panel_5.jpg",anger,"I
TO GIVE HIM
ANOTHER
CHANCE.",auto_ocr_sentiment,val
"Invincible, Vol. 1.pdf_p0451_panel_3.jpg",neutral,,auto_ocr_sentiment,val
"Invincible, Vol. 1.pdf_p0031_panel_4.jpg",anger,"I REFUSED TO GIVE UP, AND
OFFERED AN ALTERNATIVE
SOLUTION. IT VOLUNTEERED

0 RELOCATE TO EARTH, AND
Be ITS SOLE PROTECTOR,
DEDICATED TO THE SURVIVAL
OF ITS CIVILIZATION.

DUE TO EARTH'S LOCATION IN
SUCH A REMOTE AREA OF THE
UNIVERSE, IT WAS WARNED
THAT THERE MIGHT NOT Be ANY
CHANCE OF RETURNING.",auto_ocr_sentiment,val
"Invincible, Vol. 1.pdf_p0581_panel_1.jpg",neutral,"THAT WAS AN
IMPRESSIVE
PUNCH. IT’S A
GOOD THING",auto_ocr_sentiment,val
"Invincible, Vol. 1.pdf_p0910_panel_7.jpg",neutral,"I’Ve
BEEN
THROUGH
IT, TOO.",auto_ocr_sentiment,val
"Invincible, Vol. 1.pdf_p0976_panel_6.jpg",neutral,,auto_ocr_sentiment,val
"Invincible, Vol. 1.pdf_p1105_panel_5.jpg",neutral,,auto_ocr_sentiment,val
"Invincible, Vol. 1.pdf_p0085_panel_2.jpg",neutral,,auto_ocr_sentiment,val
"Invincible, Vol. 1.pdf_p0897_panel_5.jpg",neutral,,auto_ocr_sentiment,val
"Invincible, Vol. 1.pdf_p0211_panel_2.jpg",neutral,,auto_ocr_sentiment,val
"Invincible, Vol. 1.pdf_p1034_panel_3.jpg",fear,"RUST Me, trilsa
IS FINE. I DON’T
MIND WATCHING
OLIVER EVERY NOW
AND THEN SO YOU CAN
GO OUT OR WHATEVER.
SOME JOBS IN THE
VAST THE KIDS HAVE

 
     
 
   
   
   
 
    
 
 
   
    
 
   
   

  

7 YOU’ReE
NOT ASKING TOO
MUCH. HE’LL BE
FINE. I’LL TALE
CARE OF THE
LITTLE GUY.",auto_ocr_sentiment,val
"Invincible, Vol. 1.pdf_p0484_panel_6.jpg",neutral,,auto_ocr_sentiment,val
"Invincible, Vol. 1.pdf_p0921_panel_3.jpg",anger,"{fF YOU'P
SHOWN ME EVEN

ALITTLE BIT OF

COMPASSION WHILE
WE WERE TOGETHER
MAYBE WE’P STILL
BE TOGETHER.

5

THATS W

SWEET,
REX.",auto_ocr_sentiment,val
"Invincible, Vol. 1.pdf_p0698_panel_3.jpg",anger,"THE MORE
PISSED YOU ARE--
HE LESS YOU THINK.
HE LESS YOU THINK--
HE EASIER YOU'LL BE

TO DEFEAT!

THAT OUR
W VICTORY HERE
A WAS EVER IN
QUESTION.",auto_ocr_sentiment,val
"Invincible, Vol. 1.pdf_p0981_panel_6.jpg",neutral,THERE’S,auto_ocr_sentiment,val
"Invincible, Vol. 1.pdf_p0788_panel_1.jpg",neutral,,auto_ocr_sentiment,val
"Invincible, Vol. 1.pdf_p0323_panel_4.jpg",neutral,,auto_ocr_sentiment,val
"Invincible, Vol. 1.pdf_p0749_panel_8.jpg",neutral,,auto_ocr_sentiment,val
"Invincible, Vol. 1.pdf_p0970_panel_3.jpg",neutral,"WE'VE GOT TO
HOLD THEM BACK!

WE’VE GOT TO WE'VE
KEEP THEM AWAY "" f GOT TO BEAT
FROM ROBOT! . HIM--THERE’S

XS JUST TOO",auto_ocr_sentiment,val
"Invincible, Vol. 1.pdf_p0177_panel_0.jpg",neutral,,auto_ocr_sentiment,val
"Invincible, Vol. 1.pdf_p0476_panel_2.jpg",neutral,"S0 NO MORE, “We're
JUST STUPYING” EXCUSES
FOR MG TO SEE THROUGH?
YOU'RE APMITTING
IT Now?",auto_ocr_sentiment,val
"Invincible, Vol. 1.pdf_p0939_panel_6.jpg",neutral,,auto_ocr_sentiment,val
"Invincible, Vol. 1.pdf_p0835_panel_3.jpg",fear,"INTKOYVUCTIONS ‘@@
TO POST-MOPERN ¥
ECONOMIC THEORY.
THE COMPUTER
SAID IT’D BE RIGHT
HERE--AND IT’S
NOT CHECKED

 
  
      
 
   
   

if",auto_ocr_sentiment,val
"Invincible, Vol. 1.pdf_p0038_panel_1.jpg",neutral,,auto_ocr_sentiment,val
"Invincible, Vol. 1.pdf_p0603_panel_0.jpg",neutral,"FROM THERE, THINGS
WENT ON PRETTY MUCH
LICE ANY NORMAL FAMILY’S
LIFE--UNTIL THINGS
STARTED HAPPENING.

YOU ALMOST SAID YY CH2Z0H-C-OH-
IT! SAY APPLE -OH-C-H-

C-H
SAMANTHA. CAN YOU 1 OH-C-CHZOH-
SAY APPLE? Cc

>

BETSY WILIKINS WOULD NEVER REALIZE
THAT WHAT SHE THOUGHT WAS THE ODP

MOLECULAR STKUCTURE OF AN APPLE
LISTED VERBALLY.",auto_ocr_sentiment,val
"Invincible, Vol. 1.pdf_p0188_panel_4.jpg",neutral,,auto_ocr_sentiment,val
"Invincible, Vol. 1.pdf_p0837_panel_3.jpg",neutral,"SOTHEN ¥
HE STARTEP

WRITING
TRAVEL
BOOKS? A",auto_ocr_sentiment,val
"Invincible, Vol. 1.pdf_p0586_panel_2.jpg",neutral,"OKAY, HE’S CLEARLY
IN SHOCK. LET’S GET
HIM OUT OF HERE. WE
WERE TOO LATE TO
HELP--I SEE NO
REASON TO
LINGER,",auto_ocr_sentiment,val
"Invincible, Vol. 1.pdf_p0132_panel_2.jpg",neutral,CCT,auto_ocr_sentiment,val
"Invincible, Vol. 1.pdf_p0837_panel_7.jpg",neutral,"THESE LOOK Jf
SILLY. |",auto_ocr_sentiment,val
"Invincible, Vol. 1.pdf_p0706_panel_5.jpg",neutral,,auto_ocr_sentiment,val
"Invincible, Vol. 1.pdf_p0314_panel_0.jpg",neutral,"“en

y Pa",auto_ocr_sentiment,val
"Invincible, Vol. 1.pdf_p0723_panel_3.jpg",neutral,"es

CE
e

 

Hl,
SSss=sy
S¥—\",auto_ocr_sentiment,val
"Invincible, Vol. 1.pdf_p0819_panel_1.jpg",sadness,"I COULDN’T
STOP HIM FROM--
I'M SORRY HE
HURT YOU,
MOM.",auto_ocr_sentiment,val
"Invincible, Vol. 1.pdf_p0191_panel_1.jpg",neutral,"You ,
SON OF A IT'S
BITCH.

NOT A
SHORT DRIVE
OUT HERE
Y’KNOW...",auto_ocr_sentiment,val
"Invincible, Vol. 1.pdf_p0178_panel_5.jpg",sadness,"WELL, MAKK... L
NEED TO GET GOING

OR I’M GOING TO
BE LATE FOR MY
CLASS.

I'M ON MY WAY
TO THE LITTLE GIRLS
KOOM BEFORE I
HEAD OFF TO

PHYSICS...

  
  
  
    
  
  

  
   
 
  
   

I JUST
WANTED TO
THANK YOU
FOR TALKING
TO Me ABOUT

 
  
 
 
 
   

HAVE
FUN AT
THE... THING
TONIGHT.",auto_ocr_sentiment,val
"Invincible, Vol. 1.pdf_p0622_panel_5.jpg",anger,"THESE TO TAKE ANY
SHAPE--REPLICATE
ANY SUBSTANCE.

YOUR PEOPLE DO
NOT RESPOND
WELL TO SPECIES
WITH BIOLOGY
DISSIMILAR To
bh YOUR OWN.",auto_ocr_sentiment,val
"Invincible, Vol. 1.pdf_p0724_panel_3.jpg",neutral,"I
SUPPOSE
I COULD SAY",auto_ocr_sentiment,val
"Invincible, Vol. 1.pdf_p0304_panel_5.jpg",neutral,,auto_ocr_sentiment,val
"Invincible, Vol. 1.pdf_p0710_panel_4.jpg",anger,"WE TENDED
TO YOUR
WOUNDS.",auto_ocr_sentiment,val
"Invincible, Vol. 1.pdf_p0017_panel_1.jpg",neutral,"BL, --- WITH YOUR STANDARD SPANDEX ¥
; NUMBER THROWN IN EVERY
NOW ANP THEN FOR
GOOP MEASURE.

  
  

  
   
  

WELL...
HOW DOES
IT FEEL? J

   

LI’VE HAD
THIS SECRET}
WORKSHOP HERE
FOREVER. ‘",auto_ocr_sentiment,val
"Invincible, Vol. 1.pdf_p0823_panel_5.jpg",anger,"Se, Is
50

NNT HE THEN
pByY ' ESCAPED TO

DISTANT ALIE
PLANET AND FATI
THIS SECOND C
YOUR SON TH
ENCOUNTERED
ANP BROUGHT
CHILD HOME",auto_ocr_sentiment,val
"Invincible, Vol. 1.pdf_p0413_panel_0.jpg",anger,"DECIDED TO MALE THIS MY SHER YOU INTO ADULTHOOD,

.. AND THAT IS WHY I’ve Vv IT WARMS MY HEART TO
U
FINAL YEAR AS PRINCIPAL AND WHILE T WILL MISS IT,

OF REGINALD VEL JOHNSON THE TIME WAS RIGHT FOR ME
HIGH. IT HAS BEEN A JOY TO TO MOVE ON--AND SPEAKING OF
WATCH ALL OF YOU GROW AND MOVING ON... IT PROMISED I
MATURE DURING YOUR FOUR WOULD MAKE THIS A SHORT
YEARS WITH ME, AND I AM SPEECH AND I’VE NOW BEEN
$0 PROUP TO SEE SO MANY TALKING FOR ALMOST
OF YOU HERE TODAY, A HALF HOUR.

REAPY TO GO OUT INTO
THE WORLD AS

ON WITH THE
GRADUATION
CEREMONY,
SHALL WE?",auto_ocr_sentiment,val
"Invincible, Vol. 1.pdf_p0768_panel_4.jpg",neutral,,auto_ocr_sentiment,val
"Invincible, Vol. 1.pdf_p0773_panel_3.jpg",neutral,,auto_ocr_sentiment,val
"Invincible, Vol. 1.pdf_p0404_panel_5.jpg",neutral,,auto_ocr_sentiment,val
"Invincible, Vol. 1.pdf_p0191_panel_5.jpg",neutral,"Syathart
eee RDA

at

Vay",auto_ocr_sentiment,val
"Invincible, Vol. 1.pdf_p0922_panel_1.jpg",neutral,,auto_ocr_sentiment,val
"Invincible, Vol. 1.pdf_p0447_panel_4.jpg",sadness,"IT’S NOTHING TO WORRY
ABOUT, MARK. IT HELPS
me SLEEP. IT HELPS ME
RELAX. I(T JUST HELPS
ME. IT’S NOTHING
10 WORRY
ABOUT.

   
     
     
  
      
   
     

YOU WANT
Me TO MAKE
YOU SOME
BREAKFAST?",auto_ocr_sentiment,val
"Invincible, Vol. 1.pdf_p0081_panel_2.jpg",neutral,,auto_ocr_sentiment,val
"Invincible, Vol. 1.pdf_p0620_panel_3.jpg",neutral,,auto_ocr_sentiment,val
"Invincible, Vol. 1.pdf_p0764_panel_1.jpg",neutral,,auto_ocr_sentiment,val
"Invincible, Vol. 1.pdf_p0886_panel_3.jpg",anger,"Ss, BUT \\\ eee
IT'S E
\ A GOOP THIS
CAUSE. witxeer *
<M YOU IMMOBILE
DD WHILE I SEVER
VY YOUR VOCAL CORDS.

I WOULDN’T WANT
YOUR SQUIRMING
TO CAUSE ME TO
PIERCE YOUR
JUGULAR OR
ANYTHING.

I/D PUMP
YOU FULL OF
PAIN-KILLERS SO
YOU WOULDN'T HAVE

IN THE FIRST PLACE
BUT FRANKLY THIS IS
INFINITELY CHEAPER
AND I’M ON A
COLLEGE STUDENT'S
BUDGET.",auto_ocr_sentiment,val
"Invincible, Vol. 1.pdf_p1060_panel_3.jpg",neutral,,auto_ocr_sentiment,val
"Invincible, Vol. 1.pdf_p0664_panel_2.jpg",neutral,"THE CUSTOM HERE
IS FOR AN INDIVIDUAL
TO CHOOSE THEIR
OWN NAME ONCE
THEY REACH APULT-

HOOP.

WHICH
WOULD BE
TWO WEEKS
FROM NOW,
WERE IT NOT
FOR HIS
VILTRUMITE",auto_ocr_sentiment,val
"Invincible, Vol. 1.pdf_p0209_panel_0.jpg",neutral,,auto_ocr_sentiment,val
"Invincible, Vol. 1.pdf_p0006_panel_0.jpg",neutral,,auto_ocr_sentiment,val
"Invincible, Vol. 1.pdf_p0151_panel_1.jpg",surprise,"W OOH, WHO'S GOT TH
UPPER HAND NOW,
MISTER SUPEK-HERO
BIG SHOT? YOU FEEL

THAT COLD HARD
OBJECT PRESSED
AGAINST YOUR
TEMPLE? IF
YOU’RE GUESSING
THAT’S MY GUN
THEN YOU’RE
ABSOLUTELY",auto_ocr_sentiment,val
"Invincible, Vol. 1.pdf_p1031_panel_2.jpg",neutral,"Src TOLY TOU
EVERYTHING?",auto_ocr_sentiment,val
"Invincible, Vol. 1.pdf_p0923_panel_4.jpg",neutral,"WS
| Oe

‘
x",auto_ocr_sentiment,val
"Invincible, Vol. 1.pdf_p0988_panel_0.jpg",neutral,,auto_ocr_sentiment,val
"Invincible, Vol. 1.pdf_p0211_panel_6.jpg",neutral,,auto_ocr_sentiment,val
"Invincible, Vol. 1.pdf_p0426_panel_6.jpg",neutral,"a
+, 7
a.
. Li] °
q 5
id ry
A a
a .
f
e
ri
’
.
4.
rt e :
ri
q
t oy
a a aia
ry iad
5 r .
»
a a .
a Sed
¥ 7 :
; - . Lo
t 4
hd .
‘ '
‘ Ld cad
- bf +:
4
-
s
a
vd ae",auto_ocr_sentiment,val
"Invincible, Vol. 1.pdf_p0066_panel_3.jpg",neutral,"TIME
MUST WORK
DIFFERENTLY IN
THEIR DIMENSION.

HEY’RE STARTING
“a TO DROP LIKE FLIES! &",auto_ocr_sentiment,val
"Invincible, Vol. 1.pdf_p0404_panel_2.jpg",neutral,,auto_ocr_sentiment,val
"Invincible, Vol. 1.pdf_p0560_panel_6.jpg",neutral,,auto_ocr_sentiment,val
"Invincible, Vol. 1.pdf_p0309_panel_2.jpg",anger,"THe COALITION OF VLANETS
WILL WANT TO HEAR ABOUT
YOU. WE ARE AT ODDS WITH
THE VILTRUM EMPIRE. A
GREAT POWER STRUGGLE IS
BREWING IN THE FARTHEST
REACHES OF SPACE. THE
COALITION IS TRYING TO
UNITE ENOUGH WORLDS TO
HAVE AN ARMY POWERFUL
ENOUGH TO STOP THE
VILTRUMITE EXPANSION

THROUGHOUT THE
GALAXY.

 
 
 
 
 
   
     
     
     
     
     
  
  
    
   
   
  
 
   
   
   
   

THE
VILTRUMITES ARE
SO STRONG INDIVIDUALLY
THAT THEY ARE VIRTUALLY
UNSTOPPABLE. BUT NO ONE HAS

EVER HEARD OF A VILTRUMITE
ABANDONING HIS POST OK ONE
THAT DEFIES THE EMPIRE
ALTOGETHER. I MUST BRING
THEM THIS NEWS AT

  
  
 

   
 

  

THIS
COULP BE
THE ADVANTAGE
THEY'RE
LOOKING
FOR.",auto_ocr_sentiment,val
"Invincible, Vol. 1.pdf_p0070_panel_3.jpg",neutral,,auto_ocr_sentiment,val
"Invincible, Vol. 1.pdf_p0046_panel_3.jpg",neutral,,auto_ocr_sentiment,val
"Invincible, Vol. 1.pdf_p0252_panel_6.jpg",neutral,"IT WAS A PRIVILEGE TO BE GIVEN
THIS ASSIGNMENT-- A REWARD
FOR ALL MY HARD WORK.

IT WAS THE CLOSEST
THING TO A VACATION
THAT EXISTED ON
VILTRUM.",auto_ocr_sentiment,val
"Invincible, Vol. 1.pdf_p0464_panel_1.jpg",neutral,"te IT’S GOING

| TO TAKE SOME

CLEANING
UP...

BUSINESS. @",auto_ocr_sentiment,val
"Invincible, Vol. 1.pdf_p0727_panel_7.jpg",neutral,,auto_ocr_sentiment,val
"Invincible, Vol. 1.pdf_p0793_panel_4.jpg",neutral,,auto_ocr_sentiment,val
"Invincible, Vol. 1.pdf_p0950_panel_5.jpg",neutral,,auto_ocr_sentiment,val
"Invincible, Vol. 1.pdf_p0763_panel_8.jpg",neutral,"YOU
EMEMBER?Z
ERE CHANGING
IUR COSTUMES
> THE DUMPSTER
OL REMEMBER?
CED, ""HOW DO WE

THAT'S JUST

» SPOTTEP]"" IL Oo IS. THEY’2
ou THAT THESE HOBLIND To OUR ©
LOOK UP. 4 WORLD--WHAT WE",auto_ocr_sentiment,val
"Invincible, Vol. 1.pdf_p0180_panel_5.jpg",sadness,"I GUESS SO...
WITH ALL THAT’S
GOING ON...

  

OH,
JEEZ, HON’.
I'M SO SORRY...
I DION’T REALIZE
THIS WAS HITTING
YOU $0 HARD.",auto_ocr_sentiment,val
"Invincible, Vol. 1.pdf_p0047_panel_3.jpg",neutral,,auto_ocr_sentiment,val
"Invincible, Vol. 1.pdf_p0167_panel_4.jpg",neutral,,auto_ocr_sentiment,val
"Invincible, Vol. 1.pdf_p0396_panel_4.jpg",fear,"CAN GKOW
FACIAL HAIR. JUST
BECAUSE I SHAVE

DOESN'T MEAN I
CAN'T GROW
IT.

   
       

I COULD

HAVE A
PRETTY SMOKIN’
MUSTACHE.",auto_ocr_sentiment,val
"Invincible, Vol. 1.pdf_p0124_panel_5.jpg",neutral,,auto_ocr_sentiment,val
"Invincible, Vol. 1.pdf_p0291_panel_4.jpg",neutral,"Se = a=
=,
iE:

cae

Loos,
iT | | eon 9 “4
CUTE sc

a
Tas.""
ke ;",auto_ocr_sentiment,val
"Invincible, Vol. 1.pdf_p0377_panel_3.jpg",neutral,,auto_ocr_sentiment,val
"Invincible, Vol. 1.pdf_p1057_panel_2.jpg",neutral,"GU0--WEI
THINGS A
GOING
WELL.",auto_ocr_sentiment,val
"Invincible, Vol. 1.pdf_p0368_panel_3.jpg",neutral,"aed
Ve 4m [Ih
es

ail",auto_ocr_sentiment,val
"Invincible, Vol. 1.pdf_p0184_panel_2.jpg",neutral,,auto_ocr_sentiment,val
"Invincible, Vol. 1.pdf_p0578_panel_1.jpg",neutral,,auto_ocr_sentiment,val
"Invincible, Vol. 1.pdf_p0613_panel_7.jpg",neutral,"WELL) THAT
DOESN'T MEAN
ANYTHING. HE

HASN’T BEEN IN

MY BIOLOGY

CLASS FOR
ALMOST TWO

KS.

WEE",auto_ocr_sentiment,val
"Invincible, Vol. 1.pdf_p0923_panel_0.jpg",neutral,"as

THE HOME OF SAMANTHA | 3 , ,
EVE WILKINS, FORMERLY } | = “HOW
KNOWN AS ATOM EVE. te ates LONG HAVE
Me \ YOU BEEN |
HERE? |",auto_ocr_sentiment,val
"Invincible, Vol. 1.pdf_p0309_panel_0.jpg",sadness,"I WOULD
HAVE JUST
GONE TO MY
PAD AND ASKED
HIM ABOUT IT. WHO
KNOWS HOW THINGS
WOULD HAVE PLAYED
*@ @e OUT HAD THAT
ACTUALLY
HAPPENED 2",auto_ocr_sentiment,val
"Invincible, Vol. 1.pdf_p0464_panel_2.jpg",neutral,"TO PLAN. MACHINE HEAD AND HIS
ENTIRE INNER CIRCLE ARE OUT
OF THE PICTURE. THE REST OF
HIS MEN WILL FALL INTO LINE--

THEY’LL NEED ALEADER.
YOU'LL BE THAT
LEADER.",auto_ocr_sentiment,val
"Invincible, Vol. 1.pdf_p0470_panel_5.jpg",sadness,"On, MAKK<~--—
I’M SO GLAD You
UNDERSTAND. I
THOUGHT FOR SURE
YOU'D TRY TO GIVE ME
SOME SPEECH ABOUT
FIGHTING THE GOOD
FIGHT OR SOMETHING
EQUALLY AS
RIDICULOUS.

  

I NEVER .

SHOULD HAVE

DOUBTED
YOU.",auto_ocr_sentiment,val
"Invincible, Vol. 1.pdf_p0054_panel_1.jpg",neutral,,auto_ocr_sentiment,val
"Invincible, Vol. 1.pdf_p0206_panel_3.jpg",neutral,"YY WITH ALL MY
SCHOOLWORK I
PON’T THINK I’LL
HAVE TIME TO BE A
MEMBER BUT I’D
LOVE TO HANG OUT
AND SEE WHO'S
TRYING OUT.",auto_ocr_sentiment,val
"Invincible, Vol. 1.pdf_p1009_panel_9.jpg",neutral,,auto_ocr_sentiment,val
"Invincible, Vol. 1.pdf_p0440_panel_0.jpg",neutral,"JUST BARELY. T Ee r
ETS JUSTMAKE J oo .
ei TE - fy
ae fF 2) pt 2 j L,
i fT =) = 1@\ = \ = x . \\
Ki pees) [NW eet SE D+ A",auto_ocr_sentiment,val
"Invincible, Vol. 1.pdf_p0430_panel_4.jpg",surprise,"WHAT IS
IT? WHAT’S
GOING
ON?

I COULD
HAVE SWORN
I SAW A MAN--
STANDING ON THE",auto_ocr_sentiment,val
"Invincible, Vol. 1.pdf_p0810_panel_2.jpg",neutral,,auto_ocr_sentiment,val
"Invincible, Vol. 1.pdf_p0575_panel_11.jpg",anger,"FINE, GO.
NO, DON’T",auto_ocr_sentiment,val
"Invincible, Vol. 1.pdf_p0326_panel_6.jpg",fear,"CAN J COME
OVER TONIGHT4
I REALLY WANT
TO SEE YOU.

     
     
   
  
      
   

   

I DON’T KNOW...
I’M NOT SURE IF MY
MOM IS UP FOR VISITORS
JUST YET. I’LL CALL
YOU, OKAY 4 I JUST
DON’T KNOW HOW
THINGS ARE...",auto_ocr_sentiment,val
"Invincible, Vol. 1.pdf_p0129_panel_2.jpg",anger,"Yes... I JUST WANTED
TO SEE HOW THINGS
WERE COMING

TWO
PAYS? SAFETY
TESTING? YOU

DON’T UNPERSTANP
WHAT I’M GOING
THROUGH HERE! I’M
NOTHING WITHOUT
MY POWERS! MY
LIFE HAS GONE TO

HELL SINCE ITWAS &
NEGATED. i

REALIZE THE
GUARDIANS
OF THE GLOBE
REVOKED MY
MEMBERSHIPS I'M
COMPLETELY
USELESS
TO THEM...",auto_ocr_sentiment,val
"Invincible, Vol. 1.pdf_p0464_panel_0.jpg",fear,"b aniltns B = ' - -
.
F j |
| | [a] ; > Gael iio ee — —
ee
oe eee ,
Cd cl
oy €

. 6m. sah stm. ; A a) ae? oe, ee",auto_ocr_sentiment,val
"Invincible, Vol. 1.pdf_p0997_panel_7.jpg",neutral,"SPE
OF THE
PUBLIC...",auto_ocr_sentiment,val
"Invincible, Vol. 1.pdf_p0557_panel_2.jpg",fear,"EKMOkEe,

T SEEK OUT
> ROGUE
MITES AND
T TO SWAY
OUR CAUSE.
VOULP BE
UABLE
LIES.

 
 
 
 
 
 
 
 
  
 
 
 
  
 
 
 
 
  

THE

- CALLED
TIBLE. THE
ING BORN ON
SYMPATHETIC
JR CAUSE.

IG THAT WILL
THE EVENTUAL",auto_ocr_sentiment,val
"Invincible, Vol. 1.pdf_p0456_panel_3.jpg",neutral,,auto_ocr_sentiment,val
"Invincible, Vol. 1.pdf_p0476_panel_8.jpg",neutral,,auto_ocr_sentiment,val
"Invincible, Vol. 1.pdf_p0903_panel_0.jpg",neutral,,auto_ocr_sentiment,val
"Invincible, Vol. 1.pdf_p0949_panel_0.jpg",neutral,,auto_ocr_sentiment,val
"Invincible, Vol. 1.pdf_p0476_panel_1.jpg",neutral,,auto_ocr_sentiment,val
"Invincible, Vol. 1.pdf_p0414_panel_4.jpg",neutral,"MARKUS
SEBASTIAN
GRAYSON.",auto_ocr_sentiment,val
"Invincible, Vol. 1.pdf_p0637_panel_4.jpg",neutral,,auto_ocr_sentiment,val
"Invincible, Vol. 1.pdf_p0346_panel_6.jpg",sadness,"TO THE END

OF THE TUNNEL.
I’M TOLP YOU
CAN’T MISS (T.",auto_ocr_sentiment,val
"Invincible, Vol. 1.pdf_p0199_panel_1.jpg",neutral,"ABLAST 4S *
ALWAYS... SAME
TIME NEXT

YOU
KNOW IT.
SEE YOU IN
SCHOOL

TOMORROW.

BIRTHDAY.",auto_ocr_sentiment,val
"Invincible, Vol. 1.pdf_p0987_panel_2.jpg",surprise,"YEAH--THAT’S

SOMETHING TO }

LOOK FoRwARP &
TO. A

y Ilt see \
YOU AT WORK
NEXT WEeK--

I’M GOING

TO--I NEED
TO REST.",auto_ocr_sentiment,val
"Invincible, Vol. 1.pdf_p0544_panel_0.jpg",neutral,,auto_ocr_sentiment,val
"Invincible, Vol. 1.pdf_p0665_panel_7.jpg",neutral,,auto_ocr_sentiment,val
"Invincible, Vol. 1.pdf_p0635_panel_3.jpg",neutral,SSE,auto_ocr_sentiment,val
"Invincible, Vol. 1.pdf_p0963_panel_6.jpg",neutral,,auto_ocr_sentiment,val
"Invincible, Vol. 1.pdf_p0932_panel_3.jpg",neutral,"I NEED
YOU TO HELV
SAVE THE
WORLD--GET",auto_ocr_sentiment,val
"Invincible, Vol. 1.pdf_p0031_panel_2.jpg",neutral,"DL ikea
Sars a
> OE ae a
Seok:
hy ald

Ass",auto_ocr_sentiment,val
"Invincible, Vol. 1.pdf_p0133_panel_0.jpg",neutral,"HI, 17M PAVID, MRS. WILLIAM
THATCHER’S ASSISTANT. ACTUALLY.
YOU MUST BE MARK
AND WILLIAM.

PO
YOU PREFER
BILL?",auto_ocr_sentiment,val
"Invincible, Vol. 1.pdf_p0728_panel_6.jpg",neutral,,auto_ocr_sentiment,val
"Invincible, Vol. 1.pdf_p1115_panel_0.jpg",neutral,"BRIT

VOL. 1: OLD SOLBIER TF

ISBN: 978-1-58240-678-7
$14.99

VOL. 2: AWOL

ISBN: 978-1-58240-8644
$14.99

VEL. 3: FUBAR

ISBN: 978-1-60706-061-1
n1iR aq",auto_ocr_sentiment,val
"Invincible, Vol. 1.pdf_p0309_panel_3.jpg",neutral,"LET Me
KNOW IF I CAN
DO ANYTHING TO
HELP. I’M NOT
LOOKING FORWARD
TO VILTRUM
RETURNING TO
THIS PLANET TO
CLAIM IT AS
PART OF THE
EMPIRE.",auto_ocr_sentiment,val
"Invincible, Vol. 1.pdf_p0210_panel_3.jpg",neutral,"7 f\id aed - =
2 MUCH Nore ; .
, A. ‘ay I
UY aa
ws",auto_ocr_sentiment,val
"Invincible, Vol. 1.pdf_p0224_panel_7.jpg",neutral,"i COULV
GET USED
TO THIS.",auto_ocr_sentiment,val
"Invincible, Vol. 1.pdf_p0449_panel_0.jpg",neutral,"a

WHERE DIP
. YOU SAY HE

~

rr
Wey
uy
wW

sy
ts
qr
It
re
S .
NS
<=
32
~s
Oi
ao
Ze
=u
We
Sw
So
Sa
Ww

=o
“2

UST TRYING TO GET SOMEONE’S ATTENTION

S
=
x
wv
_
5
=
WW
Oo
ws
wW
x
-
5
ry
>
<
=
=
9
Z
wi
r
z
S
a
WwW
=

J",auto_ocr_sentiment,val
"Invincible, Vol. 1.pdf_p0719_panel_2.jpg",surprise,"OH, I’M 4
SORRY, EVE--

I THOUGHT",auto_ocr_sentiment,val
"Invincible, Vol. 1.pdf_p0084_panel_1.jpg",surprise,"SHE’S
NOT MY
GIRLFRIEND.",auto_ocr_sentiment,val
"Invincible, Vol. 1.pdf_p1075_panel_0.jpg",neutral,,auto_ocr_sentiment,val
"Invincible, Vol. 1.pdf_p0649_panel_5.jpg",neutral,,auto_ocr_sentiment,val
"Invincible, Vol. 1.pdf_p0727_panel_8.jpg",neutral,,auto_ocr_sentiment,val
"Invincible, Vol. 1.pdf_p0958_panel_6.jpg",neutral,"WAI tM
MINUTE-- YOU. I MEAN, IT
VID YOU KNOW THIS ISN’T
SERIOUS--I KNOW

YOU’VE GOTA
< BOYFRIEND--AND
S IGET IT",auto_ocr_sentiment,val
"Invincible, Vol. 1.pdf_p0932_panel_7.jpg",neutral,,auto_ocr_sentiment,val
"Invincible, Vol. 1.pdf_p0959_panel_3.jpg",neutral,,auto_ocr_sentiment,val
"Invincible, Vol. 1.pdf_p0214_panel_4.jpg",neutral,"JUST COMING
OVER TO

WE’RE JUST es

 

WEREN’T
YOU USING

L {THAT EXCUSE
WITH Eve?

C'MON,
SON... PO
YOU REALLY
EXPECT ME
TO FALL FOR",auto_ocr_sentiment,val
"Invincible, Vol. 1.pdf_p0338_panel_4.jpg",fear,"4

1 WILL LET YOU KNOW
IN THE MEANTIME
PLEASE REFRAIN FROM
HITTING ON YOUR
TEAMMATES.

l— IT DISCOVER ANYTHING

 

:
$< Zt =o {|

   

WWI Mires
Cee seit

CWA
ih
¥ J f if
|
i] i

of /)

en",auto_ocr_sentiment,val
"Invincible, Vol. 1.pdf_p0211_panel_3.jpg",neutral,"tS OKAY, L
CAN’T BE HURT IN
MONSTER FORM...

ANP ANYWAY, I
DIP GET ALITTLE
CARRIED",auto_ocr_sentiment,val
"Invincible, Vol. 1.pdf_p0306_panel_3.jpg",neutral,,auto_ocr_sentiment,val
"Invincible, Vol. 1.pdf_p0382_panel_2.jpg",anger,"SHE'S FINE. SHE SAID
CHICAGO DIDN’T REALLY
GET TOO MUCH DAMAGE

DUE TO HER HUSBAND,

DRAGON, ANP MIGHTY
MAN BEING THERE.",auto_ocr_sentiment,val
"Invincible, Vol. 1.pdf_p0958_panel_1.jpg",neutral,,auto_ocr_sentiment,val
"Invincible, Vol. 1.pdf_p0472_panel_3.jpg",fear,"T DO THIS4
AY --EVERY THING
> TO BE IN ORDER.
E VERY CLOSE TO
PLETING ALL THE
-HINES IN YOUR
US DIMENSIONAL
AFE HOUSES.

 
 
 
 
 
 
 
    
   
 
   

WE ARE
PROBABLY
ONLY A WEEK",auto_ocr_sentiment,val
"Invincible, Vol. 1.pdf_p1032_panel_3.jpg",neutral,,auto_ocr_sentiment,val
"Invincible, Vol. 1.pdf_p0404_panel_3.jpg",neutral,,auto_ocr_sentiment,val
"Invincible, Vol. 1.pdf_p0455_panel_0.jpg",neutral,,auto_ocr_sentiment,val
"Invincible, Vol. 1.pdf_p0834_panel_0.jpg",neutral,,auto_ocr_sentiment,val
"Invincible, Vol. 1.pdf_p0224_panel_6.jpg",neutral,,auto_ocr_sentiment,val
"Invincible, Vol. 1.pdf_p0158_panel_0.jpg",neutral,"WHAT WAS
THAT #

| Je
in ———

Hs
4

Bh

; \ t iN
TS ao
tires Ve lt

vk

Wo mT

\ 7

 

||",auto_ocr_sentiment,val
"Invincible, Vol. 1.pdf_p1082_panel_2.jpg",joy,"nOLV
ON, REX--I/M

COMING!",auto_ocr_sentiment,val
"Invincible, Vol. 1.pdf_p0544_panel_2.jpg",neutral,,auto_ocr_sentiment,val
"Invincible, Vol. 1.pdf_p0073_panel_1.jpg",neutral,"7 |
om

[4
;
q
7

2

 

.

ok
a",auto_ocr_sentiment,val
"Invincible, Vol. 1.pdf_p1058_panel_1.jpg",sadness,"I DO MISS

HER. I LOVE

HER VERY
MUCH.

I WISH
MY PEOPLE

WOULD ALLOW Mc Say

TO MARRY HER.
MAYBE NOW THAT
MY VOWERS HAVE
BEEN ENHANCED TI

COULD CONVINCE

THEM TO

=m IuJUST
» HATE LIVING
A oIN SECRET

1 somucH. BK",auto_ocr_sentiment,val
"Invincible, Vol. 1.pdf_p0749_panel_1.jpg",neutral,"= A
2 NN) a
[Z

 

eee

rs",auto_ocr_sentiment,val
"Invincible, Vol. 1.pdf_p0055_panel_4.jpg",neutral,"$0, THE RUMORS ARE
TRUE. YOU GUYS ARE
GOING OUT.",auto_ocr_sentiment,val
"Invincible, Vol. 1.pdf_p0329_panel_3.jpg",surprise,"YEAH, TO SAY THE
LEAST. I WOULON’T
HAVE EXPECTED
THAT IN A MILLION
YEARS.",auto_ocr_sentiment,val
"Invincible, Vol. 1.pdf_p0981_panel_7.jpg",neutral,"AW a 7
ap gs
AS",auto_ocr_sentiment,val
"Invincible, Vol. 1.pdf_p0276_panel_3.jpg",neutral,,auto_ocr_sentiment,val
"Invincible, Vol. 1.pdf_p0878_panel_2.jpg",surprise,") TEN HOLP ON, “
D7 WILLIAM!",auto_ocr_sentiment,val
"Invincible, Vol. 1.pdf_p0765_panel_3.jpg",neutral,,auto_ocr_sentiment,val
"Invincible, Vol. 1.pdf_p0614_panel_6.jpg",sadness,"EDIES W SORICK’SA
RUNAWAY, HUH--

TYPICAL. WE WERE

WORRYING FOR
NOTHING.",auto_ocr_sentiment,val
"Invincible, Vol. 1.pdf_p0326_panel_1.jpg",neutral,,auto_ocr_sentiment,val
"Invincible, Vol. 1.pdf_p0097_panel_1.jpg",neutral,"I SPENT
THE LAST EIGHT
MONTHS ENSLAVED
BY AN ARMY FROM AN
ALTERNATE DIMENSION,
ALTHOUGH IT SEEMS MUCH
LESS TIME HAS PASSED HERE.
ABOUT A WEEK AGO TILED A
REVOLT AGAINST MY CAPTORS
AND REGAINED CONTROL OF
MY POWERS. TODAY, A
TEAM OF SCIENTISTS
FROM THE REBELLION
FOUNP A WAY TO GET
Me HOME.",auto_ocr_sentiment,val
"Invincible, Vol. 1.pdf_p0073_panel_0.jpg",neutral,,auto_ocr_sentiment,val
"Invincible, Vol. 1.pdf_p0749_panel_5.jpg",fear,"' — NO, NO... STAY.
PLEASE. I’VE GOTA
BIG TEST IN AN HOUR.

I WAS UP LATE

STUDYING AND THERE'S

STILL ALOT OF STUFF
I NEED TO LOOK
OVER.

     
   
  

TO BE UP
RIGHT NOW.",auto_ocr_sentiment,val
"Invincible, Vol. 1.pdf_p0864_panel_2.jpg",neutral,"+ VON T KNOW=<-2
JUST DON’T GET WHAT
HE SEES IN HER. SHE

HARDLY EVER TALKS
AND ALL SHE EVER
WANTS TO DO",auto_ocr_sentiment,val
"Invincible, Vol. 1.pdf_p1060_panel_1.jpg",neutral,,auto_ocr_sentiment,val
"Invincible, Vol. 1.pdf_p0703_panel_0.jpg",neutral,"$0 WHAT DO

ABANDONED
WAREHOUSE
HIDEOUT OF
THE MAULER",auto_ocr_sentiment,val
"Invincible, Vol. 1.pdf_p0259_panel_3.jpg",neutral,,auto_ocr_sentiment,val
"Invincible, Vol. 1.pdf_p0422_panel_4.jpg",neutral,,auto_ocr_sentiment,val
"Invincible, Vol. 1.pdf_p0353_panel_4.jpg",fear,"PUNISH YOU? DUDE,
YOU CAN HAVE HER. t've
ONLY MET HER ONCE.

I’M JUST DOING THIS
TO KEEP YOUR PEOPLE
FROM ATTACKING
THE SURFACE.

 
 
 
 
 
 
 
 
 
  
 
 
 
   

WHY HAVEN'T
YOU JUST TOLP
HER HOW YOU FEEL?
IF SHE HAS YOU...
SHE WOULDN’T
HAVE TO MARRY
Me",auto_ocr_sentiment,val
"Invincible, Vol. 1.pdf_p0587_panel_0.jpg",neutral,,auto_ocr_sentiment,val
"Invincible, Vol. 1.pdf_p0598_panel_4.jpg",neutral,,auto_ocr_sentiment,val
"Invincible, Vol. 1.pdf_p0944_panel_2.jpg",neutral,,auto_ocr_sentiment,val
"Invincible, Vol. 1.pdf_p0342_panel_6.jpg",anger,"THEY WANT
TO EXECUTE
Me?

 
    
  
  
 
  
    

THEY WANT
YOUR FATHER...
JT THEIR LAW STATES
THAT SINCE YOUR
ATHER IS GONE, THE
RESPONSIBILITY
FALLS ONTO HIS
NEXT OF KIN.",auto_ocr_sentiment,val
"Invincible, Vol. 1.pdf_p0955_panel_2.jpg",fear,"wy AH--BUT YOU Ake NO
NORMAL SOLIDS--YOU
ARE SOLIDS WITH THE
POWER TO WITHSTAND &
OUR CONTROL.

wy IREMEMBER *
ONE SUCH SOLID
WHO WAS ABLE TO
WITHSTAND US
BEFORE--IN THE

       

PARK TIME--SHORTLY",auto_ocr_sentiment,val
"Invincible, Vol. 1.pdf_p0187_panel_2.jpg",neutral,,auto_ocr_sentiment,val
"Invincible, Vol. 1.pdf_p1057_panel_7.jpg",neutral,,auto_ocr_sentiment,val
"Invincible, Vol. 1.pdf_p0157_panel_0.jpg",neutral,"\

Ly ma i
N 4
‘ Y , 5
O25 ‘
= an > A >
a “qe 1
) . ws

|

§ OS
\ “6 Cie ;
W'S |S

° | ‘ yn

a \

Yyypv

My
N : X
WY fe

/
ij

a

ky ,
/",auto_ocr_sentiment,val
"Invincible, Vol. 1.pdf_p0125_panel_1.jpg",surprise,"OH, CRAP!
WHAT TIME
IS IT?!

 
      
       
 
 
 
 
    

ALMOST
NOON. ISN’T
YOUR
APPOINTMENT
WITH UPSTATE
UNIVERSITY
AT ONE?",auto_ocr_sentiment,val
"Invincible, Vol. 1.pdf_p0225_panel_4.jpg",anger,"C’MON
DAD... IT KNOW
MOM PUT YOU

UP TO THIS. SHE’S
BEEN BUGGING ME
TO DEATH ABOUT
STUFF EVER SINCE
AMBER AND I
STARTED GOING
OUT. I’M JUST NOT
IN THE MOOD FOR
ANY BIRDS AND

BEES TALK

RIGHT NOW.
Za",auto_ocr_sentiment,val
"Invincible, Vol. 1.pdf_p0357_panel_5.jpg",joy,"YOU KNOW
SUPERPATRIOT#!

   
 
      
   
   
   
   

  

WELL ENOUGH
TO BE MARRIED TO
HIM. WELL ENOUGH

TO BE BUYING TAKE-
OUT CHINESE FOOD

FOR HIM ON MY

WAY HOME.",auto_ocr_sentiment,val
"Invincible, Vol. 1.pdf_p0646_panel_1.jpg",neutral,"THEIR LIFE SPANS ARE
A MERE FRACTION OF
EARTH PEOPLE’S.
ROUGHLY ABOUT NINE
MONTHS.",auto_ocr_sentiment,val
"Invincible, Vol. 1.pdf_p0298_panel_4.jpg",neutral,"IT’S
GOOD TO
SEE YOU UP
AND AROUND.
HOW DO YOU
FEEL?",auto_ocr_sentiment,val
"Invincible, Vol. 1.pdf_p0684_panel_1.jpg",neutral,,auto_ocr_sentiment,val
"Invincible, Vol. 1.pdf_p0148_panel_1.jpg",neutral,,auto_ocr_sentiment,val
"Invincible, Vol. 1.pdf_p0204_panel_1.jpg",fear,"VYY,
REALLY THINK I’D
LET YOU GET OUT

AS LONG AS YOU VON'T
‘ POISON THE WATER
- SUPPLY TOPAY I'LL BE
. HA BUT PIP YOU
OF HERE?

  
 
  
    

    
  
  

 

“",auto_ocr_sentiment,val
"Invincible, Vol. 1.pdf_p0780_panel_2.jpg",surprise,"YOU SEE
THIS? I’MA

FREAK--A
DEFORMED FREAK--
50 I GUESS 'T’S

:",auto_ocr_sentiment,val
"Invincible, Vol. 1.pdf_p0420_panel_3.jpg",neutral,,auto_ocr_sentiment,val
"Invincible, Vol. 1.pdf_p0228_panel_2.jpg",neutral,,auto_ocr_sentiment,val
"Invincible, Vol. 1.pdf_p0979_panel_0.jpg",surprise,"WHAT ABOUT
WEAPONS?!
THIS SHIP HAS
TO HAVE
WEAPONS!

THEY DIDN’T SHOW

US THAT WHEN WE

WERE KIDS! I DON’T |
KNOW ANYTHING

ABOUT THE

WEAPONS!",auto_ocr_sentiment,val
"Invincible, Vol. 1.pdf_p0406_panel_8.jpg",neutral,,auto_ocr_sentiment,val
"Invincible, Vol. 1.pdf_p1065_panel_0.jpg",neutral,"[ 3
' UPSTATE UNIVERSITY.

THE PORM ROOM OF
ARK GRAYSON ANP

WILLIAM CLOCKWELL.

a

Lit
iT ex

zy

a Tt

a
Cd

f
ji
a

ae
+E",auto_ocr_sentiment,val
"Invincible, Vol. 1.pdf_p0784_panel_0.jpg",surprise,"hs! MD foricur
- \ PINOSAURS?!",auto_ocr_sentiment,val
"Invincible, Vol. 1.pdf_p0215_panel_1.jpg",neutral,,auto_ocr_sentiment,val
"Invincible, Vol. 1.pdf_p0314_panel_3.jpg",joy,"OK!
SOMETHING’S
COMING OUT

 

pees ik es",auto_ocr_sentiment,val
"Invincible, Vol. 1.pdf_p1083_panel_5.jpg",neutral,"NWUSSION,",auto_ocr_sentiment,val
"Invincible, Vol. 1.pdf_p0522_panel_11.jpg",surprise,"NO--NG! ITS NOT
THAT AT ALL! I DIDN'T
CALL YOU TO TALK
ABOUT THAT. I DON’T
KNOW THAT HE WAS
EVER SELLING DRUGS...
I DON’T KNOW
WHAT'S GOING
ON.",auto_ocr_sentiment,val
"Invincible, Vol. 1.pdf_p0893_panel_5.jpg",neutral,,auto_ocr_sentiment,val
"Invincible, Vol. 1.pdf_p0625_panel_11.jpg",neutral,"tice COULVUN I JUST
CALL? HE'S LIKE
AN HOUR’S PRIVE
AWAY FROM
HERE...",auto_ocr_sentiment,val
"Invincible, Vol. 1.pdf_p0794_panel_3.jpg",neutral,""" THEY aLso ‘#
IMPROVED",auto_ocr_sentiment,val
"Invincible, Vol. 1.pdf_p0340_panel_5.jpg",neutral,,auto_ocr_sentiment,val
"Invincible, Vol. 1.pdf_p0758_panel_2.jpg",neutral,,auto_ocr_sentiment,val
"Invincible, Vol. 1.pdf_p0932_panel_6.jpg",neutral,,auto_ocr_sentiment,val
"Invincible, Vol. 1.pdf_p0791_panel_1.jpg",neutral,,auto_ocr_sentiment,val
"Invincible, Vol. 1.pdf_p0422_panel_2.jpg",neutral,,auto_ocr_sentiment,val
"Invincible, Vol. 1.pdf_p0706_panel_2.jpg",neutral,,auto_ocr_sentiment,val
"Invincible, Vol. 1.pdf_p0307_panel_2.jpg",neutral,"NHEN I
<NED TO THE
IN OF PLANETS
ORLD ANP TOLD
AT IT HAD BEEN
EARTH INSTEAD
H THEY FLIPPED
SEEMS EARTH
LIMITS TO THE
SALITION. ,

        

YOU’VE

GOTA
VILTRUMITE
LIVING
AMONG
YOu!",auto_ocr_sentiment,val
"Invincible, Vol. 1.pdf_p0610_panel_3.jpg",anger,"YOU'VE GOT TO DO
SOMETHING ABOUT
THAT SPEECH, YOU
ALREADY LOOK LIKE
AN IPIOT--YOU
SHOULON’T SOUNP
LIKE ONE TOO!",auto_ocr_sentiment,val
"Invincible, Vol. 1.pdf_p0405_panel_2.jpg",fear,"OH, ITS NOT TAAT BAP.

YOU GOT THE FIVE WEEKS
OFF, THEN YOU HAD TWO
WEEKS OF WATCHING MOVIES--
FROM WHAT I’VE HEARD--
AND NOW YOU’RE
GRADUATING.

     

  
 
 
 
 

   
   
 
  
 
     
  

YEAH--ANP
AFTER I GRADUATE
TOPAY...I’'VE GOT TWO
WEEKS TO PREPARE
, FOR MY FIRST DAY OF
rm CLASSES AT UPSTATE
UNIVERSITY. L",auto_ocr_sentiment,val
"Invincible, Vol. 1.pdf_p0184_panel_1.jpg",neutral,,auto_ocr_sentiment,val
"Invincible, Vol. 1.pdf_p0106_panel_2.jpg",neutral,"> Peat*ear- = ~~
rea an

rr",auto_ocr_sentiment,val
"Invincible, Vol. 1.pdf_p0539_panel_6.jpg",neutral,,auto_ocr_sentiment,val
"Invincible, Vol. 1.pdf_p0875_panel_2.jpg",anger,"WHOA--THOSE
THINGS--THOSE

' ARE WHAT’S

STEALING THE =,

     

OH,
MAN--THOSE
THINGS ARE

TOUGH--THIS

SUCKS.",auto_ocr_sentiment,val
"Invincible, Vol. 1.pdf_p0048_panel_3.jpg",neutral,,auto_ocr_sentiment,val
"Invincible, Vol. 1.pdf_p0255_panel_3.jpg",neutral,"(A 2
ul
SS

 

IXTURE IN THE SUPERHERO

MY NATURAL VILTRUMITE

D MYSELF BECOMING
DE ME THE MOST

EING ON THE PLANET.",auto_ocr_sentiment,val
"Invincible, Vol. 1.pdf_p0659_panel_6.jpg",neutral,,auto_ocr_sentiment,val
"Invincible, Vol. 1.pdf_p0913_panel_3.jpg",neutral,,auto_ocr_sentiment,val
"Invincible, Vol. 1.pdf_p0635_panel_2.jpg",neutral,,auto_ocr_sentiment,val
"Invincible, Vol. 1.pdf_p0897_panel_3.jpg",neutral,"y THIS ISN'T GOING }
TO BE ATHING }
WITH YOU IS 4

: iT?",auto_ocr_sentiment,val
"Invincible, Vol. 1.pdf_p0270_panel_2.jpg",neutral,"I’M
TELLING YOU
THE TRUTH
Z FOR THE FIRST
bj TIME IN YOUR
LIFE!",auto_ocr_sentiment,val
"Invincible, Vol. 1.pdf_p0888_panel_1.jpg",neutral,"y PUPE--IF YOU LI’? SURE
GETAN OPENING \LKETOB
JUST RUN LIKE L’M--",auto_ocr_sentiment,val
"Invincible, Vol. 1.pdf_p0761_panel_0.jpg",neutral,"$0, WHAT’S
GOT YOU UP
50 EARLY?

FIGURED OUT HOW
TO INCREASE MY ATR
STRENGTH. T'N :
ory ay pase” KINDA-WoRi FOR
PONE ABOUT THAT. 4 THE GOVERNMENT

INCREASE IF T a fy ON THE SIDE.

PUSH THEM TO THEI2 JF ~ Me \ HAVE I TOLD

LIMITS—--LIZE EXERCISING. ,

A SO I’M GOING TO GET UP 5
EVERY MORNING AND
BR FLY AS FAST ASI

» CAN AS FAR AS

> I CAN.",auto_ocr_sentiment,val
"Invincible, Vol. 1.pdf_p0981_panel_1.jpg",neutral,CE,auto_ocr_sentiment,val
"Invincible, Vol. 1.pdf_p0874_panel_3.jpg",surprise,"WHAT2!
YOU AIN’T NEVER
SEEN A MAN
TALK TO ATKEE |

BEFORE 2!",auto_ocr_sentiment,val
"Invincible, Vol. 1.pdf_p0598_panel_3.jpg",surprise,"THEN YEARS OF _

WANDPERING--BUT
MY MEMORY IS SO",auto_ocr_sentiment,val
"Invincible, Vol. 1.pdf_p0466_panel_0.jpg",neutral,,auto_ocr_sentiment,val
"Invincible, Vol. 1.pdf_p0198_panel_3.jpg",neutral,"NO TIME FOR THANKS,
THIS DETOUR HAS
COST Me ENOUGH

TIME AS IT
IS.",auto_ocr_sentiment,val
"Invincible, Vol. 1.pdf_p0981_panel_8.jpg",neutral,fl,auto_ocr_sentiment,val
"Invincible, Vol. 1.pdf_p0689_panel_7.jpg",anger,"YOU TAK
MUCH FOR
GRANTED, SON.
YOU'VE GOT TO
RESPECT YOUR
VOWERS
MORE.",auto_ocr_sentiment,val
"Invincible, Vol. 1.pdf_p0586_panel_3.jpg",fear,"CLEAN UP CREWS
ARE EN ROUTE--AND
THERE’S NO THREAT

THAT I CAN SEE.
WE CAN GO.

 
    
   
   
 
 
 
     
 
   
    
 
   

   
 

 

COME WITH
US, INVINCIBLE.
YOU SHOULD
PROBABLY GET
CHECKED OUT
FOR INUURKIES
BEFORE YOU
GO HOME.",auto_ocr_sentiment,val
"Invincible, Vol. 1.pdf_p0265_panel_1.jpg",neutral,,auto_ocr_sentiment,val
"Invincible, Vol. 1.pdf_p0746_panel_0.jpg",sadness,"y SORRYIT N
e/ «=6COULDN’T STOP
HIM FASTER.
CECIL DIDN’T HAVE

K
|

FS",auto_ocr_sentiment,val
"Invincible, Vol. 1.pdf_p1022_panel_4.jpg",neutral,,auto_ocr_sentiment,val
"Invincible, Vol. 1.pdf_p0020_panel_0.jpg",neutral,"So, YOU THINK
YOU CAN SAY
THAT AGAINY

> ""|
AND N",auto_ocr_sentiment,val
"Invincible, Vol. 1.pdf_p0320_panel_0.jpg",neutral,es  orig__tguc Trunae oo OC YOUR IDENTITY IS NOT COMPROMISED. NEITHER YOU NOR YOUR FATHER,auto_ocr_sentiment,val
"Invincible, Vol. 1.pdf_p1030_panel_5.jpg",neutral,"WREN We FIkS! Mel Ll WAS
WITH REX, L LIKED YOU, YOU
WERE SMART, FUNNY...

ALTHOUGH I DIDN’T COMPLETELY
NOTIGE IT THEN, GREAT LOOKING,

BUT L REALLY DION’T THINK
ABOUT IT. YOU WERE A FRIEND.
L WAS WITH REX. THAT
WAS THE END OF IT.

    
   
 
   

   
   
   
   
 
 

THEN...
REX DID WHAT
He DID AND
THAT WAS ALL
OVER.

AND Y

WERE THERE FOR
Me. YOU WERE SUCH

A GOOD FRIEND.

THAT’S--THAT’S WHEN

IT STARTED... AND THAT’S

RIGHT WHEN YOU GOT
TOGETHER WITH AMBER,
TOO. I WAS DEVASTATED--
SO WHEN WILLIAM
ASKED ME OUT, I

ALWAYS KIND
OF A WAY TO
JUST GET
CLOSER TO",auto_ocr_sentiment,val
"Invincible, Vol. 1.pdf_p0936_panel_6.jpg",neutral,,auto_ocr_sentiment,val
"Invincible, Vol. 1.pdf_p0958_panel_0.jpg",fear,"MEANWHILE, ON EARTH.
i) AMBER BENNETT IS OUT

] SEEING A MOVIE WITH

MN CARY--HER “ERIEND”

FROM COLLEGE.

 

mel

I GOT THE POPCORN
AND THE PRINKS--LET’S
GET IN THERE BEFORE

B ALL THE GOOP SEATS ,

ARE TAKEN.

 

Y YEAH, NO, NO--
I UNPERSTAND.
I COMPLETELY ,

UNPERSTAND.",auto_ocr_sentiment,val
"Invincible, Vol. 1.pdf_p0372_panel_5.jpg",neutral,,auto_ocr_sentiment,val
"Invincible, Vol. 1.pdf_p0441_panel_1.jpg",neutral,,auto_ocr_sentiment,val
"Invincible, Vol. 1.pdf_p0084_panel_0.jpg",joy,"/ "" HAIHA!
HA!  HalHalHal , '
HA! HA! | HA!

HAI HAHA! [4

HA!",auto_ocr_sentiment,val
"Invincible, Vol. 1.pdf_p0755_panel_0.jpg",neutral,,auto_ocr_sentiment,val
"Invincible, Vol. 1.pdf_p0398_panel_5.jpg",neutral,,auto_ocr_sentiment,val
"Invincible, Vol. 1.pdf_p1001_panel_1.jpg",anger,"Me COME HEKE FKOM
OTHER WOR: BEGINNING
R

 
 
 
 
 

>
wy
Cc
2§
am
OS
0

4

1

 
  
  

   
  

   

OCTOBOSS
LANGUAGE OF ENEMY.
AM KILLING
ME PLAGE EFFORT VOU EOR

    

     

ALL
GET I BE

} RIDICULE?! INSULT!",auto_ocr_sentiment,val
"Invincible, Vol. 1.pdf_p0580_panel_3.jpg",neutral,,auto_ocr_sentiment,val
"Invincible, Vol. 1.pdf_p0458_panel_3.jpg",neutral,RAAF,auto_ocr_sentiment,val
"Invincible, Vol. 1.pdf_p0950_panel_2.jpg",surprise,"@ OY a
VILE SEQUIDS
WE WOULD
ALLY WITH

A TRANSGROT
HIMSELF.

i,",auto_ocr_sentiment,val
"Invincible, Vol. 1.pdf_p0729_panel_7.jpg",neutral,"We COULD
ANGE LEGITIMATE
TION PAVERS AND
THE CHILD BIRTH
-ORDS AND EVEN
PLOY SOME LOW-
4 HOLOGRAPHICS
MATCH HIS SKIN
COLOR.

7 THE APVANCED

AGING WILL BE TRICK\
WE COULPN’T ALLOW Ti
CHILD TO ATTEND PUBL

SCHOOLS BECAUSE
SOMEONE WOULD NOTIC
HIS... UNIQUENESS... $
WE WOULD PROVIDE
A PRIVATE TUTOR.",auto_ocr_sentiment,val
"Invincible, Vol. 1.pdf_p0047_panel_1.jpg",neutral,,auto_ocr_sentiment,val
"Invincible, Vol. 1.pdf_p0433_panel_1.jpg",surprise,"| --POKING
Yare AT ME?!",auto_ocr_sentiment,val
"Invincible, Vol. 1.pdf_p0784_panel_1.jpg",surprise,EGAPS!! |,auto_ocr_sentiment,val
"Invincible, Vol. 1.pdf_p0187_panel_4.jpg",neutral,,auto_ocr_sentiment,val
"Invincible, Vol. 1.pdf_p1031_panel_4.jpg",neutral,,auto_ocr_sentiment,val
"Invincible, Vol. 1.pdf_p0880_panel_0.jpg",neutral,"A

,
My

BP

pany",auto_ocr_sentiment,val
"Invincible, Vol. 1.pdf_p0121_panel_0.jpg",neutral,,auto_ocr_sentiment,val
"Invincible, Vol. 1.pdf_p0643_panel_2.jpg",neutral,,auto_ocr_sentiment,val
"Invincible, Vol. 1.pdf_p0952_panel_4.jpg",neutral,,auto_ocr_sentiment,val
"Invincible, Vol. 1.pdf_p0114_panel_0.jpg",neutral,"I’M A
PUBLIC SERVANT OF
SORTS... IT’S SORT OF
HARP TO EXPLAIN. I
GUESS BECAUSE I’VE
NEVER HAP TO
BEFORE.

I’M A
CHAMPION
EVALUATION
OFFICER.",auto_ocr_sentiment,val
"Invincible, Vol. 1.pdf_p0094_panel_3.jpg",fear,"KOBOT IS COMING BY 10 PO A SWEEPY
OF THE HOUSE TO CHECK FOR
ANYTHING DANGEROUS. T THINK THE
POLICE WILL BE WRAPVED UP
HERE SHORTLY.

   
    
    

YOU
CAN JUST GO
HOME IF YOU
WANT. I’M GOING
TO LEAVE AFTER
ROBOT GETS HERE.",auto_ocr_sentiment,val
"Invincible, Vol. 1.pdf_p0580_panel_5.jpg",neutral,,auto_ocr_sentiment,val
"Invincible, Vol. 1.pdf_p0659_panel_7.jpg",anger,"‘TED A PORTAL TO MY
ABLE UNIVERSE--THE ONE
UCT I DRAINED AND

DESTROYED!",auto_ocr_sentiment,val
"Invincible, Vol. 1.pdf_p0020_panel_4.jpg",neutral,,auto_ocr_sentiment,val
"Invincible, Vol. 1.pdf_p0717_panel_6.jpg",neutral,"AFTER ALL THIS
TIME, IT STILL FIND
IT HARD TO BELIEVE
THAT HE’S GONE.
ALIFE ENPED
AFTER LASTING SO
LONG--IT DOESN’T
ever SEEM",auto_ocr_sentiment,val
"Invincible, Vol. 1.pdf_p0376_panel_0.jpg",neutral,"PLEASE. YOU'RE
EMBARKASSING",auto_ocr_sentiment,val
"Invincible, Vol. 1.pdf_p0469_panel_1.jpg",neutral,,auto_ocr_sentiment,val
"Invincible, Vol. 1.pdf_p0357_panel_6.jpg",neutral,"WELL, SON. WE
BETTER GET GOING.
YOU’VE GOT SCHOOL
TOMORROW.",auto_ocr_sentiment,val
"Invincible, Vol. 1.pdf_p0399_panel_7.jpg",neutral,"EVER HEARD
OF SCHOOL
IN JULY?

STUPID",auto_ocr_sentiment,val
"Invincible, Vol. 1.pdf_p0747_panel_5.jpg",neutral,"YOU KNOW--IT’D &
ALOT EASIER IF Y¢
ACTUALLY BROUGI
YOUR CLOTHES Bhs
FOR ME TO WASH ¢
A REGULAR BASIS

OR, Y'KNOW--YOL
COULP JUST Was
THE CLOTHES
YOURSELF.",auto_ocr_sentiment,val
"Invincible, Vol. 1.pdf_p0779_panel_2.jpg",neutral,,auto_ocr_sentiment,val
"Invincible, Vol. 1.pdf_p0199_panel_6.jpg",neutral,,auto_ocr_sentiment,val
"Invincible, Vol. 1.pdf_p0038_panel_2.jpg",neutral,"AX { OUT ALITTLE

| Past Your JN

A BepTtime, /P
YOUNG",auto_ocr_sentiment,val
"Invincible, Vol. 1.pdf_p0215_panel_0.jpg",neutral,,auto_ocr_sentiment,val
"Invincible, Vol. 1.pdf_p0341_panel_6.jpg",neutral,"WHAT’S

HE NEED A
BEEPER
FOR?",auto_ocr_sentiment,val
"Invincible, Vol. 1.pdf_p0408_panel_0.jpg",anger,"THAT’S THOMAS WINTERS. A

LAB ACCIDENT CAUSED HIS WIFE,
HOLLY, TO BECOME IMMORTAL.

AFTER YEARS OF DEALING WITH

IT HE DECIDED TO TRY AND

DUPLICATE THE EXPERIMENT

$0 THAT THEY COULD SOMET!

LIVE TOGETHER WEN

FOREVER.

WROK",auto_ocr_sentiment,val
"Invincible, Vol. 1.pdf_p0174_panel_3.jpg",fear,"ANYTHING BEFORE I WENT
HOME... HE WAS THERE...
OUT IN THE OPEN...

WITH HER.

4 WAS COMING PACK 10 THe
BASE THE NIGHT BEFORE LAST
TO SEE IF HE WANTED TO DO

    
   
    

I WAS

SO STUNNED... TI
JUST COLLAPSED. THEY
DION’T EVEN KNOW I

WAS THERE FOR A

MINUTE OR TWO. I’ve
BEEN AWRECK
EVER SINCE.

 
   
   
   
   
     
 

{ KINDA THOUGHT
\ HE WAS A JERK
» ANYWAY.",auto_ocr_sentiment,val
"Invincible, Vol. 1.pdf_p1084_panel_5.jpg",anger,"I KNOW
THEY CAN’T
REALLY HURT YOU--
BUT I’M GOING TO

SUFFOCATE IN HERE
OR SOMETHING. T
DON’T SEE ANY OTHER
WAY OUT OF HERE.",auto_ocr_sentiment,val
"Invincible, Vol. 1.pdf_p0058_panel_0.jpg",neutral,"BOY, THAT CASSEROLE
SURE WAS GOOD,
MOM.",auto_ocr_sentiment,val
"Invincible, Vol. 1.pdf_p0804_panel_0.jpg",neutral,,auto_ocr_sentiment,val
"Invincible, Vol. 1.pdf_p0398_panel_3.jpg",neutral,"I’M REAPY.
I’M NOT LOOKING
TOIT

SO... YOU
READY FOR
SCHOOL
TOMORROW 4",auto_ocr_sentiment,val
"Invincible, Vol. 1.pdf_p1009_panel_1.jpg",neutral,"YOU'VE
GOT
SCHOOL.",auto_ocr_sentiment,val
"Invincible, Vol. 1.pdf_p0602_panel_2.jpg",sadness,"EKICKSON, SIkK--I M
SORRY --THERE WAS
JUST NOTHING T COULD
DO FOR HER. THE BABY
DIED IN CHILDBIRTH--
IT WAS OUT OF MY

HANDS.

DOCTOR RODGERS,
LISTEN TO ME--THERE
WASN’T ENOUGH TIME TO
GET THE TEST SUBJECT
TO THE BASE--THE BABY
WAS COMING.

    
      
  
  
   
    

  
   
   
   
 

  
  

YOU ARE OUT OF LINE,
DOCTOR BRANPYWORTH--
THIS WAS OUR PROJECT--YOU
SHOULD HAVE CONSULTED ME
BEFORE YOU CHOSE A
CIVILIAN HOSPITAL.

    
  
  
 

  

 
   
 
 
 
 

 
 

AND NOW IT’S DEAD.
THAT’S MILLIONS OF TAX
DOLLARS DOWN THE PRAIN,
BRANDPYWORTH. IF YOU MAKE IT
TO TOMORROW WITHOUT LOSING

YOUR JOB OVER THIS,
I’LL BE SURPRISED.",auto_ocr_sentiment,val
"Invincible, Vol. 1.pdf_p0724_panel_7.jpg",neutral,"THE OKIGINAL,
ONE OF US WAS
CLONEP FROM
A CLONE.",auto_ocr_sentiment,val
"Invincible, Vol. 1.pdf_p0304_panel_3.jpg",neutral,,auto_ocr_sentiment,val
"Invincible, Vol. 1.pdf_p0450_panel_5.jpg",neutral,"Ss

WS

*
\ EN
» Ae VS Pant

ir
Uy

fe

C |

 

y
Ke

ct",auto_ocr_sentiment,val
"Invincible, Vol. 1.pdf_p0218_panel_0.jpg",neutral,,auto_ocr_sentiment,val
"Invincible, Vol. 1.pdf_p0224_panel_2.jpg",neutral,,auto_ocr_sentiment,val
"Invincible, Vol. 1.pdf_p0009_panel_3.jpg",neutral,"NO CAN
DO, PAL. I’ve
GOT TO BE AT
BURGER MART IN
ABOUT TWENTY
MINUTES!",auto_ocr_sentiment,val
"Invincible, Vol. 1.pdf_p0540_panel_3.jpg",anger,"FROM OUR SCHOOL
BECAUSE MY DAD AND
I ENCOUNTERED ONE
OF THEM IN LAKESIPE

l MALL. q
THE GUY MUST

HAVE HATEP MALLS.
ANYWAY, WE GOT TO
HIM JUST BEFORE HE
WENT OFF--",auto_ocr_sentiment,val
"Invincible, Vol. 1.pdf_p0529_panel_6.jpg",neutral,,auto_ocr_sentiment,val
"Invincible, Vol. 1.pdf_p0828_panel_2.jpg",fear,"-ONG I HAP

TENT TO LIVE
IUGH THOSE
CAL EYES--
ONGING FOR
NG MORE,
L I MET

 
 
 
 
 
  
 
       
 

YOU'RE
NOT GOING TO
TELL ME YOU
LOVE ME RIGHT?

I MEAN, THAT
WOULP BE
TOTALLY",auto_ocr_sentiment,val
"Invincible, Vol. 1.pdf_p0899_panel_4.jpg",neutral,"COME ON--
I’LL TAKE YOU
TO WILLIAM.",auto_ocr_sentiment,val
"Invincible, Vol. 1.pdf_p0007_panel_2.jpg",neutral,,auto_ocr_sentiment,val
"Invincible, Vol. 1.pdf_p0165_panel_1.jpg",neutral,,auto_ocr_sentiment,val
"Invincible, Vol. 1.pdf_p1052_panel_0.jpg",neutral,,auto_ocr_sentiment,val
"Invincible, Vol. 1.pdf_p0306_panel_4.jpg",neutral,,auto_ocr_sentiment,val
"Invincible, Vol. 1.pdf_p0321_panel_5.jpg",neutral,"TELLING YOU

H
FOR THE FIRST
TIME IN YOUR
LIFE!",auto_ocr_sentiment,val
"Invincible, Vol. 1.pdf_p1105_panel_4.jpg",neutral,,auto_ocr_sentiment,val
"Invincible, Vol. 1.pdf_p0504_panel_3.jpg",neutral,,auto_ocr_sentiment,val
"Invincible, Vol. 1.pdf_p0208_panel_1.jpg",neutral,"WHATEVER...

» ASSHOLE.",auto_ocr_sentiment,val
"Invincible, Vol. 1.pdf_p0309_panel_4.jpg",fear,"WILL YO. TLL
CERTAINLY LET YOU
KNOW AS SOON AS
I HEAR SOMETHING J
FROM THE ;
COALITION.

 
     
 
   
 
    
     
   
    
 
 
     
 
   

MEANTIME...
WHAT ABOUT
YOU? WITH Your
FATHER GONE AND

ALL THAT’S ;
HAPPENED... WHAT

ARE YOU GOING B

TO DOZ",auto_ocr_sentiment,val
"Invincible, Vol. 1.pdf_p0421_panel_5.jpg",surprise,"WHAT 2/ DIP I JUST IMAGINE
THAT? I CAN’T BELIEVE THAT
JUST HAPPENED. DON’T YOU
SEE WHAT I’M TALKING

ABOUT?! 6",auto_ocr_sentiment,val
"Invincible, Vol. 1.pdf_p0414_panel_5.jpg",neutral,"_
|

4

\ een aos

ERS
es ))",auto_ocr_sentiment,val
"Invincible, Vol. 1.pdf_p0738_panel_1.jpg",neutral,"ANT TO GET INTO,

LING BACK YOUR

=V BROTHER, ASK
> TO RAISE HIM--
D THEN YOU SKIP
T FOR THE REST
OF THE DAY?",auto_ocr_sentiment,val
"Invincible, Vol. 1.pdf_p1062_panel_5.jpg",neutral,,auto_ocr_sentiment,val
"Invincible, Vol. 1.pdf_p0490_panel_0.jpg",neutral,,auto_ocr_sentiment,val
"Invincible, Vol. 1.pdf_p0375_panel_5.jpg",anger,"DON’T KILL ,
ME. .",auto_ocr_sentiment,val
"Invincible, Vol. 1.pdf_p1084_panel_4.jpg",neutral,,auto_ocr_sentiment,val
"Invincible, Vol. 1.pdf_p0555_panel_1.jpg",neutral,,auto_ocr_sentiment,val
"Invincible, Vol. 1.pdf_p0500_panel_4.jpg",neutral,,auto_ocr_sentiment,val
"Invincible, Vol. 1.pdf_p1022_panel_1.jpg",neutral,"THIS WILL
CERTAINLY
HELP.
DO YOU
MIND IF I
SCAN THESE
FOR MY

RECORDS?",auto_ocr_sentiment,val
"Invincible, Vol. 1.pdf_p0153_panel_0.jpg",neutral,"C
STOF!!
PLEASE!",auto_ocr_sentiment,val
"Invincible, Vol. 1.pdf_p0546_panel_7.jpg",neutral,,auto_ocr_sentiment,val
"Invincible, Vol. 1.pdf_p1080_panel_4.jpg",neutral,"+ VO--) Ve
ALOT GOING
NOW--LIKE 1
FOR INS’

WHAT'S THE BIG
DEAL--YOU LIKE
HER, SHE LIKES
You... You WANT BY THE
MAK WAY, MINE’S
THIS HAPPEN, POWN--MISTER
RIGHT? “T DON’T NEED
REX’S HELP.”",auto_ocr_sentiment,val
"Invincible, Vol. 1.pdf_p0142_panel_0.jpg",neutral,"THANKS
FOR DRIVING.
We’LL UH...
TALK ABOUT
THIS MORE,
LATER...

YOUR

al
awe SECRET'S
ae SAFE WITH

f
isda ME, PAL.",auto_ocr_sentiment,val
"Invincible, Vol. 1.pdf_p0162_panel_3.jpg",neutral,,auto_ocr_sentiment,val
"Invincible, Vol. 1.pdf_p0276_panel_0.jpg",neutral,,auto_ocr_sentiment,val
"Invincible, Vol. 1.pdf_p0836_panel_5.jpg",neutral,"THERE’S A THING I
KINDA WANTEP TO ASK
OU ABOUT. WHEN We
WERE PEFEATEP--
HEN THE VILTRUMITES
~ TOOK HIM AWAY... ©

THE LAST
THING HE
SAID TO ME
WAS...",auto_ocr_sentiment,val
"Invincible, Vol. 1.pdf_p1016_panel_0.jpg",neutral,,auto_ocr_sentiment,val
"Invincible, Vol. 1.pdf_p0689_panel_6.jpg",neutral,,auto_ocr_sentiment,val
"Invincible, Vol. 1.pdf_p0221_panel_0.jpg",neutral,,auto_ocr_sentiment,val
"Invincible, Vol. 1.pdf_p0026_panel_0.jpg",neutral,,auto_ocr_sentiment,val
"Invincible, Vol. 1.pdf_p0333_panel_2.jpg",neutral,,auto_ocr_sentiment,val
"Invincible, Vol. 1.pdf_p0918_panel_2.jpg",neutral,"ZING. I'VE NEVER
SEEN ANYTHING LIKE IT. I’ve
BEEN WORKING WITH OLIVER
FOR LESS THAN A MONTH
AND HE’S ALREADY MOVED
UP TO FOURTH GRADE MATH,
HE READS AT A SEVENTH
GRADE LEVEL, HIS
COMPREHENSION IS
THROUGH THE
ROOF.

ey 4 THIS YOUNG MAN IS
UUST OFF THE CHARTS,

HE IS. IT’S STUNNING.
I’Ve BEEN AROUND ALOT
OF TALENTED CHILDREN,

KIDS WHO COULD READ
MINDS AND MOVE THINGS

WITH THEIR THOUGHTS,

BUT THIS--NOTHING
BEATS THIS.

HE
WAS BARELY
SPEAKING IN

COMPLETE

SENTENCES

WHEN I GOT
HERE.",auto_ocr_sentiment,val
"Invincible, Vol. 1.pdf_p0889_panel_5.jpg",surprise,"f YEAH-- <
START WITH

YOUR BUDDIES
THERE--THE §

\, ONES HURTING £",auto_ocr_sentiment,val
"Invincible, Vol. 1.pdf_p0699_panel_2.jpg",neutral,,auto_ocr_sentiment,val
"Invincible, Vol. 1.pdf_p0250_panel_3.jpg",neutral,"IT DION’T MATTER IF IT TOOK ONE HUNDRED
HOURS OR ONE HUNDRED YEARS. NO CIVILIZATION
WE SET OUR SIGHTS ON WENT UNCONGUERED.",auto_ocr_sentiment,val
"Invincible, Vol. 1.pdf_p0213_panel_5.jpg",neutral,,auto_ocr_sentiment,val
"Invincible, Vol. 1.pdf_p0864_panel_4.jpg",neutral,,auto_ocr_sentiment,val
"Invincible, Vol. 1.pdf_p0474_panel_5.jpg",neutral,"(hi ? Lad YF or am
THAT WAS COM
INAPPROPRIATE. I--
I DON’T KNOW
WHAT I WAS
THINKING...

HEY, SHE
TOLD Me ABOUT
HOW YOU’RE
GETTING ONTO
HER ABOUT THAT. f
GOEASY ON
HER, OKAY?",auto_ocr_sentiment,val
"Invincible, Vol. 1.pdf_p0743_panel_2.jpg",anger,"WE’RE TRYING,
imwigeralt |
OUT OF

THE WAY--
FIGHT HIS
CONTROL--WE’RE
TRYING TO SAVE",auto_ocr_sentiment,val
"Invincible, Vol. 1.pdf_p0126_panel_7.jpg",neutral,',auto_ocr_sentiment,val
"Invincible, Vol. 1.pdf_p0898_panel_1.jpg",neutral,"aie y ILLIAM'S GOOD?
a 528 ne .
| HE’S FINE. HE'S SY
’ 1 ON PERMANENT DONE BEEN ASKING ABOUT

ct__|_IM Ah £.a/ vou I’M PROUP OF YOU

FOR NOT TELLING HIM
ABOUT US. NIGE WORK.
\ OF COURSE, THAT'S ALL
> EOR NOTHING Now, BUT 4
t b ITWASANICE 4
= ¥ - GESTURE. ff

H
ABOUT RICK
SHERIDAN?

* HAVE YOU STARTED

YOU’D LIKE.
HE’S
CLOSER.

ER EBS

 

a — |
y",auto_ocr_sentiment,val
"Invincible, Vol. 1.pdf_p0963_panel_0.jpg",anger,"_7J Ww YOU KILLEP PUPLI-KATE!
YOU KILLED : SHRINKING RAY!
|Back on care. | ON GARTH. L OVER, YOU |

| ° PSYCHO /
= |",auto_ocr_sentiment,val
"Invincible, Vol. 1.pdf_p0057_panel_1.jpg",neutral,"I
THINK F’/LL
JUST QUIT
INSTEAP!",auto_ocr_sentiment,val
"Invincible, Vol. 1.pdf_p0976_panel_1.jpg",neutral,,auto_ocr_sentiment,val
"Invincible, Vol. 1.pdf_p0022_panel_3.jpg",anger,"I UNDERSTAND THAT, ANP TO Be
QUITE HONEST... I CONPONE IT,
BUT YOU SHOULD HAVE GOTTEN
A TEACHER, OR ONE OF THE
SECURITY GUARDS.

THAT BOY
WAS ALMOST
TWICE YOUR SiZe,
IT’S NOT YOUR
RESPONSIBILITY
TO PROTECT THE
OTHER KIDS

HERE.",auto_ocr_sentiment,val
"Invincible, Vol. 1.pdf_p0135_panel_6.jpg",neutral,,auto_ocr_sentiment,val
"Invincible, Vol. 1.pdf_p0589_panel_0.jpg",neutral,,auto_ocr_sentiment,val
"Invincible, Vol. 1.pdf_p0682_panel_0.jpg",neutral,"I JUST WANTED
TO SAY... IT’S
GOOP TO HAVE
YOU BACK.",auto_ocr_sentiment,val
"Invincible, Vol. 1.pdf_p0072_panel_0.jpg",neutral,TIIAT uAlLAlf AKNIm CT ne DT,auto_ocr_sentiment,val
"Invincible, Vol. 1.pdf_p0910_panel_0.jpg",neutral,"THE PENTAGON.

——_a

WHERE CECIL STEPMAN RUNS

THE GLOBAL DEFENSE AGENCY
WHICH I$ CURRENTLY OVERSEEING
THE RECOVERY OF RICK SHERIPAN--
FORMALLY A CYBERNETIC
REANIMAN.",auto_ocr_sentiment,val
"Invincible, Vol. 1.pdf_p0649_panel_2.jpg",neutral,"fi

 
   

a

77S

|",auto_ocr_sentiment,val
"Invincible, Vol. 1.pdf_p0135_panel_1.jpg",neutral,,auto_ocr_sentiment,val
"Invincible, Vol. 1.pdf_p0113_panel_0.jpg",anger,"JUST
STOP FIGHTING
Me! CAN’T WE...
TALK THIS OVER OR
SOMETHING?",auto_ocr_sentiment,val
"Invincible, Vol. 1.pdf_p0607_panel_2.jpg",neutral,"YOU STILL REAP
THAT BOOK? MAN--
WE GET LIKE TWO

COPIES FOR THE
SHELF NOW--AND
WE'VE ONLY GOT

CUSTOMERS.

THAT
BOOK IS $0
RETRO.",auto_ocr_sentiment,val
"Invincible, Vol. 1.pdf_p0642_panel_1.jpg",anger,"HANDS? DO YOU
REALIZE THE

. 0
\ WHAT I HOLD IN MY
| VOWER I NOW

THIS DNA
SAMPLE FROM
REX SPLODE
COULD WELL MAKE
YOU OBSOLETE. Tf
A, WOULD NO LONGER
a NEEP You.

Ea

 

cae

\)",auto_ocr_sentiment,val
"Invincible, Vol. 1.pdf_p0518_panel_0.jpg",neutral,"es
i

I’MGOING TOGO Wom
UPSTAIRS AND CALL MY ¥
GIRL. IF YOU'RE UP FOR

SOME VIPEO GAMES
LATER YOU SHOULD
COME BY MY

I’M JUST

fag GOING TO PARK
MY CAR--HOW
LONG WILL YOU
Be ON THE
PHONE?",auto_ocr_sentiment,val
"Invincible, Vol. 1.pdf_p0911_panel_7.jpg",neutral,"YOU--
YOU--WHAT
YOU’RE SAYING--
YOUVE HELPED",auto_ocr_sentiment,val
"Invincible, Vol. 1.pdf_p0952_panel_0.jpg",anger,"—_

ONE OF THE UNITED
STATES’ MANY NUCLEAR

MISSILE SILOS SCATTERED
ACROSS THE COUNTRY. IT
IS NOW UNPER THE
COMPLETE CONTROL OF
THE LIZAKP LEAGUE.",auto_ocr_sentiment,val
"Invincible, Vol. 1.pdf_p0873_panel_3.jpg",neutral,"y fe
tt
uo

&
Nw
We
= J

tt",auto_ocr_sentiment,val
"Invincible, Vol. 1.pdf_p0349_panel_4.jpg",neutral,"IT’S THE BASIS OF ALL ROMANCE
IN OUR CIVILIZATION. THE GROOM
MUST DEFEND THE BRIDE FROM
A DEPTH PWELLER. ALL THIS IS
DONE IN OUR ARENA...IN FRONT
OF THE ENTIRE POPULATION

OF THE CITY. {

ONCE THE
CREATURE IS DEFEATED--
YOU WILL MAKE LOVE TO
AQUARIA TO COMPLETE THE
CEREMONY AND FINALIZE
THE MARRIAGE.",auto_ocr_sentiment,val
"Invincible, Vol. 1.pdf_p0069_panel_6.jpg",neutral,,auto_ocr_sentiment,val
"Invincible, Vol. 1.pdf_p0095_panel_2.jpg",neutral,,auto_ocr_sentiment,val
"Invincible, Vol. 1.pdf_p0772_panel_6.jpg",surprise,"YEAH--EVE DID
MOST OF IT
THOUGH. I PUG
& COUPLE
TRENCHES,
THAT’S ABOUT
IT.

WHAT
TIME IS ITZ
I'M KINDA",auto_ocr_sentiment,val
"Invincible, Vol. 1.pdf_p0564_panel_10.jpg",neutral,,auto_ocr_sentiment,val
"Invincible, Vol. 1.pdf_p0995_panel_4.jpg",anger,"THIS GUY'S
OBVIOUSLY NOT
ALL HERE, FOLKS-- |
I DON’T THINK LET THE

KILLING HIM GUARDIANS",auto_ocr_sentiment,val
"Invincible, Vol. 1.pdf_p0779_panel_0.jpg",surprise,"WHO ARE
OU?!
WHAT PO YOU
WANT?! WHY",auto_ocr_sentiment,val
"Invincible, Vol. 1.pdf_p0784_panel_4.jpg",neutral,,auto_ocr_sentiment,val
"Invincible, Vol. 1.pdf_p0728_panel_3.jpg",anger,"HE SNCT. I'M SUKE
OF IT. HIS PEOPLE--
MY PEOPLE STILL
VERY MUCH ARE.
THEY KINPA PUT ME
IN CHARGE OF THIS
PLANET, AND BUMPED
THE DEAPLINE DOWN
TO ONE HUNDRED
YEARS.

VL

Ve

\)
XA",auto_ocr_sentiment,val
"Invincible, Vol. 1.pdf_p0974_panel_2.jpg",neutral,,auto_ocr_sentiment,val
"Invincible, Vol. 1.pdf_p0428_panel_1.jpg",neutral,,auto_ocr_sentiment,val
"Invincible, Vol. 1.pdf_p0748_panel_3.jpg",fear,"L JUST DON'T UNDERSTAND, MARK.
OUR FRIEND RICK SHERIDAN HAS
BEEN MISSING FOR MONTHS
NOW... HE JUST UP AND
DISAVPEARED. NOBODY
KNOWS WHERE HE IS.
He COULD BE IN REAL
TROUBLE.

     
     
     
   
 
     
 
   
      
 
     

ANP HERE
YOU ARE, HIS
FRIEND, AND
YOU'VE GOT ALL
THESE POWERS
AND YOU’RE NOT
DOING ANYTHING
TO FIND HIM.",auto_ocr_sentiment,val
"Invincible, Vol. 1.pdf_p0188_panel_0.jpg",neutral,,auto_ocr_sentiment,val
"Invincible, Vol. 1.pdf_p0866_panel_0.jpg",neutral,,auto_ocr_sentiment,val
"Invincible, Vol. 1.pdf_p1063_panel_3.jpg",neutral,"N YOU THINK YOU ARES
bh CAN DEFEAT Mc-- (NE | ;
THROW MEIN . , : GIVE IT
PRISONS fe _ pos YOUR BEST",auto_ocr_sentiment,val
"Invincible, Vol. 1.pdf_p0949_panel_1.jpg",anger,"We HAVE INTKUPEKS ;
IN THE ENGINE ROOM--
YOU WILL REPORT THIS
_ IMMEPIATELY. gh
— |
| INTRUDERS

MUST PIE!",auto_ocr_sentiment,val
"Invincible, Vol. 1.pdf_p0421_panel_4.jpg",neutral,,auto_ocr_sentiment,val
"Invincible, Vol. 1.pdf_p0623_panel_3.jpg",neutral,,auto_ocr_sentiment,val
"Invincible, Vol. 1.pdf_p0137_panel_0.jpg",neutral,"$0, WHAT
DO YOU
THINK

 

IT THINK
YOU REALLY
CAME OFF LIKE
A JERK IN THERE...
AND RICK SEEMED
TO BE A REALLY

sce... I
TOLD YOU.
UTI MEANT | \",auto_ocr_sentiment,val
"Invincible, Vol. 1.pdf_p0539_panel_1.jpg",neutral,SVAN OF A MONT,auto_ocr_sentiment,val
"Invincible, Vol. 1.pdf_p1110_panel_2.jpg",neutral,,auto_ocr_sentiment,val
"Invincible, Vol. 1.pdf_p0559_panel_3.jpg",neutral,,auto_ocr_sentiment,val
"Invincible, Vol. 1.pdf_p1046_panel_4.jpg",fear,"Oe 5

  
 
 

S0--
WHAT PO
YOU SAY? ARE
YOU GOING TO
WORK WITH US?",auto_ocr_sentiment,val
"Invincible, Vol. 1.pdf_p0184_panel_3.jpg",neutral,"7 eancove
MY SAMSON’S

BUTLER. m, |",auto_ocr_sentiment,val
"Invincible, Vol. 1.pdf_p1104_panel_3.jpg",neutral,,auto_ocr_sentiment,val
"Invincible, Vol. 1.pdf_p0324_panel_0.jpg",neutral,"OKAY
S FIGHT IS
TAKE IT",auto_ocr_sentiment,val
"Invincible, Vol. 1.pdf_p0409_panel_5.jpg",neutral,,auto_ocr_sentiment,val
"Invincible, Vol. 1.pdf_p0402_panel_6.jpg",neutral,"\)
wD hh
ad b
3 1. %
> S
""ey
x 7
Saks
Ee
Cs

ce
‘ i) RS (\

MV
SW

Fh,

. %
N*)

=
aN

3

\rE",auto_ocr_sentiment,val
"Invincible, Vol. 1.pdf_p0773_panel_5.jpg",neutral,"Wire LVON TT
NEED TOLEARN A

I NEED--I CAN
JUST MAKE.",auto_ocr_sentiment,val
"Invincible, Vol. 1.pdf_p0211_panel_0.jpg",neutral,,auto_ocr_sentiment,val
"Invincible, Vol. 1.pdf_p0669_panel_3.jpg",neutral,,auto_ocr_sentiment,val
"Invincible, Vol. 1.pdf_p0732_panel_0.jpg",neutral,,auto_ocr_sentiment,val
"Invincible, Vol. 1.pdf_p0579_panel_5.jpg",fear,"HEY'K
GONE, I JUST NEED TO
FIGURE OUT A WAY TO

TURN THIS KOCKY

 

 

A

""od

@.",auto_ocr_sentiment,val
"Invincible, Vol. 1.pdf_p1117_panel_0.jpg",neutral,E> wy SE UDDlUlU ee Sree ae eel Elle CNS lCU EC ==,auto_ocr_sentiment,val
"Invincible, Vol. 1.pdf_p0427_panel_0.jpg",surprise,EEREEEEEEI,auto_ocr_sentiment,val
"Invincible, Vol. 1.pdf_p0428_panel_4.jpg",neutral,"ee Cs
eas",auto_ocr_sentiment,val
"Invincible, Vol. 1.pdf_p0349_panel_6.jpg",neutral,"UM... BO
WE LEAVE THE
STADIUM

we

   
    
 

 
  

NO, OF CoURSE
NOT. YOU WILL MAKE
LOVE IN FRONT OF ALL
OUR PEOPLE. IT SEALS
THE BOND OF Love BEFORE
ALL YOUR SUBJECTS. IT’S
ONE OF THE MOST BEAUTIFUL
CUSTOMS OUR PEOPLE HAVE.
YOU AND YOUR NEW BRIDE...
OUR... QUEEN... LOCKED
IN THE THROES OF
PASSION... FOR ALL TO--",auto_ocr_sentiment,val
"Invincible, Vol. 1.pdf_p0611_panel_5.jpg",neutral,"WHATEVER--
THANKS.

 
   

 
 
  
    
 
 
 
  
     

LISTEN,
ROBOT'S
GETTING SOME
OF US TOGETHER
LATER TO GO
VISIT SAMSON IN
THE HOSPITAL--
NOT THAT HE’D
KNOW WE’RE
THERE. YOU
WANT TO

cl",auto_ocr_sentiment,val
"Invincible, Vol. 1.pdf_p0060_panel_0.jpg",neutral,"YOU KNOW, FROM ALL INDICATIONS
YOU’RE NOT DOING TOO BAD.

ESPECIALLY FOR BEING AS NEW

TO THIS AS YOU ARE.",auto_ocr_sentiment,val
"Invincible, Vol. 1.pdf_p0690_panel_1.jpg",neutral,"Y¥ BE CAREFUL,
mM MARK. KEEP |
NOLAN i

my icont
Y THINK THAT'S
NECESSARY,

CERTAINLY
TRY.

| lr , “4 E :
SZ Ni

==Z CS ey

QS

SS rT aU",auto_ocr_sentiment,val
"Invincible, Vol. 1.pdf_p0951_panel_1.jpg",neutral,"JUST
CRUSH EVERY
DAMN ONE
OF THEM!

/ OQ
TO GET TO ME THROUGH THIS

NEW COSTUME I’VE MADE--
BUT AFTER PUSHING MY
POWERS TO THE LIMITS LIKE

rr.
SHOULDN'T ¥
HAVE —
come. _*

IF YOU HADN’T COME
WE COULD HAVE ALL
DIED IN THAT EXPLOSION!
I’VE GOT YOUR BACK--

YOU’LL BE",auto_ocr_sentiment,val
"Invincible, Vol. 1.pdf_p0747_panel_0.jpg",neutral,"THE GRAYSON
HOUSEHOLP.

Hy
i ad

|",auto_ocr_sentiment,val
"Invincible, Vol. 1.pdf_p0683_panel_5.jpg",neutral,,auto_ocr_sentiment,val
"Invincible, Vol. 1.pdf_p0331_panel_4.jpg",disgust,"YOUR NEw
CONSULTANT.",auto_ocr_sentiment,val
"Invincible, Vol. 1.pdf_p0216_panel_0.jpg",neutral,"VERY FUNNY... YOU KNOW
YOURE THE CLONE. I HAD
YOU GET THE PIERCINGS
$0 PEOPLE COULP TELL

US APART.

KEEP TELLING YOURSELF
THAT. J GOT THESE

PIERCINGS TO
DIFFERENTIATE MYSELF
FROM YOU... MY CLONE.

YOU WERE THE ORIGINAL AND ,
YOU ALTERED YOUR APPEARANCE
AND LET THE CLONE KEEP YOUR |
NORMAL LOOK? DOES THAT MAKE
ANY SENSE TO YOU?",auto_ocr_sentiment,val
"Invincible, Vol. 1.pdf_p0639_panel_1.jpg",neutral,"OKAY--I THINK THAT’S
EVERYTHING. I CAN PO
ALITTLE STUPYING AT RED
LIGHTS ON THE WAY--ANDP
T/LL HAVE TWENTY MINUTES
ONCE I GET THERE TO
LOOK OVER THINGS
ONE LAST TIME BEFORE
THE EXAM

} YOURE
GOING TO PASS,
DEBBIE. DON’T
WORRY--YOU’RE
GOING TO
PASS.",auto_ocr_sentiment,val
"Invincible, Vol. 1.pdf_p0987_panel_3.jpg",neutral,,auto_ocr_sentiment,val
"Invincible, Vol. 1.pdf_p1038_panel_2.jpg",neutral,"4
na

 

en
SZ]

+",auto_ocr_sentiment,val
"Invincible, Vol. 1.pdf_p0475_panel_5.jpg",neutral,"SAYS, Hi. HEkK AND
SUPERPATRIOT
ARE TRYING

OH, AND
SHE SAYS
HE HAS NO
IPEA WHO
YOU ARE.",auto_ocr_sentiment,val
"Invincible, Vol. 1.pdf_p0016_panel_0.jpg",anger,"SORRY ABOUT THAT... J
I GUESS THE OUTFIT |
COULD BE A BIT
MISLEADING.

I’M
SURE MY
INTENTIONS
ARE CLEAR,

NOW.",auto_ocr_sentiment,val
"Invincible, Vol. 1.pdf_p0746_panel_1.jpg",neutral,,auto_ocr_sentiment,val
"Invincible, Vol. 1.pdf_p0744_panel_1.jpg",anger,"DON’T LAY THAT ON ME,
JERK! THEY WERE AFTER
MINE BEFORE I SAID

4 ANYTHING! BESIDES, THEY’RE

A BEING CONTROLLED BY ONE

GUY! IF HE TOLD ONE OF
THEM TO DO IT, HE TOLD
ALL OF THEM!

      
     
     
   

  

iy

PN

 
  

THERE GOES
MY EARPIECE!",auto_ocr_sentiment,val
"Invincible, Vol. 1.pdf_p0200_panel_1.jpg",neutral,"MUKVEKEP. AT THE TIME OF
THEIR DEATH YOU WERE BEING
CONSIDERED AS AN APPITION TO
THE TEAM. THE OLD TEAM WORKED
CLOSELY WITH US, BUT IT WAS A
PRIVATE ORGANIZATION FUNDED

JOINTLY BY DARKWING’S ALTER
EGO ANP WAR WOMAN. SAPLY
THERE IS NO ONE THERE TO
bre PICK UP THE TORCH. $0

» THE GOVERNMENT HAS
BEEN INVITEP To
TAKE OVER.",auto_ocr_sentiment,val
"Invincible, Vol. 1.pdf_p0175_panel_0.jpg",anger,"MOM! (1's
NOT WHAT YOU
THINK! EVE AND

I ARE JUST

FRIENDS.

 

MARK, YOU’RE TOO
YOUNG TO HAVE GIRLS
SNEAKING INTO YOUR
ROOM WITH You! I
THOUGHT WE HAD
BROUGHT YOU UP

I WANT
BOTH OF YOU
TO SIT ON THE

a
‘
i",auto_ocr_sentiment,val
"Invincible, Vol. 1.pdf_p1050_panel_2.jpg",neutral,,auto_ocr_sentiment,val
"Invincible, Vol. 1.pdf_p1064_panel_2.jpg",neutral,,auto_ocr_sentiment,val
"Invincible, Vol. 1.pdf_p0476_panel_3.jpg",neutral,,auto_ocr_sentiment,val
"Invincible, Vol. 1.pdf_p0206_panel_4.jpg",surprise,"SOMEWHERE
TO BE. YOU
HAVE FUN,",auto_ocr_sentiment,val
"Invincible, Vol. 1.pdf_p0414_panel_1.jpg",neutral,"AMBER
JUSTINE

BENNETT. |",auto_ocr_sentiment,val
"Invincible, Vol. 1.pdf_p0721_panel_6.jpg",neutral,,auto_ocr_sentiment,val
"Invincible, Vol. 1.pdf_p0835_panel_1.jpg",neutral,,auto_ocr_sentiment,val
"Invincible, Vol. 1.pdf_p1067_panel_5.jpg",surprise,"NO, I... NO,
I REALLY L |
DON’T.
WHEN

NOLAN DIED IN
THE CAR CRASH,
I THOUGHT MY
LIFE WAS OVER,
TOO. IT HIT
Me REALLY",auto_ocr_sentiment,val
"Invincible, Vol. 1.pdf_p0083_panel_3.jpg",neutral,"SWITCH SEATS WITH MR. DUNLAP
DOESN’T MEAN I’M GOING TO
CONPONE YOU ANP YOUR NEW
BOYFRIEND INTERRUPTING
MY LECTURES.

MR. GRAYSON,
JUST BECAUSE YOU
PON’T ALLOT ENOUGH
TIME FOR TALKING WHEN
YOU TWO ARE ALONE
DOESN’T MEAN YOU CAN
MAKE UP FOR THAT IN
MY CLASS.

AUPE

AP

QUITE
FRANKLY, I
EXPECT MORE
OUT OF YOU
TWO...

. LOVEBIRDS.",auto_ocr_sentiment,val
"Invincible, Vol. 1.pdf_p0354_panel_1.jpg",neutral,,auto_ocr_sentiment,val
"Invincible, Vol. 1.pdf_p0678_panel_0.jpg",neutral,,auto_ocr_sentiment,val
"Invincible, Vol. 1.pdf_p0019_panel_1.jpg",neutral,"GO
AHEAP AND
TAKE THEM HOME
TO FINIGH, JUST
MAKE SURE YOU
DON’T THANK ME
FOR MY SYMPATHY
BY NOT DOING
THE WORK
TONIGHT,",auto_ocr_sentiment,val
"Invincible, Vol. 1.pdf_p0613_panel_6.jpg",neutral,"NOPE,
CHRIS SAID
HE HASN’T
SHOWN UP
TO ANY OF

HIS CLASSES

EITHER.",auto_ocr_sentiment,val
"Invincible, Vol. 1.pdf_p0623_panel_2.jpg",surprise,"MOM?
WHERE ARE
YOU?",auto_ocr_sentiment,val
"Invincible, Vol. 1.pdf_p0230_panel_4.jpg",neutral,"CHANCE TO
LEAVE THIS
PLACE. 7",auto_ocr_sentiment,val
"Invincible, Vol. 1.pdf_p0810_panel_5.jpg",neutral,"BUT ITS NOT
LIKE YOU’VE
GOT ANYONE
ELSE To",auto_ocr_sentiment,val
"Invincible, Vol. 1.pdf_p0711_panel_0.jpg",neutral,,auto_ocr_sentiment,val
"Invincible, Vol. 1.pdf_p0217_panel_0.jpg",neutral,,auto_ocr_sentiment,val
"Invincible, Vol. 1.pdf_p0963_panel_5.jpg",anger,"WH THe CHEK S--
I HAP TO WORK QUICK--
TO MAKE SURE WE WON.

YOU KILLED IGUANA--YOU

KILLED SALAMANPER--

IT’S JUST US NOW. WE",auto_ocr_sentiment,val
"Invincible, Vol. 1.pdf_p0664_panel_1.jpg",neutral,"WHAT'S HIS NAMES
YOU HAVEN'T CALLED
HIM BY NAME YET,

YOU KEEP SAYING
“SON"" OR ""YOUR
BROTHER.""",auto_ocr_sentiment,val
"Invincible, Vol. 1.pdf_p0100_panel_1.jpg",neutral,,auto_ocr_sentiment,val
"Invincible, Vol. 1.pdf_p0748_panel_6.jpg",neutral,,auto_ocr_sentiment,val
"Invincible, Vol. 1.pdf_p0304_panel_6.jpg",neutral,,auto_ocr_sentiment,val
"Invincible, Vol. 1.pdf_p0224_panel_5.jpg",neutral,"YOU SAVEP OUR
LIVES, INVINCIBLE.
lE IT WEREN’T FOR

YOU, HE’D HAVE
DESTROYED MOUNT
RUSHMORE AND

US ALONG

WITH IT. Oi CX
<<
r \*,
THANKS. C",auto_ocr_sentiment,val
"Invincible, Vol. 1.pdf_p0249_panel_0.jpg",neutral,"WORP TRAVELED AROUND VILTRUM
ABOUT HOW MUCH OF A SUCCESS
THE WORLD CONQUERING
COMMITTEE WAS. SOON, IT

WAS THE MOST POPULAR
PROFESSION ON VILTRUM.",auto_ocr_sentiment,val
"Invincible, Vol. 1.pdf_p0031_panel_5.jpg",neutral,,auto_ocr_sentiment,val
"Invincible, Vol. 1.pdf_p0334_panel_2.jpg",neutral,"IT’S OKAY,

MOM. I’M
HERE NOW,
CALM DOWN.",auto_ocr_sentiment,val
"Invincible, Vol. 1.pdf_p0298_panel_2.jpg",neutral,,auto_ocr_sentiment,val
"Invincible, Vol. 1.pdf_p0894_panel_1.jpg",neutral,"ATe YOU WELL, IT’S FUNNY YOU BUT YOU, MARK, YOU’RE ONE
SHOULD SAY THAT, YOU OF MY BOYS. IT’S ALMOST

SEE... THAT'S WHY I LIKE WHEN YOU GRADUATED
ASKEP YOU HERE. YOU \ HIGH SCHOOL, I GRADUATED
SEE, I DON’T USUALLY TOO. SO I’VE ALWAYS HAD
GET THIS “HANDS-ON” A SOFT SPOT FOR
WITH THE STUDENTS. IT’S
JUST NOT POSSIBLE

   
     
 
 
 

     
   
 
   
 
 
  
 
   

  
  

WHICH IS
\Y WHY T’VE TAKEN
y A PERSONAL INTEREST
IN YOU--AND SON, I’VE",auto_ocr_sentiment,val
"Invincible, Vol. 1.pdf_p0398_panel_6.jpg",neutral,,auto_ocr_sentiment,val
"Invincible, Vol. 1.pdf_p0837_panel_8.jpg",anger,"L MEAN,
LOOK AT

THESE LOST

TITLES. INSIPE THE

 
   

CHASM TO
OBLIVION.

  
 
      

HATE '
TRIBES ON
THE PLANET
WREKK.",auto_ocr_sentiment,val
"Invincible, Vol. 1.pdf_p0788_panel_0.jpg",neutral,,auto_ocr_sentiment,val
"Invincible, Vol. 1.pdf_p0998_panel_5.jpg",neutral,,auto_ocr_sentiment,val
"Invincible, Vol. 1.pdf_p0808_panel_0.jpg",neutral,,auto_ocr_sentiment,val
"Invincible, Vol. 1.pdf_p1030_panel_4.jpg",surprise,"I DON’T
KNOW. IT’S...
Ni

THIS
HAS BEEN ¥
ALONG TIME
COMING, &@
FOR NE.",auto_ocr_sentiment,val
"Invincible, Vol. 1.pdf_p0733_panel_0.jpg",neutral,,auto_ocr_sentiment,val
"Invincible, Vol. 1.pdf_p1039_panel_1.jpg",neutral,,auto_ocr_sentiment,val
"Invincible, Vol. 1.pdf_p0040_panel_5.jpg",neutral,,auto_ocr_sentiment,val
"Invincible, Vol. 1.pdf_p0022_panel_1.jpg",fear,"HE WAS PICKING ON STEVE WHITE,
THE KID WHO HAS THE LOCKER
NEXT TO Me. I ASKED HIM TO
LEAVE STEVE ALONE, SO HE
PUSHED Me. THEN IT PUSHED
HIM BACK. I PIDN’T MEAN
TO HURT HIM.

   
 
    
   
   
   
   
 
 
    
 

  

THAT BOY HAS A

Y HISTORY OF CAUSING

TROUBLE. YOU DON’T. ;

YOU'RE A GOOD KID, MARK.
I DON’T WANT TO SEE YOU
START DOWN THAT PATH.",auto_ocr_sentiment,val
"Invincible, Vol. 1.pdf_p0047_panel_0.jpg",neutral,"I DON’T
KNOW WHAT
YOU HOVE TO

ACCOMPLISH
HERE, YOU’RE
OBVIOUSLY IN
OVER YOUR
HEAP!",auto_ocr_sentiment,val
"Invincible, Vol. 1.pdf_p0259_panel_4.jpg",neutral,"$0 I MADE THE FIRST STEP TOWARDS

WEAKENING EARTH’S DEFENSES.",auto_ocr_sentiment,val
"Invincible, Vol. 1.pdf_p1074_panel_1.jpg",joy,"LM GLAD WE FINALLY
GOT A CHANCE TO TEST

~\ HAVE BEEN PRETTY ANTSY Ry) :
ABOUT GETTING YOU
INHERETOGIVE A
TA TRY. ci
How \ @aaiKy
FEEL?",auto_ocr_sentiment,val
"Invincible, Vol. 1.pdf_p0800_panel_1.jpg",neutral,,auto_ocr_sentiment,val
"Invincible, Vol. 1.pdf_p0942_panel_3.jpg",neutral,,auto_ocr_sentiment,val
"Invincible, Vol. 1.pdf_p0772_panel_1.jpg",neutral,"YOU’RE NOT
THE ONE WHO
NEEDS TO
APOLOGIZE.",auto_ocr_sentiment,val
"Invincible, Vol. 1.pdf_p0248_panel_1.jpg",neutral,"Y

h

4

- tt?

a a
e Ad bd hil A on o
. . [ Pa ee) madd “y
4 , ed os we. x as
a ee oy ~’ A fh . AQ = (ee,
A nn ae - - ~ a 7 \\
; 2 t4 os oy é
° A “ ?
~ e ba y / (f » §\ iz
teers LU) &~)
mm) (4 > A “fs ‘ Ey (CO)
ws? . ver On 5 —
aL OS oo Q

gy
/y fT)

a

{
%
4

We BEGAN TO ENLIST THE AID

nae , L / }
oo Oe fee a S 4
; we i q . ; 7 LENO 3
a i are bie rr } sof 1 ff
> Dal gs x de
OF RACES WE HAP CONQUERED By bee <r
TO CONTINUE TO EXPAND OU \ ae: ""aN
m aa aan

  
 

OF
» sat

Ay

ae SO. her 8
EMPIRE a san * i a al

/",auto_ocr_sentiment,val
"Invincible, Vol. 1.pdf_p0752_panel_2.jpg",neutral,,auto_ocr_sentiment,val
"Invincible, Vol. 1.pdf_p0056_panel_2.jpg",neutral,,auto_ocr_sentiment,val
"Invincible, Vol. 1.pdf_p1012_panel_4.jpg",neutral,"+ GANT AKGUE

WITH YOU. THINGS
LIKE SCHOOL MUST
SEEM UNIMPORTANT
WHEN YOU’2E OUT
IN SPACE TRYING
TO SAVE THE
WHOLE
PLANET.",auto_ocr_sentiment,val
"Invincible, Vol. 1.pdf_p0532_panel_5.jpg",neutral,"DESIGN, STREAN-
LINE (IT, IMPROVE
T--PERFECT

ms
oO",auto_ocr_sentiment,val
"Invincible, Vol. 1.pdf_p0503_panel_1.jpg",neutral,"I7’S HIM,
MARK. HE’S
THE ONE WHO
KILLED THEM. THE
KID’S LOST IT.
TAKE HIM
DOWN.

| MAN--
THAT'S |
EMBARRASSING.
GOTCHA, 4
WILL PO.

TALKING Y
TO YOURSELF? ¥
HMPH.

_ FIGURES.",auto_ocr_sentiment,val
"Invincible, Vol. 1.pdf_p0527_panel_4.jpg",neutral,"WHATSOEVER,
SIR. THEY’VE
LEFT AND COME
BACK BUT NO
ACTUAL ACTIVITY
AS NEAR AST

CAN TELL... «

SiR.",auto_ocr_sentiment,val
"Invincible, Vol. 1.pdf_p0567_panel_1.jpg",neutral,"FIRST THAEDUS TALKS TO ALLEN

OF HIS INUURIES. HIS EYE WAS
REATTACHED--HIS ENTRAILS WERE
RECOVERED AND REPLACED. HIS
ARM HAS BEEN REATTACHED. HIS
BONES HAVE BEEN RECONNECTED
ANP ARE HEALING.

a

bie

| eve. |
THEN COMES })
i 55)

IT IS NO LONGER SAFE TO
REPORT TO THE HEAP COUNCIL
OF THE COALITION. FROM THIS
MOMENT FORTH, ALLEN IS TO
REPORT DIRECTLY TO THAEDUS
AND NO OTHER.

ANY NEWS OF HIS INTERGALACTIC
DEALINGS ARE NOT TO BE REPORTED
TO ANYONE BUT THAEDUS HIMSELF.
FALSE REPORTS ARE TO BE COMPILED
AND REPORTED TO THE COUNCIL.

THEN, HE’S GIVEN THE
REASON FOR SUCH
CAUTIOUS ANP SUSPICIOUS
BEHAVIOR.",auto_ocr_sentiment,val
"Invincible, Vol. 1.pdf_p0962_panel_1.jpg",anger,"Vox - | UNGFT.
2 inl ET = / NO--THEY’RE
pr ae SS PUSHING AGAINST

       
    
  
  
   

\) ee THE BARRIER--
VE ARE VOU THROWING ALL THEIR
ory OKAYS WEIGHT AGAINST IT-- THIS ISN’T
ye I DON’TKNOW HOW =—-_§_L WORKING
C7 MUCH LONGER Live JUST PUT
T CAN KEEP US INAWORSE

Ce a.
© ) Cn IT UP. | SITUATION.",auto_ocr_sentiment,val
"Invincible, Vol. 1.pdf_p0939_panel_0.jpg",neutral,,auto_ocr_sentiment,val
"Invincible, Vol. 1.pdf_p0803_panel_3.jpg",anger,"WHAT PoES NN
THAT MAKE ME2 NO
HE DESERVED IT. HE
PID. He ATTACKED mc. EF
I THOUGHT HE was [Fé
STRONGER. I WANTED |}
TOKILL HIM... BUTI A
JUST DIDN’T THINK
I COULD.
HE TOLD

ME HE WAS
STRONGER.",auto_ocr_sentiment,val
"Invincible, Vol. 1.pdf_p0257_panel_2.jpg",neutral,"SOME OF THEM I WOULD
EVEN EVENTUALLY COME
TO CONSIDER FRIENDS.",auto_ocr_sentiment,val
"Invincible, Vol. 1.pdf_p0837_panel_5.jpg",neutral,,auto_ocr_sentiment,val
"Invincible, Vol. 1.pdf_p0894_panel_4.jpg",fear,"KAGE KIGHT NOW...
\THAT JUST WON’T
CUT IT.

 
 
 
  
   

HAT’S THE
ROBLEM
20E 2 WHAT'S
EPING YOU",auto_ocr_sentiment,val
"Invincible, Vol. 1.pdf_p1057_panel_6.jpg",neutral,"GRADE SCHOOL IN THE LAST
W MONTHS. TE

 

THUS FAK, 1 BeLleve I'VE
COVERED ABOUT SIX YEARS OF",auto_ocr_sentiment,val
"Invincible, Vol. 1.pdf_p0522_panel_9.jpg",neutral,"LEAKNEP FKOM
MOVIES SO I
DOUBT I’M AN
EXPERT.",auto_ocr_sentiment,val
"Invincible, Vol. 1.pdf_p1037_panel_0.jpg",neutral,"IS THIS
ABOUT ME
QUITTING
SCHOOL 4",auto_ocr_sentiment,val
"Invincible, Vol. 1.pdf_p0740_panel_1.jpg",neutral,,auto_ocr_sentiment,val
"Invincible, Vol. 1.pdf_p1003_panel_4.jpg",neutral,"A UTtTLe MORE. r
THROW THIS B.",auto_ocr_sentiment,val
"Invincible, Vol. 1.pdf_p0542_panel_5.jpg",fear,"I HAD NO CLUE WHAT I WAS

IN FOR. I COULDN'T FIGURE
OUT WHY THE IMMORTAL

WOULD BE FIGHTING MY DAD. f

WHEN I ARRIVED, AND
SAW MY FATHER PUNCHING
A HOLE THROUGH THE
IMMORTAL I WAS ONLY
MORE CONFUSED.

—— a
I WAS IN SHOCK--IT
WAS LIKE I LEFT MY
BODY. I COULDN’T

BeLi€ve WHAT I WAS
SEEING WAS REAL.",auto_ocr_sentiment,val
"Invincible, Vol. 1.pdf_p0774_panel_8.jpg",neutral,,auto_ocr_sentiment,val
"Invincible, Vol. 1.pdf_p0316_panel_0.jpg",neutral,"IT’S THE
WRISTBANDS!!
GET RID OF THE

WRISTBANDS!",auto_ocr_sentiment,val
"Invincible, Vol. 1.pdf_p0473_panel_4.jpg",neutral,"i Jf
ed

Ree.
TOR

sala
2

~

as, 7

[}",auto_ocr_sentiment,val
"Invincible, Vol. 1.pdf_p0237_panel_1.jpg",surprise,"YEAH, HE WAS JUST
IN TOWN AND ASKED IF
HE COULD SIGN HERE. IF
We HAP KNOWN MORE
AHEAD OF TIME We
WOULD HAVE
ADVERTISED.",auto_ocr_sentiment,val
"Invincible, Vol. 1.pdf_p0684_panel_4.jpg",neutral,"OH, KEALLY £ THEN
HOW DO YOU EXPLAIN
THIS2 AND HOW PO
YOU EXPLAIN YOUR
SHINY NEW FACE
OVER THERE?",auto_ocr_sentiment,val
"Invincible, Vol. 1.pdf_p0148_panel_0.jpg",neutral,,auto_ocr_sentiment,val
"Invincible, Vol. 1.pdf_p0456_panel_4.jpg",neutral,,auto_ocr_sentiment,val
"Invincible, Vol. 1.pdf_p0449_panel_1.jpg",anger,"Ie You say ~~“
50, ALTHOUGH,
BY MY AGGOUNT I
KICKED YOUR BUTT
TWICE ALREADY",auto_ocr_sentiment,val
"Invincible, Vol. 1.pdf_p0727_panel_6.jpg",neutral,,auto_ocr_sentiment,val
"Invincible, Vol. 1.pdf_p0120_panel_4.jpg",neutral,,auto_ocr_sentiment,val
"Invincible, Vol. 1.pdf_p0300_panel_2.jpg",neutral,,auto_ocr_sentiment,val
"Invincible, Vol. 1.pdf_p0012_panel_1.jpg",neutral,,auto_ocr_sentiment,val
"Invincible, Vol. 1.pdf_p0352_panel_1.jpg",neutral,,auto_ocr_sentiment,val
"Invincible, Vol. 1.pdf_p0080_panel_1.jpg",neutral,"I DON'T KNOW... IT'S
UNSETTLING. I MEAN,",auto_ocr_sentiment,val
"Invincible, Vol. 1.pdf_p0538_panel_5.jpg",anger,"NKING ABOUT
T.",auto_ocr_sentiment,val
"Invincible, Vol. 1.pdf_p0575_panel_9.jpg",neutral,,auto_ocr_sentiment,val
"Invincible, Vol. 1.pdf_p0398_panel_0.jpg",neutral,"4)
HZ
=
Ors
=eS
Swe
>
WwW",auto_ocr_sentiment,val
"Invincible, Vol. 1.pdf_p0642_panel_2.jpg",neutral,"Ir ALL GCES ACCOKVING
TO PLAN I’LL BE ABLE TO
MOVE FREELY AMONG THEM,
WITHOUT CAUSING ANY
PAUSE. THEY'LL ACCEPT
Me AS ONE OF

“2

Foon iy
a3
~ «
E |
J 4
ee Y
=,
e = sy
\)
’ tt
soe) it
‘ \
>» ¥ p/ .",auto_ocr_sentiment,val
"Invincible, Vol. 1.pdf_p0814_panel_2.jpg",neutral,,auto_ocr_sentiment,val
"Invincible, Vol. 1.pdf_p1032_panel_2.jpg",neutral,,auto_ocr_sentiment,val
"Invincible, Vol. 1.pdf_p0997_panel_8.jpg",joy,"NERVOUS,

 
  
       
    

VE DONE A
- GOOD FOR THIS
(EY LOVE

 
 
  

EASY.

 

FOR IT.",auto_ocr_sentiment,val
"Invincible, Vol. 1.pdf_p0789_panel_4.jpg",anger,"— YOU $0
MUCH AS ACT
LIKE YOU'RE
GOING TO HURT
THEM AND",auto_ocr_sentiment,val
"Invincible, Vol. 1.pdf_p1102_panel_4.jpg",neutral,a owl,auto_ocr_sentiment,val
"Invincible, Vol. 1.pdf_p0916_panel_0.jpg",neutral,"enti

THE SECRET, HIPPEN BASE }
OF THE LIZARP LEAGUE |
LOCATEP DEEP WITHIN THE.
FLORIDA EVERGLADES.",auto_ocr_sentiment,val
"Invincible, Vol. 1.pdf_p1056_panel_6.jpg",neutral,"LET’S GO

r BACK TOMY “
DORM ROON--
I CAN FLY YOU

. HOME FROM

-’ THISWIL %
BE FASTER--
ILL WHIP BACK J
HERE ANP PICK |
UP THE CAR f
& TONIGHT. 4",auto_ocr_sentiment,val
"Invincible, Vol. 1.pdf_p0004_panel_0.jpg",neutral,"9S
/

4 S\
(
<a Uy, y )
eS JS YE”
W =",auto_ocr_sentiment,val
"Invincible, Vol. 1.pdf_p1073_panel_1.jpg",neutral,,auto_ocr_sentiment,val
"Invincible, Vol. 1.pdf_p0729_panel_6.jpg",neutral,"<MOTHEK KNOW

IN HELP WITH THAT.
OTHER VILTRUMITE
BYHERTOBEA a,
TANDING CITIZEN AD
JIS INALL OUR Gl’
“INTERESTS.",auto_ocr_sentiment,val
"Invincible, Vol. 1.pdf_p0607_panel_4.jpg",disgust,"THAT MOVIE WAS CRA
PLOTLINES IN THAT BO
TIRED. I MEAN, THAT “
WON’T THEY"" ROMANG
WITH THE DUDE IN THE
CHAI2 AND THE SEXY |
ASSISTANT HAS BEEN |
ON FOR LIKE--TEN
YEARS.",auto_ocr_sentiment,val
"Invincible, Vol. 1.pdf_p0649_panel_0.jpg",neutral,"YOU’VE
GOTTEN
STRONGER.
THAT’S
GOOP.

r LTwas
COUNTING

ON THAT.",auto_ocr_sentiment,val
"Invincible, Vol. 1.pdf_p1104_panel_6.jpg",neutral,,auto_ocr_sentiment,val
"Invincible, Vol. 1.pdf_p0480_panel_4.jpg",neutral,"TO BIOLOGY 101. I’M PROFESSOR
VARNER, OR DOCTOR VARNER IF
YOU PREFER. PLEASE,

WHATEVER aie ae - BO AN ARROGANCE

NO a THING. (IT’S JUST
MISTER: ABOUT COMMON
COURTESY, AND I¢
IT CAN TEACH YOU A
LITTLE ABOUT COURTESY
DURING YOUR TIME HERE,
THE WORLP WOULD? Be
A MUCH BETTER
PLACE

YOU SHOULD
ALL HAVE HAD A
SYLLABUS ON YOUR
DESK WHEN YOU CAME
IN. IF ANYONE IS
A MISSING ONE, PLEASE
> RAISE YOUR
HAND.",auto_ocr_sentiment,val
"Invincible, Vol. 1.pdf_p0207_panel_1.jpg",neutral,"CxS
PK es

=
c——s —__
SS
Sa
a
“=
K
w WY
wey so . YY
Hy o°o >
+

ba
fap x -

Bl — pe
he ET SN

: es THAT

A
—_ ‘SN aN .

{ . ~ a,
\ aif = @ 5 ae a]
co

7 _——
a

vd",auto_ocr_sentiment,val
"Invincible, Vol. 1.pdf_p0538_panel_7.jpg",neutral,,auto_ocr_sentiment,val
"Invincible, Vol. 1.pdf_p0923_panel_1.jpg",surprise,"Ld Ld I | | . eee
THINKING ABOUT
YOU. THOUGHT
I’P SWING
BY...

TAKES MEA
FEW MINUTES
TO GET HERE--,

» Y'KNOW. di",auto_ocr_sentiment,val
"Invincible, Vol. 1.pdf_p0234_panel_1.jpg",neutral,"WORRY, KIDS.
YOU'RE SAFE
Now.",auto_ocr_sentiment,val
"Invincible, Vol. 1.pdf_p0881_panel_5.jpg",neutral,,auto_ocr_sentiment,val
"Invincible, Vol. 1.pdf_p1009_panel_3.jpg",neutral,,auto_ocr_sentiment,val
"Invincible, Vol. 1.pdf_p0350_panel_5.jpg",fear,"UH HUH, Well
DON’T WORRY. I’LL
GET YOU OUT OF
THERE SOMEHOW.
JUST SIT

   
     
      
 
  
 
 
 
 
 
 
   
   
  
   
     
  

   

OKAY, BUT I

CAN’T BE HELD

ACCOUNTABLE FOR
MY ACTIONS IF I
HAVE TO MARRY

THIS WOMAN. WAIT,

WHY’P YOU CALL?

WHAT’S GOING

ON?

OH, We’VE
GOT A SMALL
INGIDENT... BUT IT’S
NOTHING MAJOR
AND I THINK I KNOW
SOMEONE THAT WOULD

ENJOY HANPLING TLL
IT. BE IN
a TOUGH. I»

Bx",auto_ocr_sentiment,val
"Invincible, Vol. 1.pdf_p0579_panel_1.jpg",anger,"WHEN YOU %&\
GUYS WAKE
UP--YOU’RE

GOING TO

BE SO
IMPRESSED.",auto_ocr_sentiment,val
"Invincible, Vol. 1.pdf_p0748_panel_5.jpg",neutral,,auto_ocr_sentiment,val
"Invincible, Vol. 1.pdf_p1032_panel_4.jpg",neutral,,auto_ocr_sentiment,val
"Invincible, Vol. 1.pdf_p0660_panel_3.jpg",surprise,"BUT
HeE’S BEEN
INA COMA

FOR
MONTHS!",auto_ocr_sentiment,val
"Invincible, Vol. 1.pdf_p0232_panel_6.jpg",neutral,,auto_ocr_sentiment,val
"Invincible, Vol. 1.pdf_p0986_panel_3.jpg",neutral,,auto_ocr_sentiment,val
"Invincible, Vol. 1.pdf_p0750_panel_9.jpg",neutral,SOX,auto_ocr_sentiment,val
"Invincible, Vol. 1.pdf_p0981_panel_2.jpg",neutral,"THAT WAS SOME
IMPRESSIVE WORK

BACK THERE, KID.
NOT JUST WITH THE

YOU'VE MARTIAN SHIPS,

COME A EITHER.
LONG

I DON’T KNOW
IF WE COULD HAVE
PONE ANY OF THIS
WITHOUT YOU.",auto_ocr_sentiment,val
"Invincible, Vol. 1.pdf_p1090_panel_0.jpg",neutral,,auto_ocr_sentiment,val
"Invincible, Vol. 1.pdf_p0536_panel_8.jpg",fear,"OKAY--LET ME
REPHRASE.

     
 
    

I’M TRYING
TO FIGURE
OUT WHAT THE
BEGINNING
Is.",auto_ocr_sentiment,val
"Invincible, Vol. 1.pdf_p0721_panel_8.jpg",neutral,,auto_ocr_sentiment,val
"Invincible, Vol. 1.pdf_p0518_panel_1.jpg",neutral,,auto_ocr_sentiment,val
"Invincible, Vol. 1.pdf_p1083_panel_4.jpg",neutral,,auto_ocr_sentiment,val
"Invincible, Vol. 1.pdf_p0139_panel_1.jpg",neutral,,auto_ocr_sentiment,val
"Invincible, Vol. 1.pdf_p0207_panel_0.jpg",neutral,,auto_ocr_sentiment,val
"Invincible, Vol. 1.pdf_p1099_panel_1.jpg",neutral,"I HAD THE PANTS ON
BUT THEY DIDN’T FIT.
THEY KEPT FALLING
DOWN AND THERE

 
      
   

JUST MESSING
AROUND.

IT’S
A COOL
COSTUME...
I JUST--",auto_ocr_sentiment,val
"Invincible, Vol. 1.pdf_p1039_panel_5.jpg",neutral,,auto_ocr_sentiment,val
"Invincible, Vol. 1.pdf_p0065_panel_4.jpg",neutral,,auto_ocr_sentiment,val
"Invincible, Vol. 1.pdf_p0772_panel_2.jpg",neutral,,auto_ocr_sentiment,val
"Invincible, Vol. 1.pdf_p0625_panel_0.jpg",neutral,"OR IF YOU PO--
MAKE SURE YOU
USE Your SUPE
_ SPEEP.",auto_ocr_sentiment,val
"Invincible, Vol. 1.pdf_p0579_panel_2.jpg",neutral,"|

Ar4 i
RS
RN i
- \\
a
i
1

(1/1

NA ce So",auto_ocr_sentiment,val
"Invincible, Vol. 1.pdf_p1050_panel_1.jpg",neutral,,auto_ocr_sentiment,val
"Invincible, Vol. 1.pdf_p0163_panel_0.jpg",sadness,"HIGH ABOVE DENVER.

L
THOUGHT
I WAS RIP
OF ALL YOU
RIPICULOUS
. VILLAINS!",auto_ocr_sentiment,val
"Invincible, Vol. 1.pdf_p0115_panel_2.jpg",surprise,"URATH#!
WHERE THE
HELL IS URATH?!

THIS IS",auto_ocr_sentiment,val
"Invincible, Vol. 1.pdf_p0348_panel_4.jpg",neutral,"NO--IT'S ABOUT MY HUSBAND, NO, (7

I--HE... I JUST WANTED TO... 4 LOST

I DON’T HAVE ANYONE
ELSE TO TALK TO

 

NO...
NEVER MIND...
THIS 1S
STUPID.",auto_ocr_sentiment,val
"Invincible, Vol. 1.pdf_p0253_panel_1.jpg",neutral,"a eS. nm = -- - | CD

SP ae WE re

a4 Re of

Bt ~~
Fhe |e

 

wW
=
}
<=
.
3
q
A
W
F
iy
Ww
}
Ww
Ww

Aw
=
<
E
S
e
Tz
on |
1

z
Ows
ow”

WS
cys",auto_ocr_sentiment,val
"Invincible, Vol. 1.pdf_p0402_panel_3.jpg",neutral,"SCE,
BACK HOME \
SAFE AND I HOPE I
SOUND. BROUGHT A
—f LARGE ENOUGH
VEHICLE. WE’VE
GOT QUITE
. A PRIVE AHEAD
. OF US.",auto_ocr_sentiment,val
"Invincible, Vol. 1.pdf_p0574_panel_6.jpg",neutral,"HE FIGURED IT
OUT, TOO. THIS
STUFF IS HARP.
IT’S NOT LIKE THE
Movies.

GLASSES",auto_ocr_sentiment,val
"Invincible, Vol. 1.pdf_p0971_panel_0.jpg",surprise,"r !
Od
> Ww
Iw
HZ

FEW MORE
MINUTES--T
CAN DO THIS--
I JUST NEED",auto_ocr_sentiment,val
"Invincible, Vol. 1.pdf_p1032_panel_5.jpg",neutral,,auto_ocr_sentiment,val
"Invincible, Vol. 1.pdf_p0052_panel_0.jpg",neutral,"We ARE CURRENTLY WORKING
WITH THE AUTHORITIES TO Give
THEM ALL THE INFORMATION We

CAN IN ORDER TO HELP THEM

LOCATE THE MISSING STUDENTS.",auto_ocr_sentiment,val
"Invincible, Vol. 1.pdf_p0665_panel_2.jpg",neutral,"MOST POWERFUL
SOLDIERS DOING MORE
IMPORTANT THINGS
LIKE CONQUERING
NEW WORLDS...",auto_ocr_sentiment,val
"Invincible, Vol. 1.pdf_p0345_panel_8.jpg",neutral,"SY IN] YOU WOULON’T
NO || BELIEVE WHAT A
} airy PAIN IN THE ASS
IT 1S TO BE

MARRIED TOA
SUPERHERO.",auto_ocr_sentiment,val
"Invincible, Vol. 1.pdf_p0314_panel_1.jpg",neutral,,auto_ocr_sentiment,val
"Invincible, Vol. 1.pdf_p1053_panel_3.jpg",anger,"YOU HAVE BEEN APPOINTED
THE VILTRUMITE AGENT OF
THIS PLANET, CHARGED WITH
PREPARING (T FOR EVENTUAL

TAKEOVER. THAT IS NOT
UP FOR DEBATE.

   
  
 
  
 
 
   
 

  
 
 
 
 
 
 
 
   
 

YOU ARE
FREE TO IGNORE
YOUR DUTIES BUT
THAT WILL BRING
CONSEQUENCES.

, CURRENTLY
OUR RESERVE
FORCES ARE OCCUPIED.",auto_ocr_sentiment,val
"Invincible, Vol. 1.pdf_p0137_panel_1.jpg",neutral,"On, WAS FRKeEliy MUCK VECIVEVY
BEFORE WE EVEN CAME HERE.
IT’S GOT EVERYTHING I’M GOING

TO NEED, AND IT’S NOT TOO
EXVENSIVE... SO MY PARENTS CAN
EASILY AFFORD IT, AND WITH
MY S.A.T. SCORES IT’LL BE
A BREEZE TO GET
ACCEPTED.

   
     
 
  
 

   

UNLESS

SOMETHING

ELSE COMES
UP... THIS IS
THE PLACE.",auto_ocr_sentiment,val
"Invincible, Vol. 1.pdf_p0966_panel_0.jpg",neutral,"I
LOSIN

G
STRENGTH --",auto_ocr_sentiment,val
"Invincible, Vol. 1.pdf_p0723_panel_0.jpg",neutral,"—

Lic Pip

es",auto_ocr_sentiment,val
"Invincible, Vol. 1.pdf_p0758_panel_4.jpg",neutral,"UP HERE,",auto_ocr_sentiment,val
"Invincible, Vol. 1.pdf_p0759_panel_4.jpg",disgust,"NO, SIT.
THERE ISN’T
ANY COFFEE

INSIDE.",auto_ocr_sentiment,val
"Invincible, Vol. 1.pdf_p0959_panel_5.jpg",neutral,,auto_ocr_sentiment,val
"Invincible, Vol. 1.pdf_p0293_panel_2.jpg",neutral,,auto_ocr_sentiment,val
"Invincible, Vol. 1.pdf_p0399_panel_0.jpg",neutral,,auto_ocr_sentiment,val
"Invincible, Vol. 1.pdf_p0529_panel_3.jpg",neutral,a,auto_ocr_sentiment,val
"Invincible, Vol. 1.pdf_p0156_panel_3.jpg",surprise,"HOW MANY

mw TIMES MUST
I TELL MY

MOTHER... 4",auto_ocr_sentiment,val
"Invincible, Vol. 1.pdf_p1087_panel_0.jpg",anger,"WHAT
THE HELL,
PAUL 4!

 

HAVE YOU

ARE MY FRIENDS.
YOuU’RE ACTING LIKE
A MANIAC.",auto_ocr_sentiment,val
"Invincible, Vol. 1.pdf_p1056_panel_5.jpg",neutral,"THAT'S NOT IT,
MOM--NO. SHE
CAME TO TALK...
OR SOMETHING,
LIKE THAT WAS
GOING TO GET ME
TO HELP THEM
TAKE OVER THE
PLANET.",auto_ocr_sentiment,val
"Invincible, Vol. 1.pdf_p0234_panel_3.jpg",neutral,,auto_ocr_sentiment,val
"Invincible, Vol. 1.pdf_p0889_panel_3.jpg",neutral,"YOUR FRIEND

WILLIAM? iy, :

1

HELP US, ~
MAN! THIS
GUY IS HURTING
PEOPLE LIKE HE",auto_ocr_sentiment,val
"Invincible, Vol. 1.pdf_p0895_panel_1.jpg",neutral,"I’VE
JUST GOT
WAY TOO MUCH
CRAP GOING ON
IN MY LIFE
RIGHT NOw.",auto_ocr_sentiment,val
"Invincible, Vol. 1.pdf_p0751_panel_1.jpg",anger,"I KNOW IT HURTS. I’M SORRY.
I CAN’T AFFORP ANY EXPENSIVE
ANESTHETIC. I DISCONNECTED
YOUR VOCAL CORPS SO YOU A
COULDN’T DRAW ANY ATTENTION @
TO OUR LOCATION. OTHERWISE 4
YOU’P BE HURTING YOUR

EARS WITH ALL THAT
SCREAMING.",auto_ocr_sentiment,val
"Invincible, Vol. 1.pdf_p0639_panel_9.jpg",anger,"REAL
ESTATE--
AREN’T WE
PAYING YOU",auto_ocr_sentiment,val
"Invincible, Vol. 1.pdf_p0598_panel_5.jpg",neutral,"<
O
W
w
Ww
>
9
Xv
S
O
e

LANPS.",auto_ocr_sentiment,val
"Invincible, Vol. 1.pdf_p0044_panel_4.jpg",sadness,"i Ve DEEN TKACKING TIM FROM Heke, BF
BUT WE NEED TO BE ON SITE WHEN Ee
HE ARRIVES.

I WAS
AFRAID I WAS
GOING TO HAVE TO
LEAVE WITHOUT
YOU.",auto_ocr_sentiment,val
"Invincible, Vol. 1.pdf_p0985_panel_3.jpg",neutral,,auto_ocr_sentiment,val
"Invincible, Vol. 1.pdf_p0406_panel_7.jpg",neutral,,auto_ocr_sentiment,val
"Invincible, Vol. 1.pdf_p0691_panel_0.jpg",neutral,,auto_ocr_sentiment,val
"Invincible, Vol. 1.pdf_p0827_panel_2.jpg",neutral,,auto_ocr_sentiment,val
"Invincible, Vol. 1.pdf_p0525_panel_4.jpg",neutral,,auto_ocr_sentiment,val
"Invincible, Vol. 1.pdf_p1062_panel_0.jpg",neutral,,auto_ocr_sentiment,val
"Invincible, Vol. 1.pdf_p0017_panel_4.jpg",neutral,"IT’S A COMMON
MISTAKE, DON’T
WORRY ABOUT
IT.",auto_ocr_sentiment,val
"Invincible, Vol. 1.pdf_p0034_panel_3.jpg",neutral,,auto_ocr_sentiment,val
"Invincible, Vol. 1.pdf_p0411_panel_0.jpg",neutral,,auto_ocr_sentiment,val
"Invincible, Vol. 1.pdf_p0891_panel_4.jpg",neutral,,auto_ocr_sentiment,val
"Invincible, Vol. 1.pdf_p0627_panel_4.jpg",neutral,,auto_ocr_sentiment,val
"Invincible, Vol. 1.pdf_p0115_panel_3.jpg",neutral,,auto_ocr_sentiment,val
"Invincible, Vol. 1.pdf_p0930_panel_2.jpg",neutral,,auto_ocr_sentiment,val
"Invincible, Vol. 1.pdf_p0447_panel_2.jpg",neutral,,auto_ocr_sentiment,val
"Invincible, Vol. 1.pdf_p0915_panel_3.jpg",neutral,,auto_ocr_sentiment,val
"Invincible, Vol. 1.pdf_p0527_panel_0.jpg",neutral,"WITT SEV ESS og

a rane *",auto_ocr_sentiment,val
"Invincible, Vol. 1.pdf_p0326_panel_5.jpg",sadness,"I’VE BEEN SO WORRIED
ABOUT YOU. I HEARD ABOUT
YOUR DAD... AND I’M SO
SORRY THAT HAPPENED...

BUT THEN WHEN YOU

WERE OUT OF SCHOOL
FOR SO LONG...

 
  
 
 
     
 
 
    
  
 
 
    

  

I MISSED YOU
ALOT. MY MOM
AND I WERE OUT

OF TOWN FOR QUITE
A WHILE FOR THE

FUNERAL. MY DAD,
UH... WASN’T

FROM AROUND",auto_ocr_sentiment,val
"Invincible, Vol. 1.pdf_p0524_panel_4.jpg",neutral,,auto_ocr_sentiment,val
"Invincible, Vol. 1.pdf_p0018_panel_1.jpg",sadness,"WP sorry ~%
Wy AcouT THAT. ae
P| You Get usep }
| g TOITAFTER f

a y",auto_ocr_sentiment,val
"Invincible, Vol. 1.pdf_p0566_panel_4.jpg",neutral,,auto_ocr_sentiment,val
"Invincible, Vol. 1.pdf_p0663_panel_1.jpg",neutral,"I WOULD APPRECIATE
YOU GETTING RID OF THE
TONE, SON. I’M STILL
YOUR FATHER.

ee ~",auto_ocr_sentiment,val
"Invincible, Vol. 1.pdf_p0689_panel_2.jpg",neutral,,auto_ocr_sentiment,val
"Invincible, Vol. 1.pdf_p1090_panel_4.jpg",neutral,"— V5 2s , s

‘ . “ _ gai
“A , 7
¢ — ; d \
eX [NY

~ 9
&",auto_ocr_sentiment,val
"Invincible, Vol. 1.pdf_p1065_panel_3.jpg",surprise,"1a AA
HERES! WHY
AM TL TRYING TO
DO THIS? SO I
CAN PO WHAT-- ;
GETANORMAL A
JOB LATER? 4",auto_ocr_sentiment,val
"Invincible, Vol. 1.pdf_p0619_panel_0.jpg",neutral,,auto_ocr_sentiment,val
"Invincible, Vol. 1.pdf_p0723_panel_8.jpg",surprise,"WHY DID YOU
BRING IT TO
ME, NARK2",auto_ocr_sentiment,val
"Invincible, Vol. 1.pdf_p0759_panel_2.jpg",neutral,,auto_ocr_sentiment,val
"Invincible, Vol. 1.pdf_p0354_panel_2.jpg",neutral,,auto_ocr_sentiment,val
"Invincible, Vol. 1.pdf_p0125_panel_4.jpg",neutral,"=
ae pre iP
~ CW nai

——_
Fmt egg egg gag gage nar gg tl
sn eee ene ee eee)
rere ee ee eee eee eens

\y \\
7

SY",auto_ocr_sentiment,val
"Invincible, Vol. 1.pdf_p0025_panel_2.jpg",neutral,,auto_ocr_sentiment,val
"Invincible, Vol. 1.pdf_p0134_panel_3.jpg",fear,"OH, LAUGH IT UP, MAN.
IF YOU PREFERRED
MARKUS... YOU'D BE
IN THE SAME BOAT

AS ME.

  
 
 
  
  
 
 
  
 
 
 
 
 
 
 
  
  
 
 

   
   
 
 
 
 
 
 
 
  
 
 
  
 
  
  

IT’S NOT
EVEN THE FACT
THAT PEOPLE
APPARENTLY CAN’T
STANP SAYING MY
FULL NAME THAT
BUGS ME THE

MOST.

THE WORST
PART IS THAT IF

I CORRECT PEOPLE

THEN I’M THE ONE
BEING RUPE... I

MEAN, THERE’S NO
POLITE WAY TO

| TELL SOMEONE

THEY’RE
WRONG.
THEN
HEY THINK
’M SOME
SELF-IMPORTANT
Th JERK BECAUSE

I CARE ABOUT
MY NAME.

 

ISA
LOSE/LOSE
SITUATION
THAT I’M
THROWN INTO
ALL THE

TIME.",auto_ocr_sentiment,val
"Invincible, Vol. 1.pdf_p0866_panel_3.jpg",neutral,,auto_ocr_sentiment,val
"Invincible, Vol. 1.pdf_p0115_panel_0.jpg",anger,"WHY
WOULP WE SIGN
UP FOR THAT4! IT
POESN’T MAKE
SENSE.

MOST
PEOPLE ON MY
PLANET DON’T EVEN

ACKNOWLEDGE THE i
EXISTENCE OF ALIENS, q
LET ALONE SIGN UP ON Ta
INTERPLANETARY vy
COMMITTEES WITH 4",auto_ocr_sentiment,val
"Invincible, Vol. 1.pdf_p0154_panel_0.jpg",fear,"<.. ANP I TOLD HER, :
IFT FIND MY STAPLER | oD
IN HER OFFICE ONE
MORE TIME I'M
GOING TO-->

  
  
  
 

  
   

 
  

CYOU THINK
YOU GOULD GET
AWAY WITH ALITTLE
*“SUPERHEROING”
(YO IN BETWEEN WORDS?

< DAMMIT, JOSEF, YOU
} » SAID YOU WERE

“a. TALING THE DAY",auto_ocr_sentiment,val
"Invincible, Vol. 1.pdf_p0090_panel_2.jpg",sadness,"IT’S NOT THE
DEATH OF MY SON",auto_ocr_sentiment,val
"Invincible, Vol. 1.pdf_p0007_panel_4.jpg",neutral,,auto_ocr_sentiment,val
"Invincible, Vol. 1.pdf_p0428_panel_0.jpg",neutral,,auto_ocr_sentiment,val
"Invincible, Vol. 1.pdf_p0684_panel_5.jpg",fear,"BUT--MY MEMORIES--
I--I REMEMBER
MAKING THIS BODY, T
REMEMBER WORKING
WITH ANGSTROM LEVY.
BUT MY FACE--IT’S
NOT--I AM THE
CLONE.

 
       
   
     

   

7 MN
L DIDN'T

EVEN EXIST
UNTIL A MOMENT

M4GO--UNTIL YOU
. GAVE ME LIFE.",auto_ocr_sentiment,val
"Invincible, Vol. 1.pdf_p0362_panel_3.jpg",neutral,,auto_ocr_sentiment,val
"Invincible, Vol. 1.pdf_p0981_panel_9.jpg",neutral,"OG . :
fn Ld
rT
4
.
La
7 .
,
f rg
<«",auto_ocr_sentiment,val
"Invincible, Vol. 1.pdf_p0402_panel_4.jpg",neutral,"EXPECT US
TO DOZ",auto_ocr_sentiment,val
"Invincible, Vol. 1.pdf_p0869_panel_3.jpg",neutral,,auto_ocr_sentiment,val
"Invincible, Vol. 1.pdf_p0082_panel_0.jpg",fear,", DETER TRIALS
SET FORTH BY THE
LORPS, THE FATHER
ANP UNCLE WERE PUT
TO DEATH AND BURIED
UNDER THE ARENA. THE
FATHER’S HEAP WAS
SEVERE AND PLACEP
INA TREE AS A
WARNING TO

S OTHERS.

i

 

SS

=a
\ IR

ir

     

    

To

i

| tt",auto_ocr_sentiment,val
"Invincible, Vol. 1.pdf_p0274_panel_1.jpg",neutral,,auto_ocr_sentiment,val
"Invincible, Vol. 1.pdf_p0785_panel_2.jpg",anger,"NO, YOUR LITTLE FAMILY
IS VERY SAFE--AS LONG
AS I DON’T DETERMINE
THAT THE ONLY WAY TO
HURT YOU |S TO
HURT THEM.

ULTIMATELY,

L’D LIKE TO KILL
YOU. $0 I’VeE GOT
A PLETHORA OF

YOU--TO
EVENTUALLY
KILL YOU.",auto_ocr_sentiment,val
"Invincible, Vol. 1.pdf_p0722_panel_0.jpg",neutral,,auto_ocr_sentiment,val
"Invincible, Vol. 1.pdf_p1046_panel_2.jpg",surprise,"THE VILTKUMITES ANP
THESE PEOPLE DON’T
eel ha
A
WE WANT OUT OF NONE OF
THIS DEAL.

HOW MANY
OF THESE PEOPLE
WOULD HAVE DIED
TODAY IF I HADN’ aa
BEEN HERE TO HELP 4
WOULDN'T IT BE NICE IF Pes

YOU GOT THIS HELP
ON A REGULAR WOULDN’T

BASIS? YOUR LIFE BE
EASIER? @.",auto_ocr_sentiment,val
"Invincible, Vol. 1.pdf_p0573_panel_0.jpg",disgust,Hl,auto_ocr_sentiment,val
"Invincible, Vol. 1.pdf_p0739_panel_5.jpg",neutral,"HE TOLD ME ALL
ABOUT THE ADOPTION
OPTIONS AVAILABLE
AND SOMETHING
ABOUT HOLOGRAPHIC
SOMETHING OR
OTHERS TO MASK
HIS SKIN
TONE.",auto_ocr_sentiment,val
"Invincible, Vol. 1.pdf_p0226_panel_4.jpg",neutral,,auto_ocr_sentiment,val
"Invincible, Vol. 1.pdf_p0386_panel_2.jpg",neutral,,auto_ocr_sentiment,val
"Invincible, Vol. 1.pdf_p0546_panel_3.jpg",fear,"CALM DOWN, I’D
KNOWN WILLIAM FOR
YEARS BEFORE we

EVEN GOT TOGETHER.
BESIDES--HE KIND OF
FIGURED IT OUT, LIKE
YOU SORT OF
DID.

   
     
 
       
   
   

ANYWAY--
YOU WANT Me
TO TAKE YOU
FLYING?",auto_ocr_sentiment,val
"Invincible, Vol. 1.pdf_p0477_panel_4.jpg",neutral,"4
SecoND! You NEED THIS IS SERIOUS, MARK. \
TO TELL ME WHEN I KNOW YOU’VE PROBABLY
YOU'RE GOING GOT A MONSTER TO FIGHT
TO MOVE IN SO

oF SS NC BH Set
T CAN PE AS IT IS FOR YOU. I’ve
GOT TO GET MY
SLEEP.

7 — |
af ei =
SON Lee V
’ ROR S, PoLT7",auto_ocr_sentiment,val
"Invincible, Vol. 1.pdf_p0938_panel_1.jpg",neutral,,auto_ocr_sentiment,val
"Invincible, Vol. 1.pdf_p0546_panel_2.jpg",neutral,"YOU TOLD
WILLIAM
BEFORE YOU
TOLD ME2/",auto_ocr_sentiment,val
"Invincible, Vol. 1.pdf_p0450_panel_2.jpg",neutral,"SEEMS LIKE
HE’S SINCERE.
I SAY GO FOR

IT. YOU ARE

INVINCIBLE.

WHAT COULD

GO WRONG?",auto_ocr_sentiment,val
"Invincible, Vol. 1.pdf_p0944_panel_0.jpg",neutral,"I’M GOING TO
IGNORE THE
“PHASERS”
COMMENT.

WHAT’S A

“PHASER?” |",auto_ocr_sentiment,val
"Invincible, Vol. 1.pdf_p0071_panel_0.jpg",neutral,,auto_ocr_sentiment,val
"Invincible, Vol. 1.pdf_p0564_panel_2.jpg",neutral,,auto_ocr_sentiment,val
"Invincible, Vol. 1.pdf_p0687_panel_1.jpg",neutral,,auto_ocr_sentiment,val
"Invincible, Vol. 1.pdf_p0422_panel_6.jpg",fear,"YOU'LL De CUISIVE
THE SHUTTLE THE WHOL
TIME. I DON’T EVEN WAN
THE ASTRONAUTS TO
KNOW YOU’RE THERE
UNLESS THERE'S AN
EMERGENCY. _/

 
  
 
  
 
 
 
 
    
 
 
 
 
 
 
  

THE SEC
PART OF THE
IS THAT IT’S A
TEN DAY MISS!
YOU COULD Be

LONG AS TWO
EIGHT DAYS AL
BE THE TRIV
AND BACK. S<
Be GONE F
WHILE",auto_ocr_sentiment,val
"Invincible, Vol. 1.pdf_p0354_panel_3.jpg",anger,"YOU MUST
SAVE THE
QUEEN! SHE’LL
Be KILLED!",auto_ocr_sentiment,val
"Invincible, Vol. 1.pdf_p0413_panel_1.jpg",neutral,"SORRY
EXCUSE TI’MLATE--
Me. , WH

1 |

ry ay
A aa APR

v Wave hot
™ 0 pts
ye Ae Vi epee V1 re ann

# 2
CS ; ’ yo 7 7
. Ned —— —_ ~

wm lead ri
ee, ae

i
are

a
—————
td",auto_ocr_sentiment,val
"Invincible, Vol. 1.pdf_p0938_panel_3.jpg",neutral,,auto_ocr_sentiment,val
"Invincible, Vol. 1.pdf_p0789_panel_1.jpg",anger,"JUST LET THEM

GO. LET THEM GO AND
I’LL LET YOU TRY TO HURT
Me. I’LL SURRENPER,
JUST TAKE US SOMEWHERE",auto_ocr_sentiment,val
"Invincible, Vol. 1.pdf_p0474_panel_0.jpg",neutral,,auto_ocr_sentiment,val
"Invincible, Vol. 1.pdf_p0824_panel_3.jpg",fear,"WE DON’T KNOW
THAT FOR SURE. THE
ALIEN YOUR EX MATED
ITH CAME FROM A RACE
ITH EXTREMELY SHORT
& SPANS. THEY LCARNEP

 
 
   
 
  

PART OF MY JOB IS TO
CREATE AN ACCELERATED
LEARNING PROGRAM FOR
HIM, SOMETHING THAT WILL
_,, JHISLITNE  Wompcnisate Cor HIS",auto_ocr_sentiment,val
"Invincible, Vol. 1.pdf_p0577_panel_4.jpg",neutral,,auto_ocr_sentiment,val
"Invincible, Vol. 1.pdf_p0069_panel_4.jpg",neutral,,auto_ocr_sentiment,val
"Invincible, Vol. 1.pdf_p0294_panel_2.jpg",neutral,,auto_ocr_sentiment,val
"Invincible, Vol. 1.pdf_p0710_panel_6.jpg",anger,"BY ALL ACCOUNTS,
YOU HAVE PROVEN

   
  
       
 

YOURSELE A WORTHY WE ARE
MEMBER OF THE AWARE THAT
VILTRUMITE YOUR RETALIATION
EMPIRE. AGAINST Us was pue
O YOUR FATHER. YOU
YOU ARE TO WILL HAVE ONE

   

BE THE TEMPORARILY
DESIGNATED VILTRUMITE HONPREP Vers
AGENT OF EARTH. YOU

      
     
     
     
     
     
   
 

WILL TAKE YOUR FATHER’S IN ORDER. iF YOU DO
PLACE AND PREPARE NOT COMPLETE
FOR OUR EVENTUAL THIS TASK, YOU
— TAKEOVER OF THAT WILL BE DETAINED
PLANET. AND EXECUTEP
UPON OUR

 
 

a ARRIVAL.",auto_ocr_sentiment,val
"Invincible, Vol. 1.pdf_p0750_panel_8.jpg",neutral,,auto_ocr_sentiment,val
"Invincible, Vol. 1.pdf_p0545_panel_1.jpg",disgust,"IT’S NOT THAT BAD--
THERE ARE ENTIRE
WEEKS THAT GO BY
WITHOUT ME
GETTING CALLED
TO DO ANY-
THING.",auto_ocr_sentiment,val
"Invincible, Vol. 1.pdf_p0090_panel_3.jpg",anger,"VEVIKUGHUN OF MT
LIFE THAT HAS ME i
SEEKING REVENGE. |

   
 
  
 
 
 
 
 
 
   
   
    

   
 

IT’S THE
DOMINO EFFECT
OF PAIN AND SORROW
THAT THESE MONSTERS
CREATE. CHILDREN THAT
SPEND TOO MUCH TIME AT THE
MALL... ATTEND PARTIES...
CONSUME ALCOHOL... AND
PLAY SPORTS, WHEN
THEY SHOULD BE
STUDYING, AND DOING
HOMEWORK. |",auto_ocr_sentiment,val
"Invincible, Vol. 1.pdf_p0507_panel_2.jpg",fear,"THOUGH. Tw’
MAKE SURE YOU'RE
PUT IN AN EXTREMELY
WELL LIT CELL, YOU
PSYCHO.

 

rs ‘iP

   

Th
on

  

ore

fy

   

oe

os
Lat

ET

Le
rn
|

 

or
TP

HI

 

ome",auto_ocr_sentiment,val
"Invincible, Vol. 1.pdf_p0191_panel_6.jpg",neutral,,auto_ocr_sentiment,val
"Invincible, Vol. 1.pdf_p0397_panel_6.jpg",neutral,"MAYBE WE
SHOULP STAY
IPE.

OUTS",auto_ocr_sentiment,val
"Invincible, Vol. 1.pdf_p0428_panel_7.jpg",neutral,,auto_ocr_sentiment,val
"Invincible, Vol. 1.pdf_p0781_panel_0.jpg",anger,"I HAD A GIFT--1I WAS JUST
TRYING TO IMPROVE IT. I WAS
JUST COPYING THE MEMORIES
FROM MY COUNTERPARTS FROM |
OTHER REALITIES. YOU HAP TO {|
HALT THAT PROCESS--YOU 4
CAUSED THE MACHINE
TO OVERLOAP--

TO EXPLODE!",auto_ocr_sentiment,val
"Invincible, Vol. 1.pdf_p0141_panel_5.jpg",neutral,"PUPE... WHY DION’ T
YOU TELL ME YOU HAP
SUPERPOWERS?",auto_ocr_sentiment,val
"Invincible, Vol. 1.pdf_p0732_panel_2.jpg",neutral,,auto_ocr_sentiment,val
"Invincible, Vol. 1.pdf_p0430_panel_5.jpg",neutral,"GET IT
TOGETHER,
MAN. YOU KNOW
WE'RE ALL
ALONE UP

GUYS--IT’S
JUST
THAT--",auto_ocr_sentiment,val
"Invincible, Vol. 1.pdf_p0176_panel_4.jpg",neutral,,auto_ocr_sentiment,val
"Invincible, Vol. 1.pdf_p0879_panel_1.jpg",neutral,,auto_ocr_sentiment,val
"Invincible, Vol. 1.pdf_p1017_panel_6.jpg",neutral,"NICE
© MEETING
YOU, MISTER",auto_ocr_sentiment,val
"Invincible, Vol. 1.pdf_p0739_panel_0.jpg",neutral,"SPEAKING OF
HIM. DOES
HE HAVE A
NAME?",auto_ocr_sentiment,val
"Invincible, Vol. 1.pdf_p0102_panel_4.jpg",neutral,,auto_ocr_sentiment,val
"Invincible, Vol. 1.pdf_p0961_panel_0.jpg",joy,"Y THIS ISN’T le
| HAPPENING! WADDENING!!",auto_ocr_sentiment,val
"Invincible, Vol. 1.pdf_p0143_panel_3.jpg",neutral,,auto_ocr_sentiment,val
"Invincible, Vol. 1.pdf_p0874_panel_9.jpg",neutral,,auto_ocr_sentiment,val
"Invincible, Vol. 1.pdf_p0625_panel_4.jpg",surprise,"I DON'T
W--THAT’S

  
   

$0 THAT’S
IT? MY BOYFRIEND
-LLS ME HE’S GOING

9 SPACE AND DOESN’T
NOW HOW LONG He’S
ING TO BE GONE AND
’M JUST SUPPOSED
TO ACCEPT IT?",auto_ocr_sentiment,val
"Invincible, Vol. 1.pdf_p0658_panel_0.jpg",surprise,"HAVE THE YW I FEED
ILITY TO RE= THE ENE
APE WORLDS OF YO
MY IMAGE! T UNIVER
N REWRITE

2EALITY ON

AWHIM!",auto_ocr_sentiment,val
"Invincible, Vol. 1.pdf_p0408_panel_4.jpg",neutral,,auto_ocr_sentiment,val
"Invincible, Vol. 1.pdf_p0674_panel_2.jpg",fear,"YOU’RE--
PROT rECTING
THESE TWO..
WHY 2 NOLAN

COULON’T HAVE...

THAT’S JUST--

THERE'S NO
WAY.

  
 
  
 
 
 
    

\m",auto_ocr_sentiment,val
"Invincible, Vol. 1.pdf_p1007_panel_0.jpg",anger,"I KNO
IT’S KINDA LATE
BUT IF YOU BOYS
ARE HUNGRY--

I MADE
SANDWICHES. |

 

a
Ww oe el lhe",auto_ocr_sentiment,val
"Invincible, Vol. 1.pdf_p0563_panel_3.jpg",neutral,"CONFIRM
YOU REALLY
ENCOUNTERED
EARTH AT ALL.
WHAT DIP THE
VILTRUMITE
STATIONED
THERE LOOK
LIKE?",auto_ocr_sentiment,val
"Invincible, Vol. 1.pdf_p0619_panel_1.jpg",neutral,,auto_ocr_sentiment,val
"Invincible, Vol. 1.pdf_p0139_panel_3.jpg",surprise,"IT RIGHT
THERE!",auto_ocr_sentiment,val
"Invincible, Vol. 1.pdf_p1112_panel_4.jpg",neutral,,auto_ocr_sentiment,val
"Invincible, Vol. 1.pdf_p1009_panel_6.jpg",fear,"I’D BE BETTER
OFF HERE--
RAINING OLIVER.
I COULD MOVE
BACK HOME AND
EVERYTHING.

 
  
 
 
    
 
     

  

I DON’T
SEE WHY
NOT.",auto_ocr_sentiment,val
"Invincible, Vol. 1.pdf_p0239_panel_0.jpg",neutral,,auto_ocr_sentiment,val
"Invincible, Vol. 1.pdf_p0422_panel_1.jpg",neutral,,auto_ocr_sentiment,val
"Invincible, Vol. 1.pdf_p0021_panel_1.jpg",disgust,Mf,auto_ocr_sentiment,val
"Invincible, Vol. 1.pdf_p0717_panel_5.jpg",neutral,"HE HAP TO COME
BACK, JUST LONG
ENOUGH TO MAKE
Me CARE WHEN
SOMETHING BAD
HAPPENED
TO HIM.",auto_ocr_sentiment,val
"Invincible, Vol. 1.pdf_p0328_panel_3.jpg",neutral,,auto_ocr_sentiment,val
"Invincible, Vol. 1.pdf_p0294_panel_1.jpg",neutral,,auto_ocr_sentiment,val
"Invincible, Vol. 1.pdf_p0564_panel_3.jpg",neutral,,auto_ocr_sentiment,val
"Invincible, Vol. 1.pdf_p0383_panel_4.jpg",neutral,,auto_ocr_sentiment,val
"Invincible, Vol. 1.pdf_p0052_panel_2.jpg",neutral,"Al %, | i” VW , eo ul A!
STUPENTS WILL SHOW UP AND
EVERYTHING WILL GO BACK TO
NORMAL, BUT UNTIL THEN
KEEP YOU EYES AND IF ANY OF
EARS OPEN. YOU HAVE ANY
QUESTIONS, I’LL BE
IN MY OFFICE IN ABOUT
FIFTEEN MINUTES AND
MORE THAN LIKELY
FOR THE REST

YOU GAN ALL OF THE DAY.
GO BACK TO CLASS -
NOW. JUST GO ON TO
FOURTH PERIOD FROM
HERE. PEOPLE WHO ARE
ON FIRST LUNCH PERIOD
CAN GO ON TO THE
CAFETERIA. THE BELL WILL
RING IN SEVEN MINUTES,
PLEASE BE WHERE
YOU’RE SUPPOSED TA

BE BY THEN.",auto_ocr_sentiment,val
"Invincible, Vol. 1.pdf_p0058_panel_1.jpg",neutral,,auto_ocr_sentiment,val
"Invincible, Vol. 1.pdf_p0583_panel_7.jpg",anger,"NOS! LT WILL NOT
HAVE MY GREATEST
TRIUMPH SULLIED

BY THIS CHILD’S

 
 
 
    

NO! DON’T MOVE!!
THE PROCESS CAN’T
BE INTERRUPTED! IF
YOU STOP IT NOW
THERE’S NO TELLING
: WHAT WILL",auto_ocr_sentiment,val
"Invincible, Vol. 1.pdf_p0762_panel_3.jpg",neutral,"I DON’T KNOW. I’M
TRYING TO NOT THINK
ABOUT IT. I’M TOO
BUSY TRYING TO
CONVINCE MYSELF
THAT THE VILTRUMITES
HAVEN’T EXECUTED
HIM YET... AND THAT
I’M GOING TO
SOMEHOW BE ABLE
TO SAVE HIM.",auto_ocr_sentiment,test
"Invincible, Vol. 1.pdf_p0042_panel_2.jpg",joy,"Year. UM, IS THEKE ANY WAY
YOU CAN KEEP THIS TO YOURSELF?
YOU NEVER KNOW WHEN ONE OF

YOUR TEAMMATES IS
GOING TO GO CRAZY AND
BECOME THE NEXT BIG
VILLAIN.

      
 
   
   
   
   
   
   
   
   

a
OH, THAT
ONLY HAVVENS
IN COMIC BOOKS.",auto_ocr_sentiment,test
"Invincible, Vol. 1.pdf_p0915_panel_1.jpg",neutral,,auto_ocr_sentiment,test
"Invincible, Vol. 1.pdf_p0223_panel_5.jpg",neutral,,auto_ocr_sentiment,test
"Invincible, Vol. 1.pdf_p0767_panel_1.jpg",neutral,"THAT’S RIGHT.
SHAPESMITH.

TELL THE

WORLD
THERE’S A
NEW HERG

IN TOWN.",auto_ocr_sentiment,test
"Invincible, Vol. 1.pdf_p0824_panel_5.jpg",neutral,"OF THIS SEEMS
UNUSUAL
TO YOU?",auto_ocr_sentiment,test
"Invincible, Vol. 1.pdf_p0085_panel_4.jpg",neutral,,auto_ocr_sentiment,test
"Invincible, Vol. 1.pdf_p0269_panel_2.jpg",neutral,,auto_ocr_sentiment,test
"Invincible, Vol. 1.pdf_p0683_panel_3.jpg",fear,"AFTER HER--I
PEGIPEP TO FOCUS
COMPLETELY ON THE
WORK, PROTECTING
OTHERS BUT NEVER
GETTING TOO
CLOSE.

     
       
   
   
   
     
   
   
   
   

  

I'VE COME
TO REGRET PUSHING
YOU ALL AWAY.
ESPECIALLY NOW THAT
EVERYONE BUT US
IS GONE.",auto_ocr_sentiment,test
"Invincible, Vol. 1.pdf_p0152_panel_4.jpg",anger,"BELVEDERE,
CONTACT THE
AUTHORITIES. I
LEFT A COUPLE
PERPS ON THE
BURNS TOWER.
I'VE BEEN
CALLED
AWAY.",auto_ocr_sentiment,test
"Invincible, Vol. 1.pdf_p0264_panel_1.jpg",neutral,,auto_ocr_sentiment,test
"Invincible, Vol. 1.pdf_p0741_panel_2.jpg",neutral,"YOUR CE
ORDER TO PROCURE
THAT HELP.",auto_ocr_sentiment,test
"Invincible, Vol. 1.pdf_p0255_panel_1.jpg",neutral,,auto_ocr_sentiment,test
"Invincible, Vol. 1.pdf_p0890_panel_0.jpg",joy,"GREAT--
JUST
GREAT!

 

USED TO THIS

 

BELIEVE I’M
GOING TO HAVE
TO Move AGAIN:",auto_ocr_sentiment,test
"Invincible, Vol. 1.pdf_p0077_panel_2.jpg",neutral,,auto_ocr_sentiment,test
"Invincible, Vol. 1.pdf_p0997_panel_2.jpg",sadness,"WELL ~--FIFTEEN

ae
VER ONE eps \

PEOPLE PIED AND

WERE INJURED IN
THE WHOLE THING,
50 NO--EVERYONE
IS NOT ALL
RIGHT.

 
     
 
   
   
 
    
   

 
 

BUT THE
GUARDIANS OF
THE GLOBE TOOK
HIM DOWN. YOU
WANT TO HEAR
THE REAL KICKER
OF THE WHOLE
THING?",auto_ocr_sentiment,test
"Invincible, Vol. 1.pdf_p0368_panel_2.jpg",neutral,,auto_ocr_sentiment,test
"Invincible, Vol. 1.pdf_p0626_panel_6.jpg",neutral,"WILL TAKE SIX
OF YOUR EARTH",auto_ocr_sentiment,test
"Invincible, Vol. 1.pdf_p0318_panel_2.jpg",neutral,"tee TD
cy) Tad
8 = ~
5 .
e r ff,
SPS \
HS Qi

 

wae
4] SSX",auto_ocr_sentiment,test
"Invincible, Vol. 1.pdf_p1011_panel_0.jpg",neutral,"UTAH, THE ROCKY MOUNTAIN
BASE OF THE GUARDIANS OF
THE GLOBE.",auto_ocr_sentiment,test
"Invincible, Vol. 1.pdf_p0470_panel_7.jpg",fear,"YEAH...MY PARENTS AKE
GOING TO FLIP OUT. LI DIDN’T
KNOW HOW TO TELL THEM SO

           
     
  
 

OING I JUST LEFT THEM A NOTE.
V2 THEY NEVER REALLY WERE TOO
, COMFORTABLE WITH ME HAVING

POWERS ANYWAY...THIS
IS GOING TO KILL
THEM.

TRUTH
Be TOLD--

THEY KINDA
Near ais

  
  

!\

aoa OO J""",auto_ocr_sentiment,test
"Invincible, Vol. 1.pdf_p0305_panel_0.jpg",neutral,,auto_ocr_sentiment,test
"Invincible, Vol. 1.pdf_p0328_panel_2.jpg",joy,"— a _

yw: in f

alE,,_-* a £9)

ae",auto_ocr_sentiment,test
"Invincible, Vol. 1.pdf_p0544_panel_10.jpg",anger,"NOPE. I'M OUT SAVING
THE WORLP--FIGHTING
BAP GUYS AND STUFF.
I CAN’T BELIEVE You

THOUGHT I WAS A
DRUG DEALER.",auto_ocr_sentiment,test
"Invincible, Vol. 1.pdf_p0875_panel_0.jpg",surprise,"HUH?!
WHA-- 4! 17M
TRYING TO--

HIC--SLEEP
HERE--! }
a",auto_ocr_sentiment,test
"Invincible, Vol. 1.pdf_p0984_panel_3.jpg",neutral,,auto_ocr_sentiment,test
"Invincible, Vol. 1.pdf_p0126_panel_6.jpg",neutral,,auto_ocr_sentiment,test
"Invincible, Vol. 1.pdf_p0550_panel_1.jpg",neutral,"m AND SO, DEAR READER, WE TURN OUR
ATTENTIONS ELSEWHERE TO GIVE YOUNG
MARK GRAYSON AND AMBER BENNETT SOME
Mm PeiVvacY. _

M THIS 1S AFAMILY TITLE AFTER ALL.

| YES, WE TURN TO EVENTS TRANSPIRING
W ELSEWHERE, TO BE MORE SPECIFIC,
| PEEP SPACE. To BE STILL MORE
SPECIFIC, DEEP SPACE A FEW MONTHS
AGO. TO BE EVEN STILL MORE SPECIFIC,
PEEP SPACE A FEW MONTHS AGO, ONA
DIRECT PATH FROM EARTH TO THE HEART
fm OF THE COALITION OF PLANETS!

| S

ee.

m ON THIS PATH WE FIND ALLEN THE &
m ALIEN, DILIGENT IN HIS MISSION TO J
mw DELIVER NEWS TO HIS SUPERIORS.

m PILIGENT IN BRINGING THEM THE

Mm MESSAGE OF HIS DEALINGS ON

BY EARTH!

A MESSAGE THAT GOES SOMETHING
LIKE THIS: THERE IS A VILTRUMITE

mR ON EARTH WITH NO LOYALTIES TO THE
VILTEUM EMPIRE. BEYOND THAT

THERE IS ANOTHER VILTEUMITE WHO ¥
HAS ABANDONED HIS POST *

oe

THESE ACTIONS ARE UNHEARD OF--AND NEWS
OF THIS MAY WELL BRING THE COALITION THE
HOVE IT NEEDS IN THESE DIRE TIMES.

 

as y a a a rr a | ic an 7 ee a - 7 ;
. att v “ee, rn / + rs an a. . . J 7 a . ; 7"" . > oe a
f nN , Bs ,

* ae  *SCC ISSUE I3, TRUE BELIEVERS.

a oa - _ _
BILL CRABTREE RUSWCCTON GORY WALKER ERIC STEPHENSON ERIK LARSEN

   

ROBERT KIQZMAN RYAN OTTLEY",auto_ocr_sentiment,test
"Invincible, Vol. 1.pdf_p0718_panel_1.jpg",neutral,"Cy .
J\ €

S| SJ

PD \ [REEEY",auto_ocr_sentiment,test
"Invincible, Vol. 1.pdf_p0910_panel_6.jpg",anger,"ALL THE ANSWERS
HOW COULP YOU
POSSIBLY KNOW
WHAT I’M GOING
THROUGH RIGHT

Now?!",auto_ocr_sentiment,test
"Invincible, Vol. 1.pdf_p0463_panel_2.jpg",neutral,,auto_ocr_sentiment,test
"Invincible, Vol. 1.pdf_p0773_panel_8.jpg",neutral,,auto_ocr_sentiment,test
"Invincible, Vol. 1.pdf_p0446_panel_4.jpg",neutral,"WILLIAM,
YOU’RE A
FUN GUY TO
BE AROUNP--AND
I LIKE YOU... BUT
THIS JUST ISN’T
WORKING

oe OUT.",auto_ocr_sentiment,test
"Invincible, Vol. 1.pdf_p0452_panel_1.jpg",neutral,to) | lh Lr,auto_ocr_sentiment,test
"Invincible, Vol. 1.pdf_p1040_panel_2.jpg",neutral,"T DENY THERE
UNDAMENTAL

i. DIFFERENCES
IN VILTRUMITES
je VEOPLE YOU
KE RAISED
MONGST.",auto_ocr_sentiment,test
"Invincible, Vol. 1.pdf_p0130_panel_0.jpg",neutral,"Hy .
i

ut gd
i Ate ae : f
nh
INS \ /",auto_ocr_sentiment,test
"Invincible, Vol. 1.pdf_p0925_panel_0.jpg",neutral,,auto_ocr_sentiment,test
"Invincible, Vol. 1.pdf_p0288_panel_1.jpg",neutral,,auto_ocr_sentiment,test
"Invincible, Vol. 1.pdf_p0248_panel_2.jpg",neutral,"Sa ae ole
o. P: - are od

THOUGH THEY WERE NOT QUITE AS me. - |
EFFICIENT AS OUR OWN FORCES... IT DID Raa Pn | meet
HELP WITH OUR EXPANSION EFFORTS. an e",auto_ocr_sentiment,test
"Invincible, Vol. 1.pdf_p0574_panel_8.jpg",fear,"HOW WOULP THAT
HAPPEN? YOU
THINK WILLIAM

KNOWS ANY SUPER-

VILLAINS 2 I KNOW

ART’S NOT GOING

 
  
 
  

AND IT’S

  
   
  
  
   
 

    
  
  
  

    
 

 

TO SELL MY SECRET NOT LIKE I
- EVEN HAVE YOU SHOULD
TO A NEWS VEN HAVE OU SHAUL
VILLAIN. CAREFUL.",auto_ocr_sentiment,test
"Invincible, Vol. 1.pdf_p1081_panel_1.jpg",neutral,,auto_ocr_sentiment,test
"Invincible, Vol. 1.pdf_p0956_panel_4.jpg",anger,"PLANET--FORETOLD IN
THE DEPTHS OF THE
HOST’S MEMORY. WE
WILL SPREAD OUT
AMONG THIS WORLD

AS A GREAT

NOTHING
YOU CAN PO
WILL STOP
Us!",auto_ocr_sentiment,test
"Invincible, Vol. 1.pdf_p0143_panel_2.jpg",surprise,"LVIUN TT See WHO IT
WAS... THEY KNOCKED
ME OUT BEFORE I
EVEN KNEW THEY
HAD BROKEN
BUT IT’S

IN.

“ NOT LIKE I PEAL

Y WITH SUPER VILLAINS,
ANP THIS PLACE ISN’T
EXACTLY COMMON
KNOWLEPGE... AND
HIS SUIT WAS THE
ONLY THING
STOLEN...",auto_ocr_sentiment,test
"Invincible, Vol. 1.pdf_p0538_panel_9.jpg",neutral,"THe Weeks TRAT
FOLLOWED ARE A
BLUR. TESTING MY
STRENGTH, TRYING TO
FLY, LEARNING TO DO
THINGS REALLY
FAST...IT WAS A
LOT OF FUN.",auto_ocr_sentiment,test
"Invincible, Vol. 1.pdf_p0930_panel_4.jpg",neutral,,auto_ocr_sentiment,test
"Invincible, Vol. 1.pdf_p0079_panel_4.jpg",disgust,"I CAN SIT HERE AND WATCH HIM

BATTLE HUNDRED-FOOT DRAGONS
ON TV ALL DAY LONG, BUT FOR
SOME REASON... EVERY TIME

HE’S IN ANOTHER DIMENSION...
I CAN’T HELP BUT ASSUME
THE WORST.",auto_ocr_sentiment,test
"Invincible, Vol. 1.pdf_p0144_panel_1.jpg",neutral,,auto_ocr_sentiment,test
"Invincible, Vol. 1.pdf_p0939_panel_7.jpg",neutral,,auto_ocr_sentiment,test
"Invincible, Vol. 1.pdf_p0255_panel_0.jpg",neutral,,auto_ocr_sentiment,test
"Invincible, Vol. 1.pdf_p0140_panel_4.jpg",neutral,,auto_ocr_sentiment,test
"Invincible, Vol. 1.pdf_p0617_panel_0.jpg",neutral,,auto_ocr_sentiment,test
"Invincible, Vol. 1.pdf_p0564_panel_0.jpg",neutral,,auto_ocr_sentiment,test
"Invincible, Vol. 1.pdf_p0614_panel_4.jpg",anger,"Weil, LVvUS! (ALKeELY
TO CHRIS. HE SAID
HIS MOTHER CALLED
ANP SHE HAD A FIGHT
WITH HIM ABOUT HIS
GRADES THE PAY
BEFORE HE DISAP-
PEARED.

 
   
   
  

ALSO, HE’S
DONE THIS
BEFORE, BACK
IN HIGH SCHOOL...
50 HIS MOTHER
ISN’T VERY
WORRIED, BUT
I WANT TO--",auto_ocr_sentiment,test
"Invincible, Vol. 1.pdf_p0611_panel_4.jpg",neutral,"j
STILL DON’T
I JUST
THOUGHT T’
LEND A

THANKS
BUT FOR THE
RECORD--1
LIKE YOU.",auto_ocr_sentiment,test
"Invincible, Vol. 1.pdf_p0102_panel_0.jpg",neutral,"OH, ONE MORE THING. SEE IF YOUR
MOM CAN MAKE STEAKS TONIGHT,
IF EVERYTHING WORKS OUT HERE,
I’M GOING TO WANT TO CELEBRATE,
AND IF IT POESN’T... WELL, LET’S
JUST SAY IT WON’T MATTER
WHAT YOUR MOM
COOKS.",auto_ocr_sentiment,test
"Invincible, Vol. 1.pdf_p1018_panel_0.jpg",neutral,"i oe
ee edie MU

he ji -} a
an rie hi",auto_ocr_sentiment,test
"Invincible, Vol. 1.pdf_p0362_panel_2.jpg",neutral,,auto_ocr_sentiment,test
"Invincible, Vol. 1.pdf_p0038_panel_5.jpg",neutral,,auto_ocr_sentiment,test
"Invincible, Vol. 1.pdf_p0717_panel_1.jpg",fear,"WHAT ARE YOU TALKING
ABOUT?! I’M NOT THROUGH
YET. WITH THE HELP OF YOUR

ARCHITECTS I COULD HAVE
THIS ENTIZE PALACE BUILT
IN ANOTHER COUPLE

WEEKS.

 
 
 
 
   
   
 
 
  

   
 

I CAN'T

LEAVE NOW--

ESPECIALLY NOT
TOPAY.",auto_ocr_sentiment,test
"Invincible, Vol. 1.pdf_p0804_panel_3.jpg",anger,"I’M
I KILLEp e STUCK HERE.
HIM. HE TOOK ) I’M STUCK. I CAN'T
ME HERE AND ~ ; GET HOME NOW. I’M
ao HERE... IN THIS
} DIMENSION WITH NO |
WAY HOME. 24

NO FOOD.

a _",auto_ocr_sentiment,test
"Invincible, Vol. 1.pdf_p0846_panel_0.jpg",neutral,"AREN'T
YOU ALITTLE
LATE? YOU
TO BE HERE
AN HOUR
S AGO. )

EDDIE, JEEZ--
DON’T You HAVE

i “we
' “;
, N / T’VeE HEARD NI
- BE bie Be o8E:
ry
DOs YOU CANT - STARTED ON
THERE PLAYING \ | Ir woRK.
' (J
> V7 | iz r | y",auto_ocr_sentiment,test
"Invincible, Vol. 1.pdf_p0634_panel_2.jpg",neutral,,auto_ocr_sentiment,test
"Invincible, Vol. 1.pdf_p0954_panel_4.jpg",neutral,"ST--

BE
CAREFUL!",auto_ocr_sentiment,test
"Invincible, Vol. 1.pdf_p0350_panel_0.jpg",neutral,"Pm oA
~

oes

 

,",auto_ocr_sentiment,test
"Invincible, Vol. 1.pdf_p0622_panel_2.jpg",neutral,"WOMEN AND
CHILDREN--
OUR ENTIRE
CIVILIZATION
COULD BE

WIPED

OUT--OR
SAVED--

   
 
 
 
    

TT ae .

¥:",auto_ocr_sentiment,test
"Invincible, Vol. 1.pdf_p0891_panel_1.jpg",neutral,,auto_ocr_sentiment,test
"Invincible, Vol. 1.pdf_p0151_panel_0.jpg",surprise,"YOU’RE
ON YOUR
OWN,
BRO!",auto_ocr_sentiment,test
"Invincible, Vol. 1.pdf_p0760_panel_4.jpg",neutral,,auto_ocr_sentiment,test
"Invincible, Vol. 1.pdf_p0645_panel_1.jpg",anger,"rh i

* ed

Q Ld a

I WAS A FUGITIVE FROM
MY OWN PEOPLE. IT WOULD
ONLY BE A MATTER OF TIME
1 BEFORE THEY LEARNED OF
MY TREACHERY.

e",auto_ocr_sentiment,test
"Invincible, Vol. 1.pdf_p0173_panel_1.jpg",neutral,,auto_ocr_sentiment,test
"Invincible, Vol. 1.pdf_p1091_panel_0.jpg",neutral,,auto_ocr_sentiment,test
"Invincible, Vol. 1.pdf_p0036_panel_1.jpg",neutral,,auto_ocr_sentiment,test
"Invincible, Vol. 1.pdf_p0457_panel_5.jpg",neutral,,auto_ocr_sentiment,test
"Invincible, Vol. 1.pdf_p0817_panel_0.jpg",surprise,"THIS WAS MY
BOYFRIEND’S House!

WHAT'S LEFT OF THE WHAT HAPPENEP?!
GRAYSON HOUSEHOLP. IS HE OKAY 2!

MaA’AM--
GAS LINE EXPLODED-- J
TOOK OUT A GOOD CHUNK
OF THE HOUSE... BUT WE
THINK THE FAMILY WAS
1 GONE WHEN IT HAPPENED. f
THEY HAVEN’T COME BACK ff
h = =HOME YET. THEY’RE
IN FOR A SURPRISE.",auto_ocr_sentiment,test
"Invincible, Vol. 1.pdf_p0874_panel_11.jpg",neutral,"ONE Hour |
LATER.",auto_ocr_sentiment,test
"Invincible, Vol. 1.pdf_p1035_panel_1.jpg",neutral,"r MIST--
PROFESSOR

i
VARNER. . y,",auto_ocr_sentiment,test
"Invincible, Vol. 1.pdf_p0501_panel_1.jpg",neutral,,auto_ocr_sentiment,test
"Invincible, Vol. 1.pdf_p0531_panel_4.jpg",neutral,,auto_ocr_sentiment,test
"Invincible, Vol. 1.pdf_p0773_panel_6.jpg",neutral,"MY PARENTS AND
YOUR MOM HAVE

MY NUMBER...",auto_ocr_sentiment,test
"Invincible, Vol. 1.pdf_p0189_panel_2.jpg",neutral,"MAN...
THAT AMBER
pa THeT aE
IB\ ME We call

       
  
   

[ania pninheee een geen
Ce ee
————————
ee eee

  

REALLY?
YOU STUD.

IN MY HISTORY
CLASS, BUT |
WE'VE NEVER A
SPOKEN. <i

—",auto_ocr_sentiment,test
"Invincible, Vol. 1.pdf_p0545_panel_5.jpg",anger,"MONSTER ON CAMPUS--BUT TO YOU--
IT LOOKED LIKE I ABANDONED YOU.

Serer ///
THE LAST COUPLE WEEKS HAVE REALLY
TORN ME UP. I SAVED YOU FROM THAT

ALL THE MONTHS OF BEING VAGUE
ABOUT WHERE I’Ve BEEN, BEING
LATE TO EVERYTHING, DESERTING
YOU ANP MY FRIENDS AT THE DROP
\ OF A HAT WITH LITTLE TO NO REASON

GIVEN--IT’S TAKEN (T’S TOLL.

TELL YOU EARLIER. I
KNOW I SHOULD HAVE--
I SHOULD HAVE TRUSTED
YOU--AND I DION’T. I’M
SORRY I PUT YOU
THROUGH ALL THIS.",auto_ocr_sentiment,test
"Invincible, Vol. 1.pdf_p0321_panel_1.jpg",neutral,"THAT WAS
A FREEBIE.
FELT GUILTY ABOUT
THAT rarer COSTUME...

IT WAS BASICALLY JUST A
PANTASTIC | FOUR UNIFORM
WITH A MASK AND DIFFERENT
COLORS. NOT MY BEST WORK.",auto_ocr_sentiment,test
"Invincible, Vol. 1.pdf_p0186_panel_0.jpg",sadness,"ARE ALL
FUNERALS
LIKE THIS?

IT AM '
TRULY SORRY
FOR YOUR
LOSS.",auto_ocr_sentiment,test
"Invincible, Vol. 1.pdf_p0585_panel_5.jpg",neutral,,auto_ocr_sentiment,test
"Invincible, Vol. 1.pdf_p0588_panel_6.jpg",neutral,,auto_ocr_sentiment,test
"Invincible, Vol. 1.pdf_p0069_panel_5.jpg",fear,"WELL... WE MADE IT
THROUGH. DON’T
A\ DWELL ON
(T.

   
   
   
 

LET’S JUST

WORRY ABOUT GETTING

HOME WITHOUT RUNNING

INTO ANY MORE TROUBLE. WE’RE

A ALMOST THERE, ANP I’LL BET YOUR
MONM’S ALMOST DONE WITH--",auto_ocr_sentiment,test
"Invincible, Vol. 1.pdf_p0190_panel_1.jpg",neutral,") YOu 7
JUST HAVEN'T ¥
BEEN YOURSELF }

) LATELY.",auto_ocr_sentiment,test
"Invincible, Vol. 1.pdf_p0525_panel_8.jpg",anger,"NO=$<-THAT’S NOT

STUPID. I WANTED
TO TALK TO YOU

ECAUSE HE SHOWED

V AT MY DORM ROOM

TONIGHT AFTER YOU
GUYS PROPPED

Me OFF.

CO
Fy

Vy
HE SAID HE

CAME IN THE
WINDOW AND
I DON’T HAVE
A FIRE ESCAPE.",auto_ocr_sentiment,test
"Invincible, Vol. 1.pdf_p0203_panel_5.jpg",neutral,"OH, SILLY Me... 1 KEMEMBDEK
THAT, NOW! AND I’VE GIVEN
UP ON THE [ON THING. NOLAN
DOESN’T SEEM TO WORKY

ABOUT GIVING Me MORE
REAPING TIME... AND
WE’RE TRYING TO
SAVE FOR MARK’S
COLLEGE.",auto_ocr_sentiment,test
"Invincible, Vol. 1.pdf_p0116_panel_5.jpg",neutral,,auto_ocr_sentiment,test
"Invincible, Vol. 1.pdf_p0367_panel_1.jpg",neutral,"ARE
YOU OKAY 2
I'VE BEEN
YELLING AND
TRYING TO CATCH
UP WITH YOU SINCE
You LEFT Your
LOCKER!",auto_ocr_sentiment,test
"Invincible, Vol. 1.pdf_p0422_panel_3.jpg",neutral,"SINCE THAT
INVASION WE SUFFERED
TWO MONTHS AGO--OUR

SPACE PROGRAM HAS BECOME
A MAJOR PRIORITY. THE
CURRENT BELIEF IS THAT IF
WE HAVE BETTER SPACE
TRAVEL CAPABILITIES
WE WON’T BE QUITE
AS VULNERABLE
TO FUTURE
ATTACKS.

YOUR FATHER
IS IN NO SMALL PART
RESPONSIBLE FOR THE
CURRENT CLIMATE OF
PARANOIA SURROUNDING
ALIEN INVASION THAT’S
SWEEPING THE
NATION.

LUCKILY, NASA
WAS PEVELOPING AND
DESIGNING LONG RANGE
SHUTTLES ALREADY AND
JUST NEEDED FUNDING
AND GOVERNMENT BACKING--
S0 THIS PROGRAM HAS
COME TOGETHER RATHER
QUICKLY OVER THE LAST
FEW WEEKS.

WE’RE GOING
TO MARS. AND I
WANT YOU TO

ACCOMPANY THE
TEAM ON THIS MISSION--
MAKE SURE NOTHING
GOES WRONG AND
THAT THE CREW
MAKES IT BACK IN

ONE PIECE.",auto_ocr_sentiment,test
"Invincible, Vol. 1.pdf_p1094_panel_0.jpg",anger,"VILTRUMITE PRISON, |

EXACT LOCATION
UNKNOWN.

   
 

THE COUNCIL STATES THAT
IN ORDER FOR A VILTRUMITE
TO BE EXECUTED... HE MUST
Be COMPLETELY WHOLE AND

INTACT, WORTHY TO
STAND AND FACE THE END
OF HIS LIFE AT FULL

STRENGTH.

BUT
THEY saiD ¥
NOTHING OF |
BRUISES. {",auto_ocr_sentiment,test
"Invincible, Vol. 1.pdf_p0137_panel_3.jpg",neutral,"COOL, THEN
We’LL GET TO ROOM
TOGETHER LIKE
WE WANTED
TO.

LiKe US...
THIS PLACE
WILL NEVER

Be THE",auto_ocr_sentiment,test
"Invincible, Vol. 1.pdf_p0983_panel_2.jpg",neutral,"YOU WERE
SO HAPPY,
MAN--I JUST-- jf
I DON’‘TKNOW §&
WHAT TO SAY, {
IMMORTAL.",auto_ocr_sentiment,test
"Invincible, Vol. 1.pdf_p0339_panel_4.jpg",neutral,,auto_ocr_sentiment,test
"Invincible, Vol. 1.pdf_p1080_panel_5.jpg",fear,"JUST GOI
ON RIGHT
11S FIGHT,
ANCE.

    

  
 
 
 
 

HOW POWERFUL

WAS THAT EXPLOSION--

YOURS IS STILL ALIVE,
RIGHT? |",auto_ocr_sentiment,test
"Invincible, Vol. 1.pdf_p0614_panel_5.jpg",surprise,"OH, MAN! I
WAS SUPPOSED
TO HAVE LUNCH
WITH MY MOM
TODAY!

  

. AND
CALL HER TO
APOLOGIZE AND

TELL HER I’M
NOT GOING TO MAKE
IT... “CAUSE IT’S

SUCH ALONG

DRIVE FROM HEPC.",auto_ocr_sentiment,test
"Invincible, Vol. 1.pdf_p0357_panel_3.jpg",neutral,"MARK,
THIS IS MY
NEW FRIEND,",auto_ocr_sentiment,test
"Invincible, Vol. 1.pdf_p0875_panel_1.jpg",surprise,"df WHAT-
EVER.

1 wv

t
OP
FoO
weg
2o%",auto_ocr_sentiment,test
"Invincible, Vol. 1.pdf_p0619_panel_4.jpg",disgust,EXCUSE,auto_ocr_sentiment,test
"Invincible, Vol. 1.pdf_p0967_panel_0.jpg",neutral,Te Ca,auto_ocr_sentiment,test
"Invincible, Vol. 1.pdf_p0572_panel_7.jpg",neutral,,auto_ocr_sentiment,test
"Invincible, Vol. 1.pdf_p0551_panel_6.jpg",neutral,,auto_ocr_sentiment,test
"Invincible, Vol. 1.pdf_p0889_panel_0.jpg",neutral,"AT

fil a mI",auto_ocr_sentiment,test
"Invincible, Vol. 1.pdf_p0542_panel_1.jpg",neutral,,auto_ocr_sentiment,test
"Invincible, Vol. 1.pdf_p0913_panel_4.jpg",anger,"He, UH...
HE HAP HIS
REASONS.

I’M NOT
GOING TO SIT

BOYFRIEND SO
YOU GUYS WILL
STOP TRYING
TO TALK ME INTO
CHEATING CAN We
ON HIM. JUST--I DON’T
KNOW--PROP
THIS?",auto_ocr_sentiment,test
"Invincible, Vol. 1.pdf_p0772_panel_7.jpg",neutral,,auto_ocr_sentiment,test
"Invincible, Vol. 1.pdf_p0686_panel_8.jpg",neutral,,auto_ocr_sentiment,test
"Invincible, Vol. 1.pdf_p0896_panel_1.jpg",surprise,"I KNOW, RIGHT? TL WAS READY
FOR A SNOOZE FEST BUT THEN
SHE CAME IN ON THE FIRST DAY
WITH ONE OF THOSE PREPARED
SPEECHES SHE WRITES FOR
HERSELF--AND THEN PROCEEDS
TO MESS UP AND START
OVER.

OH, MY GOP--SHE DOES THAT IN YOUR W
CLASS TOO? MAN, PROFESSOR BURGESS
IS ATRIP, HUH WHO WOULPA THOUGHT AN J
ECONOMICS CLASS WOULD Be SO
ENTERTAINING.

    
         
 
 
   
     
   
   

 

KNOW HOW SHE

HERE. IT’S
MADNESS--SHE
MUST BE
SOMEONE’S
SISTER.",auto_ocr_sentiment,test
"Invincible, Vol. 1.pdf_p0983_panel_0.jpg",neutral,"UTAH, THE HIPPEN ROCKY
MOUNTAINS BASE OF THE
GUARPIANS OF THE
GLOBE.

A FEW HouRS AFTER
THE FUNERAL OF
PUPLI-KATE.",auto_ocr_sentiment,test
"Invincible, Vol. 1.pdf_p0620_panel_0.jpg",surprise,"HOW PO YOU KNOW WHAT PO YOU
MY NAME?! HOW Po WANT WITH ME?:
YOU KNOW WHERE WHY ARE YOU

I Live? HERE?!

[2",auto_ocr_sentiment,test
"Invincible, Vol. 1.pdf_p0635_panel_0.jpg",neutral,,auto_ocr_sentiment,test
"Invincible, Vol. 1.pdf_p1065_panel_6.jpg",neutral,"i Ng
NF
F Y",auto_ocr_sentiment,test
"Invincible, Vol. 1.pdf_p0593_panel_1.jpg",surprise,"THE KIND THAT TAKES
A SENIOR TRIP TO
SHE WAS PRETTY
| PAMPERED.

EUROPE.

   

 

    

      

ne
w 4
JZ,wokr,
SP Vgus
_ woS>+ oho
ZW e206 O-
Orw Oo
FUER IS=
Ee gstz..b
WW > WA SY
weQHhl= w
TOy wVwh }
tery 7% yh
veavtoa
WSZEzSs

  

 

THAT WAS HER
FIRST MISTAKE.

 

(
(
4
Ww.
qIs>
use
X
528
ZuA90
3
wn Yor
aL
3 oat
WwW
WOE
wows

 

a

SHE WORKED HARD, THOUGH,

] SKIPPED A FEW GRADES,
GOING TO GRADUATE TWO
YEARS EARLY

 

a",auto_ocr_sentiment,test
"Invincible, Vol. 1.pdf_p0480_panel_0.jpg",neutral,,auto_ocr_sentiment,test
"Invincible, Vol. 1.pdf_p0089_panel_4.jpg",neutral,,auto_ocr_sentiment,test
"Invincible, Vol. 1.pdf_p1030_panel_9.jpg",neutral,,auto_ocr_sentiment,test
"Invincible, Vol. 1.pdf_p0062_panel_5.jpg",neutral,"I’M
GOING
TO NEED
YOUR HELP
ON THIS
ONE.",auto_ocr_sentiment,test
"Invincible, Vol. 1.pdf_p0660_panel_4.jpg",neutral,,auto_ocr_sentiment,test
"Invincible, Vol. 1.pdf_p0033_panel_2.jpg",neutral,"THERE’S A GOOD
CHANCE THAT YOU’RE
GOING TO START TO
DEVELOP SUPER
POWERS.",auto_ocr_sentiment,test
"Invincible, Vol. 1.pdf_p0615_panel_5.jpg",neutral,,auto_ocr_sentiment,test
"Invincible, Vol. 1.pdf_p0641_panel_2.jpg",neutral,"= eS, 2\ 5

rT \ 23
7 tee
cL

yo, 8

.
ry

 

 

       

——)

,7e 4
_
iO
S

,*",auto_ocr_sentiment,test
"Invincible, Vol. 1.pdf_p0435_panel_0.jpg",neutral,"as Coaeee. 2 ATTA a (
mh, WITH YOU. \
¥ (CeBsseeeagaens

le Ne

A ie
GS ve To “a

yy) | —— v _ NE XS
iN St a —_ E i
sal ja? sees i, ee Rg
s Seraph ws w
= WERE 0 pt y | |

N THE PSX Se)
Sef

SURFACE?",auto_ocr_sentiment,test
"Invincible, Vol. 1.pdf_p0834_panel_1.jpg",surprise,"i

HO
BUSINESS?",auto_ocr_sentiment,test
"Invincible, Vol. 1.pdf_p0424_panel_2.jpg",neutral,,auto_ocr_sentiment,test
"Invincible, Vol. 1.pdf_p0575_panel_3.jpg",neutral,,auto_ocr_sentiment,test
"Invincible, Vol. 1.pdf_p0761_panel_2.jpg",neutral,"HE WAS ON
THAT PLANET
I WENT TO,
THE ONE WITH
THE BUG
PEOPLE 4",auto_ocr_sentiment,test
"Invincible, Vol. 1.pdf_p0005_panel_0.jpg",neutral,,auto_ocr_sentiment,test
"Invincible, Vol. 1.pdf_p0213_panel_1.jpg",neutral,,auto_ocr_sentiment,test
"Invincible, Vol. 1.pdf_p0953_panel_2.jpg",neutral,,auto_ocr_sentiment,test
"Invincible, Vol. 1.pdf_p0936_panel_3.jpg",neutral,"WANT YOU TO CAL
Me “ROBOT” ALL
THE TIME. MY
REAL NAME IS
RUDOLPH
CONNORS.",auto_ocr_sentiment,test
"Invincible, Vol. 1.pdf_p0896_panel_3.jpg",surprise,"MY
BOYFRIEND,

I THINK... HE,
UH, MUST HAVE
BEEN THROWING
PEBBLES AT THE

WINDOW OR
SOMETHING.

HE
POES THAT
SOMETIMES",auto_ocr_sentiment,test
"Invincible, Vol. 1.pdf_p0689_panel_5.jpg",neutral,"YES.
PRETTY MUCH.
YOU'VE GOT TO

PUSH YOURSELF
FROM TIME TO
TIME--JUST IN
CASE THINGS

LIKE THIS
HAPVEN.",auto_ocr_sentiment,test
"Invincible, Vol. 1.pdf_p0396_panel_2.jpg",sadness,"NO. IT PLON’T T BET YOU
KNOW THAT. MARK LOOKED MEGA
GRAYSON: BURGER CUTE IN THAT

FLIPPER. I’M BRIGHT ORANGE

 
  

SORRY I MISSED
THOSE DAYS.

UNIFORM.

 
   

THAT'S
A SAFE
BET.

THAT IS,
l— BY “CuTE""
YOU MEAN
""“RUGGEDLY
HANDSOME.""",auto_ocr_sentiment,test
"Invincible, Vol. 1.pdf_p0619_panel_3.jpg",neutral,,auto_ocr_sentiment,test
"Invincible, Vol. 1.pdf_p0584_panel_3.jpg",neutral,,auto_ocr_sentiment,test
"Invincible, Vol. 1.pdf_p0774_panel_3.jpg",neutral,,auto_ocr_sentiment,test
"Invincible, Vol. 1.pdf_p0623_panel_6.jpg",neutral,,auto_ocr_sentiment,test
"Invincible, Vol. 1.pdf_p0547_panel_0.jpg",neutral,,auto_ocr_sentiment,test
"Invincible, Vol. 1.pdf_p0521_panel_4.jpg",neutral,"WHAVING Y HE, WELL.
ANP I ON HIM,
EEN WITH WHAT 1
I YEARS AROUND
HOUGHT
=ST TO
9.",auto_ocr_sentiment,test
"Invincible, Vol. 1.pdf_p0641_panel_3.jpg",neutral,"PK», 4
\ |

  
  

Sys LG A
S Sly
re
Z ; =
oN",auto_ocr_sentiment,test
"Invincible, Vol. 1.pdf_p0507_panel_0.jpg",neutral,,auto_ocr_sentiment,test
"Invincible, Vol. 1.pdf_p0840_panel_2.jpg",fear,"| knew I had made
ce. In an instant
inded, swarmec
d. It was unclear
e it out alive. I ha
derestimated th

ssion was clea
the inhabitants «
planet, determin
threat level to th
then report back f¢
ictions. It appeare
might not make
receive thos
It was clear th
was high. Wit
imal effort I we
ijured. Thes
ere fast. The
me out of nowher
e time to react. M
ediately in danger.
of these beasts we
They were barel
ize. I've battle
n times their siz
ly less effort. Th
nhabit caused thet
into such toug
The gravitation:
his unnamed plan
re they had to b
1 most to simply t
ve. They wert
creatures. ]
can look at ther
y and I find
espect for them.
> I felt differently.
to survive, if thi
2 out the entire rac
done it, as harsh ¢

ry attempt to reac
‘scape to the stars,
d, pulled back int
aged all over agai
creatures did nc
ability to fly the
long distances an
he air with the
‘S. Any attempt t
with a swift attac
nore that resulted 1
ack to the planet
t was clear th:
not going to work.
ing to fight my wa
horde. If I coul
h them, maybe
enough away fro!
lough to make m
- problem with th:
; that I was und
ck. I could feel th
ripped from m
pressed on. Thi
cape was not goin",auto_ocr_sentiment,test
"Invincible, Vol. 1.pdf_p0006_panel_2.jpg",neutral,ey’,auto_ocr_sentiment,test
"Invincible, Vol. 1.pdf_p0407_panel_2.jpg",neutral,,auto_ocr_sentiment,test
"Invincible, Vol. 1.pdf_p0037_panel_0.jpg",neutral,"on

— __
—

Lh",auto_ocr_sentiment,test
"Invincible, Vol. 1.pdf_p0486_panel_0.jpg",neutral,,auto_ocr_sentiment,test
"Invincible, Vol. 1.pdf_p0505_panel_2.jpg",neutral,,auto_ocr_sentiment,test
"Invincible, Vol. 1.pdf_p0530_panel_5.jpg",neutral,,auto_ocr_sentiment,test
"Invincible, Vol. 1.pdf_p0201_panel_4.jpg",neutral,"MAKI, IT
IS VERY
IMPORTANT

THAT W",auto_ocr_sentiment,test
"Invincible, Vol. 1.pdf_p0237_panel_5.jpg",neutral,,auto_ocr_sentiment,test
"Invincible, Vol. 1.pdf_p0032_panel_2.jpg",neutral,". s _ 7 ;
U \ \S
. y » } , ,
i “% y
Pe TLIT NS |
WI J
Rr co ff
~ Star
” Py

1 MIGHT HAVE EVEN FORGOTTEN r
WHAT MY MISSION ON EARTH WAS... b

HY Ve ld",auto_ocr_sentiment,test
"Invincible, Vol. 1.pdf_p0474_panel_4.jpg",neutral,,auto_ocr_sentiment,test
"Invincible, Vol. 1.pdf_p0088_panel_0.jpg",neutral,,auto_ocr_sentiment,test
"Invincible, Vol. 1.pdf_p0091_panel_0.jpg",neutral,"aD Bd

a

GO

eG

Ty

\\

i

 

‘

{|",auto_ocr_sentiment,test
"Invincible, Vol. 1.pdf_p0315_panel_0.jpg",neutral,YOU ARE,auto_ocr_sentiment,test
"Invincible, Vol. 1.pdf_p0750_panel_0.jpg",neutral,"COME ON... YOU
COULD MAKE UP
THE TEST. YOU'D }
EVEN HAVE MORE pc,
TIME TO STUDY. TO
You NEVER sxip 70
CLASS.",auto_ocr_sentiment,test
"Invincible, Vol. 1.pdf_p0911_panel_6.jpg",neutral,"WIFE, YOUR
FAMILY--
NOBOPY.

   

> :
YOU CAN
STILL LIVE A
NORMAL LIFE IF
YOU WANT To.",auto_ocr_sentiment,test
"Invincible, Vol. 1.pdf_p0827_panel_4.jpg",neutral,"I KNOW THIS MAY BE
HARD FOR SOME OF
YOU, BUT THE ROBOT
YOU KNOW... THE...
ROBOT ONE... WAS
SIMPLY AN
AUTOMATION.

MY
REASONS FOR
THIS ARE VERY
COMPLICATED,
BUT AS MY
COLLEAGUES I

Believe YOU
HAVE A RIGHT
TO KNOW...",auto_ocr_sentiment,test
"Invincible, Vol. 1.pdf_p0809_panel_1.jpg",sadness,"; ASFAR  \
AS THE EYE
CAN SEE...
NOTHING.",auto_ocr_sentiment,test
"Invincible, Vol. 1.pdf_p0937_panel_0.jpg",neutral,"1 er

me PEYTON-NOBLE UNIVERSITY i YE
WHERE & BENNETT fe
MAEL GRAYSON'S CIEL”
FRIEND, CURRENTLY
ATTENDS CLASSES.",auto_ocr_sentiment,test
"Invincible, Vol. 1.pdf_p0141_panel_1.jpg",neutral,"ZW
N
o>.
Wo
WI ¢
Z2 2
Z8

<
=<",auto_ocr_sentiment,test
"Invincible, Vol. 1.pdf_p0520_panel_1.jpg",neutral,,auto_ocr_sentiment,test
"Invincible, Vol. 1.pdf_p0829_panel_3.jpg",surprise,"WHAT YOU
WORKING ON
THERE? .",auto_ocr_sentiment,test
"Invincible, Vol. 1.pdf_p0187_panel_5.jpg",neutral,,auto_ocr_sentiment,test
"Invincible, Vol. 1.pdf_p0228_panel_5.jpg",neutral,"L PORE

ay ""
8 ((
a
~WOos
Ii OF
AY LY 4s fy
steg",auto_ocr_sentiment,test
"Invincible, Vol. 1.pdf_p0388_panel_1.jpg",neutral,,auto_ocr_sentiment,test
"Invincible, Vol. 1.pdf_p0228_panel_1.jpg",neutral,,auto_ocr_sentiment,test
"Invincible, Vol. 1.pdf_p0436_panel_1.jpg",neutral,,auto_ocr_sentiment,test
"Invincible, Vol. 1.pdf_p0718_panel_3.jpg",neutral,"LM NOT
FOLLOWING
YOU. YOU’RE
NOT
SAYING--",auto_ocr_sentiment,test
"Invincible, Vol. 1.pdf_p0873_panel_4.jpg",anger,"THEY'VE GOT A
LAIR NOW2 WHO'S
STEALING THESE
BUMS... COUNT
PRACULA?

y JUST--JUST PUT ME
DOWN AND GO HIDE IN
A TREE OF SOMETHING.
I THINK IT’S PARK
ENOUGH NOW.

OKAY--BUT

THINK ABOUT THIS,
WILLIAM--THIS
COULD BE
. PANGEROUS. ,

7""

THIS IS ABOUT RICK,
MAN--WE GOTTA GET
HIM BACK--JUST GO
HIDE IN THOSE TREES.
IF SOMEONE SEES &f
YOU THIS 1S ALL
wn . OVER.

CRAP! I
¥ FORGOT TO
BRING SOME |
OLD NEWSPAPER |}
TO COVER |
UP WITH.",auto_ocr_sentiment,test
"Invincible, Vol. 1.pdf_p0095_panel_4.jpg",neutral,,auto_ocr_sentiment,test
"Invincible, Vol. 1.pdf_p0732_panel_1.jpg",neutral,,auto_ocr_sentiment,test
"Invincible, Vol. 1.pdf_p0349_panel_0.jpg",neutral,,auto_ocr_sentiment,test
"Invincible, Vol. 1.pdf_p0378_panel_0.jpg",neutral,"YOU CAN
SAY THAT
AGAIN!",auto_ocr_sentiment,test
"Invincible, Vol. 1.pdf_p0014_panel_3.jpg",neutral,"YOU WERE THERE TO
TAKE CARE OF THE
COVS SO WE COULD
CALMLY MAKE OUR

GETAWAY. 4)",auto_ocr_sentiment,test
"Invincible, Vol. 1.pdf_p0297_panel_4.jpg",neutral,,auto_ocr_sentiment,test
"Invincible, Vol. 1.pdf_p0523_panel_6.jpg",neutral,,auto_ocr_sentiment,test
"Invincible, Vol. 1.pdf_p0328_panel_4.jpg",neutral,,auto_ocr_sentiment,test
"Invincible, Vol. 1.pdf_p0745_panel_1.jpg",neutral,"MORE TO THE
RIGHT. YOU
SHOULD Be ABLE
TO GET ALITTLE
CLOSER, TOO.
YOU’RE STILL OUT
OF HIS RANGE AT
FIVE-HUNDRED

YARDS. °",auto_ocr_sentiment,test
"Invincible, Vol. 1.pdf_p0958_panel_5.jpg",neutral,,auto_ocr_sentiment,test
"Invincible, Vol. 1.pdf_p0647_panel_2.jpg",neutral,"US

; (nh
> | ;
QoP° .

L L——
i
ree” | yg
Ap Zz
YZ WEE
358g"" .
4% TS",auto_ocr_sentiment,test
"Invincible, Vol. 1.pdf_p0741_panel_0.jpg",surprise,"yY iF YOU'LL TURN ¥
YOUR ATTENTION TO ¥
THE APPARATUS TO ¥
MY RIGHT I’LL
EXPLAIN TO YOU
EXACTLY WHAT
[’D Like YOU
TO DO. atl _§

a

i

i

~ P| A
IS THAT SLIGHTLY

ONE OF OUR \ IMPROVED F
h GESTATION /fim—\ VERSION, ,
\ TUBES? <am Yes. 4

Pe

Ah

>",auto_ocr_sentiment,test
"Invincible, Vol. 1.pdf_p0885_panel_0.jpg",neutral,"AIN’T BUYING IT. GET HIM
TO GOME OVER HERE ANP
BUY THE TICKETS FOR
» YOU AND We’RE

GOOD.

THAT GUY OVER THERE
IS YOUR FATHER? I’M a sa = a
SORRY, KID--BUTI JUST jam ~~",auto_ocr_sentiment,test
"Invincible, Vol. 1.pdf_p1079_panel_0.jpg",anger,"DROP KICK,
A CALM

EASE--
DOWN. I KNOW WHAT
ra DOING. IT’LL BE",auto_ocr_sentiment,test
"Invincible, Vol. 1.pdf_p0724_panel_6.jpg",neutral,,auto_ocr_sentiment,test
"Invincible, Vol. 1.pdf_p0374_panel_0.jpg",neutral,,auto_ocr_sentiment,test
"Invincible, Vol. 1.pdf_p0020_panel_5.jpg",neutral,,auto_ocr_sentiment,test
"Invincible, Vol. 1.pdf_p0366_panel_8.jpg",neutral,"I’M
DEALING
WITH IT.

YOU

DON’T HAVE
TO WORRY
ABOUT ME,
SiR. I--I’LL
BE OKAY.",auto_ocr_sentiment,test
"Invincible, Vol. 1.pdf_p1020_panel_8.jpg",surprise,"aN oo):
ALSO LOOK--I
GOOP To CAN’T STRESS

KNOW. HOW MUCH IT WANT
TO HELP HERE, BUTT
REALLY DON’T THING
GOING INTO SPACE
WITH YOU WOULD Pa
MUCH G00? _

DID YOU
SAY SOMETHING
EARLIER ABOUT

HAVING A

BROTHER? /uu, YEAH..
ALOT OF STUFF
HAS HAPPENED
TO ME TOO

SINCE Wwe IN

ee my pap
W® WAS--ARE YOU
COMFORTABLE?
THIS MIGHT
TAKE A WHILE.",auto_ocr_sentiment,test
"Invincible, Vol. 1.pdf_p0203_panel_6.jpg",neutral,,auto_ocr_sentiment,test
"Invincible, Vol. 1.pdf_p0292_panel_2.jpg",neutral,"©
OH °
GOOD... |_
WAKE

. hos Tg.
Re
CUT LL Ta

LLL TY li ND TTT THougtT
HAVE BEEN A

;

A °
‘C ,
C
2

B=

Tht ae
ee

0
i",auto_ocr_sentiment,test
"Invincible, Vol. 1.pdf_p0591_panel_0.jpg",neutral,,auto_ocr_sentiment,test
"Invincible, Vol. 1.pdf_p0305_panel_9.jpg",neutral,"OS

SO ie
A , Pe
i LM Fs:

Yzyep,
Vifygor

is

S
SSE

WY

MERRARERES pea ,
ELIE a» Nis
SE
oS

veS

ZS
P , ESV",auto_ocr_sentiment,test
"Invincible, Vol. 1.pdf_p0005_panel_2.jpg",neutral,,auto_ocr_sentiment,test
"Invincible, Vol. 1.pdf_p0538_panel_8.jpg",neutral,,auto_ocr_sentiment,test
"Invincible, Vol. 1.pdf_p0412_panel_2.jpg",neutral,,auto_ocr_sentiment,test
"Invincible, Vol. 1.pdf_p0544_panel_5.jpg",anger,"HE REALLY SAVED MY LIFE
IN MORE WAYS THAN ONE--
HELPING OUT MY MOTHER

AND ALL. AFTER HE PATCHED

IN RETURN, ALL I HAVE TO DO
IS ALLOW HIM TO DIRECT MY
SUPERHERO ACTIVITIES--I’D

BE SAVING PEOPLE ANYWAY--
Me UP, HE HIRED ME ON ff AND HE JUST HELPS ME SAVE
TO REPLACE MY DAD. A THE MOST PEOPLE POSSIBLE.

SEEMS MY DAD HAD
BEEN WORKING FOR
HIM, ALLOWING CECIL
TO MONITOR THE ff
PLANET AND TELL MY |
PAP WHERE TO BE-- |
WHERE HIS POWERS
WOULD HELP THE
MOST PEOPLE.

ee

I’VE GOT AN EAR PIECE HE
TALKS TO ME THROUGH AND
I CARRY A BEEPER SO I’ve

GOT AN EXCUSE FOR GETTING
UP AND LEAVING WHILE I’M
OUT OF COSTUME.

     

  
   

HE SITS IN HIS LITTLE
CONTROL CENTER AND TI
GO OUT AND SAVE THE
WORLD. THAT’S WHY I
MISSED SO MUCH SCHOOL
TOWARDS THE END OF
SENIOR YEAR.

HE RIGGED IT TO
WHERE ALL MY |
PAD’S NOVELS WERE |

    

BESTSELLERS ALL OF
| A SUDDEN, GIVING MY |
| MOM A STEADY INCOME.
HE ALSO GOT ME A
SCHOLARSHIP TO
UPSTATE UNIVERSITY.

vt",auto_ocr_sentiment,test
"Invincible, Vol. 1.pdf_p0227_panel_2.jpg",anger,"THEKE YOU AKE:
I'VE BEEN LOOKING
ALL OVER THE
CAFETERIA FOR
YOU!",auto_ocr_sentiment,test
"Invincible, Vol. 1.pdf_p0066_panel_1.jpg",neutral,"AS IT
JUST ME, OR

5
4
VW)
we
eS
W
Ww
<3

8",auto_ocr_sentiment,test
"Invincible, Vol. 1.pdf_p1041_panel_0.jpg",anger,"IS THIS PLANET NOT
RIDDLED WITH DEATH
ANP DISEASE? ARE
THESE PEOPLE NOT
PLAGUED BY VIOLENCE A VILTRUMITE
AND WAR? OCCUPATION WOULD We
RID THEM OF ALL THAT. COULD
WE WOULD SHARE OUR to ANerorm
THEIR DISEASES. NO INTO A
UNSANGTIONED UTOPIA
VIOLENCE WOULD .
OCCUR UNDER
OUR RULE.

THEY’D
Be FED AND
HAPPY WHILE YOU
SUCKED THIS
PLANET DRY--
COMPLACENT? AR RUINING IT.",auto_ocr_sentiment,test
"Invincible, Vol. 1.pdf_p0932_panel_5.jpg",neutral,"TAKE MY HAND--
I’VE GOT TO FLY
FASTER THAN THIS.
YOU WON'T BE ABLE

TO KEEP UP.",auto_ocr_sentiment,test
"Invincible, Vol. 1.pdf_p0326_panel_3.jpg",neutral,"\

ic

mt)",auto_ocr_sentiment,test
"Invincible, Vol. 1.pdf_p0337_panel_0.jpg",neutral,"""WELL, I’M
OUT OF HERE.
T’LL SEE YOU

LATER,",auto_ocr_sentiment,test
"Invincible, Vol. 1.pdf_p0178_panel_4.jpg",neutral,"=
<q N-
Iw
rw
Oy
2o",auto_ocr_sentiment,test
"Invincible, Vol. 1.pdf_p0834_panel_5.jpg",neutral,,auto_ocr_sentiment,test
"Invincible, Vol. 1.pdf_p0728_panel_0.jpg",neutral,"MOMENTS LATER,
AT THE PENTAGON.

RUNS red GLOBAL” ’ vee TT ps

, a
Co aitee J |",auto_ocr_sentiment,test
"Invincible, Vol. 1.pdf_p0228_panel_7.jpg",neutral,,auto_ocr_sentiment,test
"Invincible, Vol. 1.pdf_p0791_panel_4.jpg",neutral,,auto_ocr_sentiment,test
"Invincible, Vol. 1.pdf_p0064_panel_2.jpg",neutral,"we '#

aR",auto_ocr_sentiment,test
"Invincible, Vol. 1.pdf_p0704_panel_1.jpg",neutral,,auto_ocr_sentiment,test
"Invincible, Vol. 1.pdf_p0246_panel_3.jpg",neutral,"THE FINAL STEP WAS TO SEND A TEAM OF
REPRESENTATIVES DOWN TO THE PLANET’S
SURFACE TO ANNOUNCE OUR TAKEOVER.

THIS TEAM WOULD STAY BEHIND ON THE
PLANET, MONITORING ITS ACTIVITIES.

 

RACES WHO COOPERATED WER
GIVEN ACCESS TO OUR

TECHNOLOGIES, WHICH COULD B
USED TO IMPROVE THE QUALITY
OF LIF€ UNDER OUR RULE.",auto_ocr_sentiment,test
"Invincible, Vol. 1.pdf_p0339_panel_3.jpg",neutral,,auto_ocr_sentiment,test
"Invincible, Vol. 1.pdf_p0604_panel_1.jpg",neutral,"SOON SHE WAS
PUTTING THEM
TO GOOD USE.

THERE, |
THERE, DOGGY.
EXPERIMENT ON

SAFE, Now.",auto_ocr_sentiment,test
"Invincible, Vol. 1.pdf_p0967_panel_1.jpg",neutral,"> SQN
Ss

fi

<-> Ac y} Gg

. 6 .
2 eo
o
D .
Oo
9

 

7
~ (n
a
5 ° ~
A Loh me ' ‘
< 7 .OUN.
( y > RS oY -
og Oe
Te@ee. . 2"" 7
Paes - | =",auto_ocr_sentiment,test
"Invincible, Vol. 1.pdf_p0747_panel_6.jpg",neutral,,auto_ocr_sentiment,test
"Invincible, Vol. 1.pdf_p0832_panel_1.jpg",neutral,"BUT IT’S NOT
LIKE THAT’S ALL
I LIKED ABOUT HER.
I DIDN’T LIKE HER

JUST BECAUSE
SHE LIKED ME.
SHE’S GREAT.

AMBER
AND TI
REALLY GET
ALONG.",auto_ocr_sentiment,test
"Invincible, Vol. 1.pdf_p1086_panel_6.jpg",neutral,,auto_ocr_sentiment,test
"Invincible, Vol. 1.pdf_p0178_panel_1.jpg",neutral,"I CAN’T,
MAN... I’VE
GOT A FUNERAL
TO GO TOLATER
TODAY.",auto_ocr_sentiment,test
"Invincible, Vol. 1.pdf_p0550_panel_0.jpg",neutral,,auto_ocr_sentiment,test
"Invincible, Vol. 1.pdf_p0830_panel_5.jpg",anger,"THOUGHT
YOU SAID YOU
HAVE GIRL
PROBLEMS.

   
 
 
 

I DON’T HEAR
THE PROBLEM. YOU
JUST NEED TO PICK
ONE ANP MOVE",auto_ocr_sentiment,test
"Invincible, Vol. 1.pdf_p0981_panel_0.jpg",neutral,,auto_ocr_sentiment,test
"Invincible, Vol. 1.pdf_p0056_panel_3.jpg",surprise,"COMING RIGHT UP?! BO YOU
REALIZE HOW LONG OUR
COSTUMERS HAVE BEEN
WAITING?!",auto_ocr_sentiment,test
"Invincible, Vol. 1.pdf_p0959_panel_0.jpg",neutral,"YOU ARE OUT-_ % ’ You're %

NUMBERED, OUT- |
ELSewHeEere Z _ y ;
ad ON EARTH. CONN PIE LA »-} )
a ¢ ian
a A
‘opt",auto_ocr_sentiment,test
"Invincible, Vol. 1.pdf_p0918_panel_4.jpg",neutral,,auto_ocr_sentiment,test
"Invincible, Vol. 1.pdf_p0598_panel_9.jpg",fear,"UNTIL EVENTUALLY
DEFENDING THEM

IN ANOTHER WAY
ENTIRELY.

 

oO
oO

a <i WR AW 7",auto_ocr_sentiment,test
"Invincible, Vol. 1.pdf_p0372_panel_6.jpg",sadness,"WELCOME
BACK,
ANGSTROM.

’
l

‘\Sineees

 

Ss 7)",auto_ocr_sentiment,test
"Invincible, Vol. 1.pdf_p0104_panel_0.jpg",neutral,,auto_ocr_sentiment,test
"Invincible, Vol. 1.pdf_p0747_panel_2.jpg",neutral,,auto_ocr_sentiment,test
"Invincible, Vol. 1.pdf_p0407_panel_4.jpg",neutral,,auto_ocr_sentiment,test
"Invincible, Vol. 1.pdf_p0545_panel_4.jpg",neutral,"S LIKE,
BEFORE
? COLLEGE.
» AGO, T’LL
ALL ABOUT
, JUST--I

) APOLOGIZE
ORE T EINIGH.",auto_ocr_sentiment,test
"Invincible, Vol. 1.pdf_p0468_panel_2.jpg",neutral,,auto_ocr_sentiment,test
"Invincible, Vol. 1.pdf_p0651_panel_1.jpg",anger,"NO, SON. ILL “
ABANPON YOU. YOU ARE
THE REASON I CAN NEVER
RETURN TO EARTH. I COULD
NEVER KILL YOU--AND YOU
MAPE IT CLEAR TO ME--
THAT IS WHAT I WOULD
» HAVE TO DO TO
COMPLETE MY S0 I TURNED
MISSION. _, MY BACK ON MY
: will §CUTIES--I HAVE

BECOME A
FUGITIVE TO THE
.  VILTRUM ,
EMPRIRE. 4",auto_ocr_sentiment,test
"Invincible, Vol. 1.pdf_p1082_panel_0.jpg",anger,"7
you LL DIE SHE WAS

OR WHAT
! HAPPY! SHE’D
YOU PIP FINALLY GOTTEN

¥ YOU
> KILLED OUR
SISTER!",auto_ocr_sentiment,test
"Invincible, Vol. 1.pdf_p0912_panel_5.jpg",neutral,,auto_ocr_sentiment,test
"Invincible, Vol. 1.pdf_p0577_panel_2.jpg",neutral,,auto_ocr_sentiment,test
"Invincible, Vol. 1.pdf_p0661_panel_7.jpg",joy,"IT’S FUNNY, fT
NEVER REALIZE
IT UNTIL WE’RE
1 ALL STANDING

\ TOGETHER
LIKE THIS.

 
 
 
 
 
  
 
 
   

BM REALIZE JUST
. HOW SILLY WE",auto_ocr_sentiment,test
"Invincible, Vol. 1.pdf_p0191_panel_2.jpg",neutral,"pants. Llles

agi 2008

F oval
jost

y BELIEVE THEY
EVEN ALLOWED
YOU TO BE
BURIED
HERE.",auto_ocr_sentiment,test
"Invincible, Vol. 1.pdf_p0133_panel_1.jpg",neutral,"OH... UM...
WILLIAM
OKAY. (T IS.",auto_ocr_sentiment,test
"Invincible, Vol. 1.pdf_p0436_panel_3.jpg",neutral,"REALLY
FAR AWAY
FROM HERE...A
PLANET CALLED
VILTRUM.",auto_ocr_sentiment,test
"Invincible, Vol. 1.pdf_p0723_panel_1.jpg",neutral,,auto_ocr_sentiment,test
"Invincible, Vol. 1.pdf_p0651_panel_0.jpg",surprise,"MOVED ON!

YOU’RE JUST

ABANDONING
Me?!

IS THAT
HOW IT IS4
YOU’VE CALLED
Me HERE

TO SAY GOOP-
BYE?!

YOU SHOULD
HAVE NEVER
CONTACTED ME
AGAIN! I CAN’T
GO THROUGH

THIS TWICE! |",auto_ocr_sentiment,test
"Invincible, Vol. 1.pdf_p0400_panel_4.jpg",fear,"YOU COMING 4 1 CAN T
KEEP THIS THING OPEN
FOREVER. I KNOW WHAT
YOU’RE PROBABLY THINKING--
AND I ASSURE YOU,

I MEAN YOU
NO HARM.

       
       
   
        
 
   

YOU NEED
TO MAKE A
PECISION,
THOUGH.",auto_ocr_sentiment,test
"Invincible, Vol. 1.pdf_p0470_panel_0.jpg",surprise,"wry T'S JUST THAT NY SS OTN GOING TO DER OS PP COLLEGE, HOMEWORK, Cy",auto_ocr_sentiment,test
"Invincible, Vol. 1.pdf_p0142_panel_4.jpg",neutral,BACKWARDS,auto_ocr_sentiment,test
"Invincible, Vol. 1.pdf_p1112_panel_7.jpg",neutral,,auto_ocr_sentiment,test
"Invincible, Vol. 1.pdf_p0366_panel_7.jpg",neutral,,auto_ocr_sentiment,test
"Invincible, Vol. 1.pdf_p0271_panel_0.jpg",neutral,,auto_ocr_sentiment,test
"Invincible, Vol. 1.pdf_p1105_panel_2.jpg",neutral,,auto_ocr_sentiment,test
"Invincible, Vol. 1.pdf_p0163_panel_2.jpg",fear,"I’M LACED WITH
ENOUGH CARCINOGE
ANP LOADEP DOWN v
ENOUGH HAZARDO
MATERIALS TO MAI
DENVER GLow II
THE PARK!

 
 
 
 
 
 
   
 
 
 

YES
siree! THEY
WON’T KNOW
WHAT HIT EM",auto_ocr_sentiment,test
"Invincible, Vol. 1.pdf_p0760_panel_6.jpg",neutral,"> <
LET’S JUST

SAY ON DAYS
WHEN I USE MY
POWERS ALOT...
I CAN USE THE

BATHROOM MAYBE
SIX OR SEVEN
TIMES.",auto_ocr_sentiment,test
"Invincible, Vol. 1.pdf_p0054_panel_5.jpg",neutral,,auto_ocr_sentiment,test
"Invincible, Vol. 1.pdf_p0204_panel_0.jpg",neutral,"//
)

YOU MAY

4 } ¢
4 p
"" b : | : HAVE WON THI Ss
bY 4 6 / (i BATILE BUT THE
es ——<

WAR IS FAR
FROM OVER! THE
LIZARP LEAGUE

<a @ «
ah 107 N

<
Ne]",auto_ocr_sentiment,test
"Invincible, Vol. 1.pdf_p0892_panel_1.jpg",neutral,"WHAT AbDOUT
WILLIAM--WHY
ARE YOU TAKING

    
   
    
 
 
  
 
    

   

 

|e

  

. HE’S BEEN
INJECTED WITH AN
UNKNOWN TOXIN~-IT
SEEMS TO BE WEARING
OFF, BUT WE WANT TO
RUN SOME TESTS ON HIM,
MAKE SURE THERE
AREN'T ANY SIDE-EFFECTS.",auto_ocr_sentiment,test
"Invincible, Vol. 1.pdf_p0789_panel_3.jpg",anger,"THE TRUTH
OF THE MATTER IS

THAT I’M PROBABLY

GOING TO KILL THEM I THINK
ANYWAY. I'M GOING AFTER I’M DONE
TO JUST WAIT UNTIL I’M GOING TO GO
YOU'RE TOO TIREP TO THROUGH EVERY
PO ANYTHING ABOUT f REALITY YOU EXIST

-- , IN ANP BO IT AGAIN--
Y You WATCH. RAND AGAIN--AND

THE FACT OF AGAIN... UNTIL I'M
THE MATTER IS JUST TOO
THAT I’VE HAD TIME
TO ALLOW MY HATREP
FOR YOU TO GROW AND
GROW IT HAS. YOU
WOULPN’T BELIEVE HOW
MUCH I’M GOING TO
ENJOY WATCHING
YOU SUFFER.",auto_ocr_sentiment,test
"Invincible, Vol. 1.pdf_p0190_panel_3.jpg",anger,"tT KNOW
THAT, BUT
THAT’S NOT IT.
I’VE SEEN YOu
SOD, I’VE SEEN

YOU MOURN
BEFORE.

THIS IS
DIFFERENT.
YOU’RE ACTING
PREOCCUPIED...
DISTANT... I
CAN’T PUT MY
FINGER ON IT.",auto_ocr_sentiment,test
"Invincible, Vol. 1.pdf_p0669_panel_1.jpg",neutral,"IT WAS ALSO USED
AS 4 HAVEN FOR OUR
PEOPLE DURING THE

WARS OF TIMES PAST
BEFORE MY PEOPLE
UNITED UNDER ONE

WORLD RULER.",auto_ocr_sentiment,test
"Invincible, Vol. 1.pdf_p0302_panel_3.jpg",neutral,,auto_ocr_sentiment,test
"Invincible, Vol. 1.pdf_p0586_panel_1.jpg",anger,"THAT'S KINDA WHAT'S
BOTHERING ME--T MEAN,
I KNOW THEY WERE
TRYING TO KILL ME AND
ALL--BUT LOOK
AT THEM.

IT JUST
SOMEHOW
SEEMS LIKE...
MORE THAN
THEY
DESERVED.",auto_ocr_sentiment,test
"Invincible, Vol. 1.pdf_p1009_panel_4.jpg",neutral,,auto_ocr_sentiment,test
"Invincible, Vol. 1.pdf_p1061_panel_1.jpg",neutral,,auto_ocr_sentiment,test
"Invincible, Vol. 1.pdf_p0397_panel_5.jpg",neutral,,auto_ocr_sentiment,test
"Invincible, Vol. 1.pdf_p1067_panel_3.jpg",neutral,"NO, [T WASN'T
A CONCERN
AT ALL.",auto_ocr_sentiment,test
"Invincible, Vol. 1.pdf_p0831_panel_9.jpg",neutral,,auto_ocr_sentiment,test
"Invincible, Vol. 1.pdf_p0154_panel_2.jpg",neutral,"N . of
ON 4 Ss
CULPDILNS
: Be
SLoak

EASE",auto_ocr_sentiment,test
"Invincible, Vol. 1.pdf_p0414_panel_3.jpg",neutral,"- 2°)

a
_ ~~",auto_ocr_sentiment,test
"Invincible, Vol. 1.pdf_p0869_panel_1.jpg",neutral,,auto_ocr_sentiment,test
"Invincible, Vol. 1.pdf_p0956_panel_2.jpg",anger,"STOP--YOU WISH TO
STOP US? I ASSURE
YOU, SOLID--we CANNOT
BE STOPVED. FOR
CENTURIES WE HAVE
PWELLED AIMLESSLY,
UNAWARE OF EVEN OUR
OWN SLAVERY--
CENTURIES WE HAVE
EXISTED IN A HAZE--
MINPLESS.

CY) NV We WILL
NEVER
SUFFER
THAT FATE

ty",auto_ocr_sentiment,test
"Invincible, Vol. 1.pdf_p0806_panel_2.jpg",fear,"YOU KNOW THAT
BRINGS ME NO LIMIT
OF SATISGFACTION--BUT

THE PAIN KILLER IS
WEARING OFF AND I’M
FINDING IT HARD TO
CONCENTRATE.

     
   
       
     
 
  

  

PLEASE.
THE OPEN AIR
IS KILLING Me. J

YOU KNOW
WHAT T0 DO.",auto_ocr_sentiment,test
"Invincible, Vol. 1.pdf_p0116_panel_3.jpg",neutral,"SEE
YOU AROUND,
INVINCIBLE.",auto_ocr_sentiment,test
"Invincible, Vol. 1.pdf_p1018_panel_2.jpg",neutral,"VON'T SWEAT IT. I
COME IN THIS WINDOW
ALL THE TIME. THERE’S
HARDLY EVER ANYONE
ON THIS SIDE OF THE
BUILDING--AND THE
ODDS OF THEM LOOKING
UP AT THE RIGHT
TIME ARE",auto_ocr_sentiment,test
"Invincible, Vol. 1.pdf_p0537_panel_7.jpg",neutral,"I DION’T
KNOW ANY
OF THAT.",auto_ocr_sentiment,test
"Invincible, Vol. 1.pdf_p0687_panel_0.jpg",neutral,"IF WE STAY UP AGAINST

THIS, IT SHOULDN'T BE TOO ¥

EASY TO SPOT US FROM

. ABOVE--WE CAN--WE
. CAN FIGURE OUT OUR
NEXT Move

WE COULP GO TO THE

COULD
EASILY Hive
THERE.

) ARE THEY
CLOSE? I'‘MGOING

TO NEED TO START HELPING
MY DAP SOON. LET'S

TAKE YOU TO THESE MINES

fy",auto_ocr_sentiment,test
"Invincible, Vol. 1.pdf_p0519_panel_5.jpg",neutral,,auto_ocr_sentiment,test
"Invincible, Vol. 1.pdf_p0452_panel_2.jpg",neutral,"a AW
WT} om ;
a \

Re

J
S

p a ee ey

SUS = x ( a Ik

TAG ey el | — =
Mh 4 fo | lod D

Lt",auto_ocr_sentiment,test
"Invincible, Vol. 1.pdf_p1073_panel_0.jpg",neutral,"I'M oo,

y sorrvt We crose
Never ToLp ¥ CALL
NEVER TOLD
ANYONE.

onl

TI we
JS
Y —

UGH

»
w

Pad)
Litas LT LE .
a 5 ' i

=a ee
Ld

y

Ay
Ce

| —_____

—
J",auto_ocr_sentiment,test
"Invincible, Vol. 1.pdf_p0473_panel_3.jpg",neutral,,auto_ocr_sentiment,test
"Invincible, Vol. 1.pdf_p0131_panel_2.jpg",neutral,,auto_ocr_sentiment,test
"Invincible, Vol. 1.pdf_p0950_panel_1.jpg",surprise,"WHY VO YOU ATTACK
US?! 1S IT TRUE THAT
YOU HAVE BEEN
OVERRUN BY THIS
SLAVE RACE--THESE
SEQUIPS?",auto_ocr_sentiment,test
"Invincible, Vol. 1.pdf_p0781_panel_1.jpg",neutral,,auto_ocr_sentiment,test
"Invincible, Vol. 1.pdf_p0889_panel_2.jpg",neutral,,auto_ocr_sentiment,test
"Invincible, Vol. 1.pdf_p0214_panel_2.jpg",neutral,"YeEAn, ACTUALLY...
AMBER |S COMING
OVER TONIGHT SO WE
CAN STUDY FOR OUR
WORLD HISTORY

   
         
 
   

THAT'S",auto_ocr_sentiment,test
"Invincible, Vol. 1.pdf_p0231_panel_6.jpg",neutral,,auto_ocr_sentiment,test
"Invincible, Vol. 1.pdf_p0516_panel_2.jpg",neutral,"THAT’S

YOU ABOUT...
KINDA...
MORE OR
LESS.",auto_ocr_sentiment,test
"Invincible, Vol. 1.pdf_p0950_panel_4.jpg",neutral,,auto_ocr_sentiment,test
"Invincible, Vol. 1.pdf_p0662_panel_5.jpg",anger,"I HAVE LEARNED Yo FAM NUT Ire

THE ERROR OF THE SAME MAN
VILTRUMITE WAYS YOU FOUGHT
I SEE THE FAULTS

  
 
   
   

THOSE MONTHS
INLOGIC I BE- G

LIEVED IN FOR
CENTURIES.",auto_ocr_sentiment,test
"Invincible, Vol. 1.pdf_p0573_panel_3.jpg",neutral,,auto_ocr_sentiment,test
"Invincible, Vol. 1.pdf_p1002_panel_6.jpg",anger,"IT BRINGS ME COMF
KNOWING THAT. T Tet
I KNOW He’S NO Ret
TO ME--TI MEAN, HE’S
CHILD MY HUSBAND
ON ANOTHER PLANET
ABANPONING Ne
WANTED TO HATE H
WHAT HE REPRESE!
AT LEAST...",auto_ocr_sentiment,test
"Invincible, Vol. 1.pdf_p0613_panel_10.jpg",neutral,,auto_ocr_sentiment,test
"Invincible, Vol. 1.pdf_p1054_panel_2.jpg",neutral,"We Weke
SENT TO ASSIST }\--
YOU. PO YOU
NEED MEDICAL
ATTENTION 2

NO--JUST,
CHECK ON THE
PEOPLE IN THE

4 SHIP, MAKE eure",auto_ocr_sentiment,test
"Invincible, Vol. 1.pdf_p0009_panel_4.jpg",neutral,,auto_ocr_sentiment,test
"Invincible, Vol. 1.pdf_p0132_panel_1.jpg",neutral,,auto_ocr_sentiment,test
"Invincible, Vol. 1.pdf_p0658_panel_7.jpg",neutral,"L HEAKD WHAT

HAPPENED BE-

TWEEN YOU AND
KAT",auto_ocr_sentiment,test
"Invincible, Vol. 1.pdf_p0567_panel_0.jpg",neutral,"PO NOT ATTEMPT TO MOVE
OR REPLY. THOSE FACILITIES
WILL BE BEYOND YOUR GRASP

FOR SOME TIME--BUT
STEN.",auto_ocr_sentiment,test
"Invincible, Vol. 1.pdf_p0081_panel_6.jpg",neutral,"THE PLAN... AND

I’LL TRY TO KEEP MY
EYES OPEN FOR ANYTHING
SUSPICIOUS UNTIL THEN.",auto_ocr_sentiment,test
"Invincible, Vol. 1.pdf_p1106_panel_4.jpg",neutral,"“I’M BEING CALLED |.
AWAY. LATER--WE'LL
{SS

HAVE TO TALK ABOUT
THIS LATER.”

(

S",auto_ocr_sentiment,test
"Invincible, Vol. 1.pdf_p0131_panel_3.jpg",neutral,,auto_ocr_sentiment,test
"Invincible, Vol. 1.pdf_p0818_panel_1.jpg",neutral,"CALM VOWN, MAKE.
EVERYTHING IS FINE.
THEY’RE IN THE
INFIRMARY. WE’VE

| WHERE
9 ARE THEY?
A ARE THEY
Y2",auto_ocr_sentiment,test
"Invincible, Vol. 1.pdf_p0673_panel_0.jpg",neutral,,auto_ocr_sentiment,test
"Invincible, Vol. 1.pdf_p0770_panel_2.jpg",neutral,"RYE
CS =\4 lle */

(\

\ ie
| =¥5 | im (
wi J |

Ae 5",auto_ocr_sentiment,test
"Invincible, Vol. 1.pdf_p0750_panel_3.jpg",neutral,,auto_ocr_sentiment,test
"Invincible, Vol. 1.pdf_p0638_panel_1.jpg",neutral,"THEN
GOME BACK!
COME BACK

PLEASE!

o AKE
EVERYTHING THE

WAY IT USEP
S TO BE!

COME BACK--
PLEASE!!",auto_ocr_sentiment,test
"Invincible, Vol. 1.pdf_p0549_panel_3.jpg",neutral,,auto_ocr_sentiment,test
"Invincible, Vol. 1.pdf_p0678_panel_3.jpg",fear,"“ We WILL
y HAVE OUR CONTEST.
BUT FIKST T’LL KILL

 

OFF-SPRING!",auto_ocr_sentiment,test
"Invincible, Vol. 1.pdf_p0870_panel_1.jpg",anger,"i Leu

~ BHT Trae

if
a
EP

‘\) SUPERHERO

BROKEN
BONES FOR [CL ,

THEey’re_ \
ESCAPING? I
SUCKS AND
ALL BUT--
WHATEVER.",auto_ocr_sentiment,test
"Invincible, Vol. 1.pdf_p0331_panel_1.jpg",anger,"YOU DID WeLL
IN SAUDI ARABIA

I BELIEVE THEY Were
CALLED--DIDN’T CAUSE
MUCH DAMAGE... AND IT
WASN’T TOO LONG AN
INCIDENT. WE’RE NOT
IMPRESSED, BUT
YOUR TEAM IS

IMPROVING. 47

I’M GLAD YOU
FEEL THAT WAY
BUT I DO NOT AGREE
WITH YOUR INITIAL
ASSESSMENT OF MY
TEAM. T THINK WE
ARE MORE THAN
CAPABLE--

NO. YOUR
RESPONSE TIME
IS NEARLY HALF OF
WHAT THE ORIGINAL
TEAM BOASTED. WE
DION’T EXPECT YOU TO
COMPLETELY FILL
THEIR SHOES BUT
WE DID NOT EXPECT
YOU TO FALL SO
SHORT.",auto_ocr_sentiment,test
"Invincible, Vol. 1.pdf_p0700_panel_2.jpg",neutral,,auto_ocr_sentiment,test
"Invincible, Vol. 1.pdf_p0091_panel_3.jpg",neutral,"STUFF
IN CLASS

TODAY WAS
UNCALLED
FOR.",auto_ocr_sentiment,test
"Invincible, Vol. 1.pdf_p0758_panel_3.jpg",neutral,,auto_ocr_sentiment,test
"Invincible, Vol. 1.pdf_p0702_panel_3.jpg",neutral,,auto_ocr_sentiment,test
"Invincible, Vol. 1.pdf_p0405_panel_1.jpg",neutral,,auto_ocr_sentiment,test
"Invincible, Vol. 1.pdf_p0189_panel_0.jpg",neutral,"/

—
o-_
ass

4
—y. Ses Tn
S38 a H
yn | vi ;",auto_ocr_sentiment,test
"Invincible, Vol. 1.pdf_p0524_panel_0.jpg",neutral,,auto_ocr_sentiment,test
"Invincible, Vol. 1.pdf_p0480_panel_2.jpg",neutral,"M TAKING
A FRESHMAN
COURSE FOR THE
SECOND TIME...DON’T
TELL MY PAP.

I THINK I’M

WASTING HIS

MONEY.",auto_ocr_sentiment,test
"Invincible, Vol. 1.pdf_p0521_panel_5.jpg",neutral,"RIEND, MARK...
HAP THIS CRUSH
U SEE. YOU KNOW
AT’S LiKE. I SAT

L PAY--BUILDING
MY MIND. I HAD

Y CLASS WITH

BUT I DION’T

[OW HIM.

sot
IMAGINEP
WHO HE",auto_ocr_sentiment,test
"Invincible, Vol. 1.pdf_p0252_panel_1.jpg",neutral,"OUR EXPANSION SCREECHED
TO AN ABRUPT HALT.",auto_ocr_sentiment,test
"Invincible, Vol. 1.pdf_p0959_panel_1.jpg",neutral,,auto_ocr_sentiment,test
"Invincible, Vol. 1.pdf_p0623_panel_9.jpg",anger,"TO LET THOSE
PEOPLE vie, cea. N
LVEGOTTO
HELP.

A”

Raa.

eS

i:

JUST ASSUME
THIS IS BUILDING
SOME KIND OF
RELATION WITH AN
ALIEN CULTURE?",auto_ocr_sentiment,test
"Invincible, Vol. 1.pdf_p0622_panel_6.jpg",fear,"WELL--I'VE

 
    
    
   
   

    
     
 

SEEN A FEW
MORE ALIENS
THAN MOST --OH,
HUMANS AND I’M NOT
HAVE-- EXACTLY
HUMAN
MYSELF.

 
   

 

OF COURSE I WILL. BU
I NEED TO EXPLAIN TO f
MOTHER WHAT'S GOIN

ON ANP TELL PEOPLE

WHERE I'LL BE. WILL
YOU GIVE ME SOME

TIME TO DO
THAT?

I CAN
MEET YO!
BACK HEk
IN--TWEN’
MINUTES
OR S02",auto_ocr_sentiment,test
"Invincible, Vol. 1.pdf_p0899_panel_1.jpg",neutral,"WILL BE ABLE
REPAIR Tt

HIS LEFT
ARM HAS BEEN
SEVERED AND

DISCARDED, NOTHING
WE CAN PO BUT REPLACE
IT WITH CYBERNETICS-—
BUT WHEN WE’RE DONE,
AS LONG AS HE DOESN’T
WALK THROUGH A METAL
DETECTORK--HE SHOULD
AVPEAR ONE-
HUNPRED PERCENT
HUMAN

°

 
   
  

        
 
  
 

  

KILL THE
SPOTLIGHT.",auto_ocr_sentiment,test
"Invincible, Vol. 1.pdf_p0156_panel_0.jpg",neutral,,auto_ocr_sentiment,test
"Invincible, Vol. 1.pdf_p0958_panel_8.jpg",neutral,,auto_ocr_sentiment,test
"Invincible, Vol. 1.pdf_p0024_panel_3.jpg",neutral,,auto_ocr_sentiment,test
"Invincible, Vol. 1.pdf_p0727_panel_4.jpg",neutral,"Z

ae

>",auto_ocr_sentiment,test
"Invincible, Vol. 1.pdf_p0555_panel_0.jpg",neutral,"1 YES, HOME, oTHeRwise
KNOWN AS THE PLANET
TALESCRIA, THE CAPITAL .
OF THE COALITION OF , > FAR BELOW nee ’  aAILLIONG
PLANETS. ° : OF PEOPLE GO ABOUT THEIR
, DAILY LIVES, UNAWARE OF
HIS RETURN.

UNAWARE OF THE News ff
HE CARRIES WITH HIM.

TAY ZF

° UNAWARE OF THE nore}
PA MAY BRING THEM.
iN |

|¢ lil
: Sr ||",auto_ocr_sentiment,test
"Invincible, Vol. 1.pdf_p0809_panel_2.jpg",neutral,~,auto_ocr_sentiment,test
"Invincible, Vol. 1.pdf_p0195_panel_0.jpg",neutral,,auto_ocr_sentiment,test
"Invincible, Vol. 1.pdf_p0807_panel_0.jpg",neutral,,auto_ocr_sentiment,test
"Invincible, Vol. 1.pdf_p0753_panel_2.jpg",neutral,,auto_ocr_sentiment,test
"Invincible, Vol. 1.pdf_p0698_panel_4.jpg",anger,"& TO
ND--YOU’V
am,

BE

FOU €
KILLED Him. <i
/ Y

YS

Y
Goop. ye
BN tn |

ALWA",auto_ocr_sentiment,test
"Invincible, Vol. 1.pdf_p0880_panel_4.jpg",anger,"PON’T PO THIS, KICK--

YOU'RE HURTING MG--

ANP YOU’RE GOING

» TO LET THEM KILL
WILLIAM 2!

, 07
PO >
SOMETHING!! ;

 

4 e",auto_ocr_sentiment,test
"Invincible, Vol. 1.pdf_p0055_panel_2.jpg",neutral,"WELL.. YEAH, I
MEAN... IT’S NOT LIKE
I NEED THE MONEY,
HE MAKES ME WORK
THERE BECAUSE HE

THINKS IT BUILDS

CHARACTER.",auto_ocr_sentiment,test
"Invincible, Vol. 1.pdf_p0500_panel_3.jpg",fear,"YOU JUST NEED TO START
GATHERING YOUR DUPLICATES
HERE ANP AT THE OTHER
SITES. We COULD Be READY
TO GO AS SOON AS
TOMORROW
MORNING.

 
  
    
 
   
   

PEEL LE dad tt hid
TT Add -fn finite
7. i",auto_ocr_sentiment,test
"Invincible, Vol. 1.pdf_p0587_panel_7.jpg",neutral,,auto_ocr_sentiment,test
"Invincible, Vol. 1.pdf_p0515_panel_1.jpg",neutral,"THEY TOTALLY HAVE
ALL KINDS OF LIVE
MUSIC THERE ON THE
WEEKENDS. IT’S A
GREAT PLACE TO
HANG OUT.

 

CAFE MOCHAS, TOO. T

SWEAR MY BLOOD IS

ALMOST HALF CAFE
MOCHA SINCE THE

”,

THE
GIRL. SHE PRINKS WAY TOO
MUCH OF THAT CRAP. COREY

HERE IS GOING TO BE HANGING
AROUND THE MEN’S DORM
SEMESTER STARTED LOOKING FOR A DATE--BUT
UP. a \ THERE'S A COOL DINER JUST
\ OUTSIDE OF CAMPUS WE
m COULP GO TO. THEY’VE

GOT AWESOME

NAH, BRIDGET.
I THINK I’M GOING
TO HAVE TO CUT OUT,
T00. I'VE GOTA
MOUNTAIN OF REAPING
TO DO THIS SEMESTER,
AND SOME FIGURE
PRAWINGS DUE
TOMORROW--PLUS, THIS
IS MY PORM RIGHT HERE.",auto_ocr_sentiment,test
"Invincible, Vol. 1.pdf_p0758_panel_1.jpg",neutral,,auto_ocr_sentiment,test
"Invincible, Vol. 1.pdf_p0585_panel_2.jpg",neutral,7CUUGHI>,auto_ocr_sentiment,test
"Invincible, Vol. 1.pdf_p0260_panel_1.jpg",neutral,,auto_ocr_sentiment,test
"Invincible, Vol. 1.pdf_p0625_panel_1.jpg",neutral,,auto_ocr_sentiment,test
"Invincible, Vol. 1.pdf_p0572_panel_1.jpg",neutral,"4, FOR ANORMAL }
THAT WOULON’T
EAL, YOU’RE
?--(T'S GOOP TO
20M THE NEST--
-SHE KNOWS
COME VISIT
N A SPLIT",auto_ocr_sentiment,test
"Invincible, Vol. 1.pdf_p0280_panel_0.jpg",neutral,,auto_ocr_sentiment,test
"Invincible, Vol. 1.pdf_p0044_panel_6.jpg",neutral,,auto_ocr_sentiment,test
"Invincible, Vol. 1.pdf_p0012_panel_6.jpg",neutral,"THAT'S
NICE. CAN
YOU PASS THE
POTATOES 2",auto_ocr_sentiment,test
"Invincible, Vol. 1.pdf_p0426_panel_5.jpg",neutral,,auto_ocr_sentiment,test
"Invincible, Vol. 1.pdf_p0446_panel_3.jpg",neutral,"Annmr pope ect

tlle t",auto_ocr_sentiment,test
"Invincible, Vol. 1.pdf_p0739_panel_10.jpg",surprise,"re

    

>
ey ,

ay WS SS ke WN

Shu MS WANS NT
sit 7 ee OS SIT
-a>=

Nos . .

<) a

2X8 wh

wu Oy

= 3",auto_ocr_sentiment,test
"Invincible, Vol. 1.pdf_p0472_panel_4.jpg",neutral,"ANTA ‘
KEEV Me POSTED.
I CAN’T KEEP
ENTIRE CITIES
WORTH OF LADIES

WAITING.

I'LL Be
BACK BY
MORNING...
MAYBE.",auto_ocr_sentiment,test
"Invincible, Vol. 1.pdf_p0592_panel_0.jpg",neutral,,auto_ocr_sentiment,test
"Invincible, Vol. 1.pdf_p0934_panel_7.jpg",neutral,,auto_ocr_sentiment,test
"Invincible, Vol. 1.pdf_p0997_panel_0.jpg",neutral,"THE PENTAGON, WHERE CECIL
STEDMAN UNS THE GLOBAL
PEFENSE AGENCY, WHIC
EMPLOYS INVINCIBLE.

TMT ray

Pull",auto_ocr_sentiment,test
"Invincible, Vol. 1.pdf_p0024_panel_5.jpg",neutral,,auto_ocr_sentiment,test
"Invincible, Vol. 1.pdf_p1003_panel_3.jpg",neutral,"ie

 

We oe REAL
T’OLiKe THIS BALL AND

THAT. BUT YOU CATCH IT
HOW PO YOU
WO OU SEE? EASY.

ls |

)

iia
we",auto_ocr_sentiment,test
"Invincible, Vol. 1.pdf_p1053_panel_5.jpg",neutral,"wt

>o_.

Hw st

wet

YzZ>

Os

SOD

> Sin SYS
> =

Oo , 435

> TF >
=r HYS
> >",auto_ocr_sentiment,test
"Invincible, Vol. 1.pdf_p0531_panel_5.jpg",neutral,,auto_ocr_sentiment,test
"Invincible, Vol. 1.pdf_p0215_panel_5.jpg",neutral,,auto_ocr_sentiment,test
"Invincible, Vol. 1.pdf_p1021_panel_6.jpg",neutral,"I THINK THEY’ZE A LOG
OF ALL THE THREATS TO
THE VILTRUMITE EMPIRE
THAT MY FATHER HAS
ELIMINATED OVER

HE YEARS. TO BE
THE Y HONEST--I CAN/T

MAKE HEADS OR
TAILS OF THE STUFF--
THEY JUST READ LIKE

SCI-FI BOOKS TO ME.
I DON’T KNOW HOW TO

FIND THE THINGS

HE’S TALKING ABOUT--
OR IF THEY’RE
EVEN REAL.

THEY'RE
REAL. THEY’RE
DEFINITELY REAL.
I’VE HEARD ABOUT

Ss OF
THIS STUFF.",auto_ocr_sentiment,test
"Invincible, Vol. 1.pdf_p0752_panel_3.jpg",joy,"WE NOW RETURN TO
OUR RETROSPECTIVE
LOOK AT OUR NATION'S
SUPERHEROES. THEIR
GKEATEST MOMENTS
AND GREATEST |
SHAMES., jam

 
 
 
 
      
   

  
   

      
   

pe

Inia
ye

  
    
     
   
  
 
  
 
       
 
   
   

EE —————
It L

 
 

  

FROM BOLT
eS sey
—_ THE BEST
wy

NEXT UP IS
MARTIAN MAN. _ \
HE FIRST APPEARED
ON THE SCENE IN {£
THE LATE
SEVENTIES.

USING HIS AMAZING
SHAPE-CHANGING
ABILITIES, HE HAD A
LONG, SUCCESSFUL
CAREER IN CRIME
FIGHTING BEFORE
HE JOINED THE

GUARDIANS OF
THE GLOBE.

Se ae

——_
suPER- yf .
HEROES?Z . ;",auto_ocr_sentiment,test
"Invincible, Vol. 1.pdf_p1050_panel_0.jpg",neutral,,auto_ocr_sentiment,test
"Invincible, Vol. 1.pdf_p0210_panel_0.jpg",neutral,,auto_ocr_sentiment,test
"Invincible, Vol. 1.pdf_p0485_panel_1.jpg",neutral,,auto_ocr_sentiment,test
"Invincible, Vol. 1.pdf_p0793_panel_6.jpg",neutral,,auto_ocr_sentiment,test
"Invincible, Vol. 1.pdf_p0814_panel_0.jpg",anger,"| TELL HER You
i PON’T Love HER!
a HER YOU
HATE HER!",auto_ocr_sentiment,test
"Invincible, Vol. 1.pdf_p1007_panel_1.jpg",neutral,"ko 77

——

         
   

ae)
>

mmm ||

ne
DT ee lLLZ// | oa
Fe ee

AT (|| Ll
fi ps = “ 2 GY ia

Wi) ) a \ see
y 7 : Y

a

™“
ae
PrN i

=e
>)“

 

=|",auto_ocr_sentiment,test
"Invincible, Vol. 1.pdf_p0552_panel_1.jpg",neutral,,auto_ocr_sentiment,test
"Invincible, Vol. 1.pdf_p0791_panel_3.jpg",neutral,,auto_ocr_sentiment,test
"Invincible, Vol. 1.pdf_p0597_panel_1.jpg",neutral,"DEVAS

. \
‘ 1 ly
q gi .

( AND WHEN HE
Mf DID... HE WAS
TATED. |}",auto_ocr_sentiment,test
"Invincible, Vol. 1.pdf_p0526_panel_10.jpg",neutral,"wane = LLL 1
ke VP. |",auto_ocr_sentiment,test
"Invincible, Vol. 1.pdf_p0352_panel_0.jpg",fear,"CLAIRE, PLEASE CALL ME DEBBIE.

I WANTED TO TALK TO YOU ABOUT MY
HUSBAND. YOU SEE, I’VE NEVER REALLY
MET MANY WOMEN WHO WERE MARRIED
TO SUPERHEROES. I MEAN--AT THOSE
LITILE GET-TOGETHERS THEY’D HAVE

SOMETIMES... BUT I NEVER REALLY
GOT TO TALK TO ANY
OF THEM.

   
   
   
   
   
   
   
 
  

    
   

I JUST--
OH, HELL. I’M
JUST GOING TO GO
AHEAD AND GET IT
OVER WITH. MY
HUSBAND ISN’T",auto_ocr_sentiment,test
"Invincible, Vol. 1.pdf_p0302_panel_1.jpg",neutral,"AND IN
RETURN YOU’LL
DAKE CARE OF MY
IOM ANP I GETA
CHOLARSHIP?",auto_ocr_sentiment,test
"Invincible, Vol. 1.pdf_p0532_panel_2.jpg",fear,"LITTLE DID = Wt
I KNOW WHAT TO

 
   

TO. WHAT POORS
I WOULD BLOW

OPEN WITH MY

RESEARCH.",auto_ocr_sentiment,test
"Invincible, Vol. 1.pdf_p0332_panel_1.jpg",fear,"CONSULTANT?

AM I BEING
DEMOTED?

   

 
 
   
  
 
     
 
   
   
   
   
   
   
   
 
    

NOT YET...

    

HE’S BEING

BUT THE
, BROUGHT INAS A
Coon CONSULTANT. YOU

CAN’T BOSS HIM AROUND
ANP HE CAN’T BOSS YOU
AROUND. YOU ARE EQUALS,
BUT YOU ARE IN CHARGE
OF THE TEAM. HE’S JUST
HERE TO OFFER ADVICE,
AND ASSIST YOU IN EVERY
WAY HE CAN. YOU CAN
TAKE HIS ADVICE OR
IGNORE IT... BUT I
SUGGEST YOU TAKE IT.

TLL
ay «LEAVE YOU
GIRLS TO GET

YOu ONT

ME TO GIVE

YOUALIFT lg * KIDDING
BACK? Ps ME

TELEPORT.

BUT SiR.
WE SHOULD
ONLY USE THE
TELEPORTER IN
CASES OF EXTREME
EMERGENCY. YOU
ges IS Soe
0
ALREADY USED IT T THINK
SIX TIME 9 THIS // ADDICTED.",auto_ocr_sentiment,test
"Invincible, Vol. 1.pdf_p0607_panel_5.jpg",sadness,"“AND THE
ARE JUST
LL THEY OR
> TUFF
IHEEL-
3

ING

 
  
 
 
 
  
 
   
     
   
   
 

  

AND EVERY WN
ISSUE IT’S LIKE-- |
THEY ALMOST |
KISS OR SOME- &
THING. a

   
     
     

YEAH--T/M
UH--I’M ONE
OF THE FOLDER
CUSTOMERS. I
PON’T WANT TO
BREAY UP MY RUN.",auto_ocr_sentiment,test
"Invincible, Vol. 1.pdf_p0151_panel_3.jpg",joy,"gran
4 a
: iP ;

aaa

- eT a

ry

wand!

Va IN

‘
U

a",auto_ocr_sentiment,test
"Invincible, Vol. 1.pdf_p0539_panel_7.jpg",sadness,"Yean, OF
COURSE. SORRY
[--WHERE
WAS I2",auto_ocr_sentiment,test
"Invincible, Vol. 1.pdf_p0061_panel_0.jpg",neutral,"THAT
REALLY MEANS
ALOT COMING

DAP. , THANK ME,
rons eon. Just
THE GOOP

WORK.",auto_ocr_sentiment,test
"Invincible, Vol. 1.pdf_p0035_panel_2.jpg",neutral,,auto_ocr_sentiment,test
"Invincible, Vol. 1.pdf_p0911_panel_1.jpg",surprise,"JUST ATINY BIT

DIFFERENT, BUT
YEAH--I’ve BODY WAS fk
BEEN THROUGH PARTS OF
ALL OF WERE PRESE
TO POWER °

WHICH IS
EIGHT V
MAC!I",auto_ocr_sentiment,test
"Invincible, Vol. 1.pdf_p1101_panel_3.jpg",neutral,"VON'T WOKKY,
HE’S GONE... IT’S i
SAFE TO COME
OUT. HE WON’T
SEE YOU.

       

PTL

rl",auto_ocr_sentiment,test
"Invincible, Vol. 1.pdf_p0517_panel_4.jpg",neutral,"INE OF
> GOING TO
ANY SENSE
VN. I PROMISE
BACK LATER

T TO EXPLAIN

% TO YOU. DON’T
""ED... YOU’LL
AND AS SOON
LAIN MAYSELE.",auto_ocr_sentiment,test
"Invincible, Vol. 1.pdf_p0993_panel_2.jpg",neutral,,auto_ocr_sentiment,test
"Invincible, Vol. 1.pdf_p0541_panel_7.jpg",surprise,"NO!
I HAD NO
IPEA WHO
HAD DONE
IT.",auto_ocr_sentiment,test
"Invincible, Vol. 1.pdf_p0611_panel_0.jpg",neutral,,auto_ocr_sentiment,test
"Invincible, Vol. 1.pdf_p1003_panel_6.jpg",neutral,,auto_ocr_sentiment,test
"Invincible, Vol. 1.pdf_p0915_panel_7.jpg",neutral,"DOWLING--&A
MOVIE--We
COULD HAVE
DINNER. TI
PON’T CARE.
WE COULD PO
ALL THREE.",auto_ocr_sentiment,test
"Invincible, Vol. 1.pdf_p0269_panel_1.jpg",neutral,,auto_ocr_sentiment,test
"Invincible, Vol. 1.pdf_p0949_panel_2.jpg",neutral,,auto_ocr_sentiment,test
"Invincible, Vol. 1.pdf_p0572_panel_9.jpg",neutral,"YOU CAN
STOP RIGHT
THERE, MARK.
I DON’T NEED
TO HEAR ANY
MORE THAN ¢
THAT. «",auto_ocr_sentiment,test
"Invincible, Vol. 1.pdf_p0376_panel_3.jpg",neutral,,auto_ocr_sentiment,test
"Invincible, Vol. 1.pdf_p0724_panel_2.jpg",neutral,,auto_ocr_sentiment,test
"Invincible, Vol. 1.pdf_p0976_panel_5.jpg",neutral,"™
<
+
re
A",auto_ocr_sentiment,test
"Invincible, Vol. 1.pdf_p0581_panel_0.jpg",neutral,,auto_ocr_sentiment,test
"Invincible, Vol. 1.pdf_p0763_panel_7.jpg",neutral,"HE WAS Y AND SO

ONG OF IS SHE. I

THEM. |. MEAN, JUST
LOOK AT
HER.",auto_ocr_sentiment,test
"Invincible, Vol. 1.pdf_p0645_panel_2.jpg",sadness,"i i - tae

I CHOSE TO HIPE RATHER
THAN TURN MYSELF IN. IF I
COULP CONGUER A SIMILAR
WORLD MAYBE THEY WOULD
LESSEN MY PUNISHMENT.

a) ne . a
, on o",auto_ocr_sentiment,test
"Invincible, Vol. 1.pdf_p0342_panel_0.jpg",neutral,"es

rT Si a.
tT ad",auto_ocr_sentiment,test
"Invincible, Vol. 1.pdf_p0527_panel_2.jpg",neutral,,auto_ocr_sentiment,test
"Invincible, Vol. 1.pdf_p0280_panel_3.jpg",neutral,,auto_ocr_sentiment,test
"Invincible, Vol. 1.pdf_p0340_panel_0.jpg",neutral,,auto_ocr_sentiment,test
"Invincible, Vol. 1.pdf_p0451_panel_4.jpg",neutral,,auto_ocr_sentiment,test
"Invincible, Vol. 1.pdf_p0961_panel_2.jpg",neutral,"a a
ay Ya Lake fe 1.8
Ns AC

«iden ‘
\ 8
» a ‘@e
oe .
a
v
a .",auto_ocr_sentiment,test
"Invincible, Vol. 1.pdf_p0731_panel_4.jpg",neutral,"NO KIDDING 4 THAT
MEANS He’S BEEN
GONE FOR WHAT
THREE--FOUR
MONTHS 2",auto_ocr_sentiment,test
"Invincible, Vol. 1.pdf_p0275_panel_0.jpg",neutral,,auto_ocr_sentiment,test
"Invincible, Vol. 1.pdf_p0231_panel_8.jpg",neutral,,auto_ocr_sentiment,test
"Invincible, Vol. 1.pdf_p0870_panel_2.jpg",fear,"We’RE NOT STOPPING. ¥
WE NEEP TO PURSUE
HIM. HE SIMPLY
CAN’T GE ALLOWED
TO ESCAPE.

    
    
     
   
     
       
     
 

WE'LL SENP A PROBE
DOWN THE TUNNEL To
TRACK THEM. WE'LL

BE ABLE TO FIND
HIM--HE WON’T
GET AWAY.

 
 
 
   
 
   

    

   

I’M More HM. LOOKS

CONCERNED WITH LIKE ALL OF
THE SUPER VILLAINS \ THEM HAVE

THAT WERE LET ALReArY
LOOSE DURING ESCAPED.
POG SEISMIC’S

 
 
 
 

   

So) ee eS

     

av.

4%",auto_ocr_sentiment,test
"Invincible, Vol. 1.pdf_p0664_panel_5.jpg",neutral,"THE PRONUNCIATION
WAS JUST A BIT
DIFFERENT, AST

RECALL. CLOSER TO
“NOWL-AHN"" BUT

MORE OR LESS
THE SAME.",auto_ocr_sentiment,test
"Invincible, Vol. 1.pdf_p0611_panel_2.jpg",neutral,,auto_ocr_sentiment,test
"Invincible, Vol. 1.pdf_p0191_panel_3.jpg",anger,"SORRY F FOR You-- PULLED
SOME STRINGS SO YOU COULD
BE BURIED WITH YOUR
FELLOW VETERANS...

DON’T FEEL
SORRY FOR YOU...

I DON’T CARE
WHAT HAPPENED
TO YOUR SON TO
MAKE YOU PO
WHAT YOU
PID...",auto_ocr_sentiment,test
"Invincible, Vol. 1.pdf_p0659_panel_4.jpg",neutral,,auto_ocr_sentiment,test
"Invincible, Vol. 1.pdf_p0703_panel_4.jpg",neutral,,auto_ocr_sentiment,test
"Invincible, Vol. 1.pdf_p0436_panel_0.jpg",fear,"-

a ra ee nT TT",auto_ocr_sentiment,test
"Invincible, Vol. 1.pdf_p0514_panel_4.jpg",neutral,"PIP YOU
FORGET WHO
DROVE?",auto_ocr_sentiment,test
"Invincible, Vol. 1.pdf_p0096_panel_1.jpg",neutral,,auto_ocr_sentiment,test
"Invincible, Vol. 1.pdf_p0894_panel_8.jpg",neutral,"OR YOU’RE
. NEVER GOING
rc | CTOLAST HERE
I DON'T AT UPSTATE
KNOW WHAT UNIVERSITY.
IT IS THAT'S BO YOU
DISTRACTING YOU UNDERSTAND?
SO MUCH--MAKING fy,

CLASS, BUT YOU |
NEED TOFIGURE (OS

OUT A WAY TO
STOP IT.",auto_ocr_sentiment,test
"Invincible, Vol. 1.pdf_p1104_panel_0.jpg",anger,"MEANWHILE, AT
THE RUNDOWN
APARTMENT OF
TETHER TYRANT

a ANP MAGMANIAC.

IS THIS IT 2!
THIS WON'T

 

IN CASE YOU
HAVEN’T NOTICED--
THAT'S ALL THAT
WE CAN AFFORD!
I DID THE BEST
I COULD!",auto_ocr_sentiment,test
"Invincible, Vol. 1.pdf_p0765_panel_4.jpg",neutral,,auto_ocr_sentiment,test
"Invincible, Vol. 1.pdf_p0730_panel_1.jpg",neutral,"PO WHAT I DO BECAUSE IT’S
THE RIGHT THING TO DO. I’ve
GOT THESE POWERS AND I’M
TRYING MY BEST TO DO WHAT'S
RIGHT WITH THEM. I DON’T
DO THIS BECAUSE YOU
PAY ME.

I ALLOW IE SOMETHING
YOU TO PAY Me GOMES ALONG AND
BECAUSE YOU PUT ME I THINK IT’S THE
WHERE I NEED TO BE. RIGHT THING TO
YOU HELP ME Po MY PO--1’M GOING
JOB. YOU THINK I’p BE TOPO TIT.
AT HOME PLAYING VIDEO VOU’RE
CANE We Me Torn T TREATING ME LIKE
YING Me THIS AND YOU'RE NOT
: EVEN TELLING ME L DID

 
 
 
 
 
 
 
  
 
 
 
 
  
  
 
 

SOMETHING WRONG. ARE
YOU JUST UPSET BECAUSE
I’M NOT A GOOP LITTLE
SOLDIER TAKING ORDERS

WITHOUT ASKING
QUESTIONS?!",auto_ocr_sentiment,test
"Invincible, Vol. 1.pdf_p0311_panel_1.jpg",neutral,,auto_ocr_sentiment,test
"Invincible, Vol. 1.pdf_p1106_panel_0.jpg",neutral,"“I HAVE COMPLETE RECOLLECTION
OF EVERYTHING I’ve WITNESSED
AND EXPERIENCED SINCE THE DAY
I WAS BORN.

“SOMETHING T’VE INHERITED
FROM MY MOTHER’S SIDE.

“I REMEMBER LIVING ON MY
HOME WORLD WITH MY MOTHER

ANP OUR FATHER. IT REMEMBER |.
THE MAN HE WAS TO ALL AROUND
HIM, TO ME, MY MOTHER.”",auto_ocr_sentiment,test
"Invincible, Vol. 1.pdf_p0984_panel_4.jpg",neutral,"L'VeE BEEN THINKING ALOT
WHILE I WAS OUT IN SPACE.
LONG RIDE THERE--LONG
RIDE BACK. I’VE
BEEN THINKING—-—-
Y'KNOW...

I’M SURE
YOU CAN SEE
I DON’T THINK WHERE THIS
THIS IS RIGHT-- IS GOING.
BETWEEN US--I DON’T
THINK IT’S GOING TO LAST. a
I REALLY LIKE YOU, I DO. TI
YOU KNOW THAT. YOU'RE ,
THE FIRST GIRL I’ve EVER IT’S JUST
LOVED AND I’LL PROBABLY THAT--WE’RE

ALWAYS Love You. T NOT JOGETHER

THINK YOU’RE GREAT. I

THINK WE’RE GREAT “OFTEN.
TOGETHER.

 

aren f",auto_ocr_sentiment,test
"Invincible, Vol. 1.pdf_p0611_panel_1.jpg",neutral,"y ‘a va

oe ) ‘ 5 NO

LA i

* ) | A | P AN [

— SES S
: ICA OO

 

at eh
a | , ; BY
* a 7 RLY . '

J r",auto_ocr_sentiment,test
"Invincible, Vol. 1.pdf_p0829_panel_1.jpg",neutral,"OLV YOU YY bt
ANOTHER FOUR HOURS.",auto_ocr_sentiment,test
"Invincible, Vol. 1.pdf_p0366_panel_1.jpg",neutral,,auto_ocr_sentiment,test
"Invincible, Vol. 1.pdf_p0495_panel_0.jpg",neutral,,auto_ocr_sentiment,test
"Invincible, Vol. 1.pdf_p1108_panel_4.jpg",neutral,,auto_ocr_sentiment,test
"Invincible, Vol. 1.pdf_p0489_panel_1.jpg",fear,"NEXT TIME ONE OF YOU
REANIMEN PECIDE
TO GO OUT FOR AWALK. f
ITHAMPERS MY
PRODUCTIVITY. 4

  
  

  

o

en!
'

E tl

on

 

a",auto_ocr_sentiment,test
"Invincible, Vol. 1.pdf_p0077_panel_3.jpg",sadness,"CRAP... I REALLY
NEED TO TALK TO

WOULD
YOU LIKE Me
TO GIVE HER A
MESSAGE #

—
WAIT A
MINUTE, YOU
KNOW SHE’S
DATING REX,

[ ITIL )

NOT WHAT THIS
IS ABOUT AT ALL.",auto_ocr_sentiment,test
"Invincible, Vol. 1.pdf_p0932_panel_1.jpg",fear,"YEAH--AMBER.
OF COURSE. I
DIDN’T MEAN TO-—
I UNDERSTAND.

 
 
    
 
    

FRIENDS--
NOT--",auto_ocr_sentiment,test
"Invincible, Vol. 1.pdf_p0095_panel_8.jpg",neutral,,auto_ocr_sentiment,test
"Invincible, Vol. 1.pdf_p0460_panel_4.jpg",neutral,,auto_ocr_sentiment,test
"Invincible, Vol. 1.pdf_p0844_panel_1.jpg",sadness,"* T seme

O HERBERT HODVER

SORRY TO
TERRUPT, BUT

PUNCAN Is
EEDED IN THE",auto_ocr_sentiment,test
"Invincible, Vol. 1.pdf_p0739_panel_1.jpg",neutral,"JALLY, NO. THE
IS PEOPLE AGED
ST THEY CHOSE
OWN NAME ONCE
ERE OLD ENOUGH.
. THAT WAS ABOUT
=EK INTO THEIR
THOUGH, SO HE
IULP ALREADY
AVE PICKED
ONE.",auto_ocr_sentiment,test
"Invincible, Vol. 1.pdf_p0080_panel_5.jpg",surprise,"KIDDING.

I WISH IT
WERE JUST A
BIG MONSTER

WE COULD

PUNCH.",auto_ocr_sentiment,test
"Invincible, Vol. 1.pdf_p0322_panel_0.jpg",neutral,,auto_ocr_sentiment,test
"Invincible, Vol. 1.pdf_p0358_panel_0.jpg",neutral,,auto_ocr_sentiment,test
"Invincible, Vol. 1.pdf_p0348_panel_1.jpg",anger,"OH, HI
MISS GRAYSON.
DID YOU FORGET

SOMETHING

AT THE

OFFICE?",auto_ocr_sentiment,test
"Invincible, Vol. 1.pdf_p0249_panel_2.jpg",fear,"I WAS NOT
CONTENT TO
JUST HELP MY
PEOPLE LOCATE
OTHER WORLDS.

 

Like ALL

THE SEARCH
COMMITTEE
MEMBERS MY
AGE, I LONGED
FOR THE CHANCE
TO TAKE A MORE
ACTIVE ROLE IN
THE WORLD
CONQUERING.",auto_ocr_sentiment,test
"Invincible, Vol. 1.pdf_p0035_panel_3.jpg",neutral,,auto_ocr_sentiment,test
"Invincible, Vol. 1.pdf_p1081_panel_2.jpg",neutral,"a Hl ~
jon
{ a
H
n
NN
'",auto_ocr_sentiment,test
"Invincible, Vol. 1.pdf_p0984_panel_0.jpg",neutral,"SEE YOU
LATER, GARY. ey) =_ DUDE, THIS
MAYBE NEXT TOTALLY ISN’T
TING-- \ WHAT IT LOOKS

IT’S COOL.
DON’T WORRY
ABOUT IT.
REALLY.

I NEED
TO TALK TO |
AMBER SO... |",auto_ocr_sentiment,test
"Invincible, Vol. 1.pdf_p0017_panel_5.jpg",neutral,"CRAP,
GRIDLOCK IS
TEARING UP

THE EAST SIPE
BRIDGE! I’ve

GOT TO GO!",auto_ocr_sentiment,test
"Invincible, Vol. 1.pdf_p0676_panel_3.jpg",anger,"1 GUESS WE'LL FINP
SOMEWHERE ELSE TO
HIDE YOU AND THEN T’LL
\ GO FIND MY PAD AND
MR. TRY TO HELP HIM STOP
THESE GUYS.",auto_ocr_sentiment,test
"Invincible, Vol. 1.pdf_p0765_panel_2.jpg",joy,"- ea a g

fe “s Br,
cee , ; v “oN
cs Va 7

. .. a
. ag. e
.

rd

   

rl

A
oa |
fy",auto_ocr_sentiment,test
"Invincible, Vol. 1.pdf_p0190_panel_0.jpg",anger,"NOTES FOR ANEW
, q BOOK... ’LL PROBABLY WSS
WHAT HAVE TO KICK OUT
AKE YOU ANOTHER ONE SOON IF

DOING OVER } \ MARK’S GOING TO
THErez | - COLLEGE.",auto_ocr_sentiment,test
"Invincible, Vol. 1.pdf_p0963_panel_3.jpg",neutral,,auto_ocr_sentiment,test
"Invincible, Vol. 1.pdf_p0911_panel_4.jpg",surprise,"fe KECONCILED
E THE SPLIT-- |
EAH, I'VE BEEN

ROUGH SOME ‘
IUGH TIMES.

  
   
 
     
     

ANP I
HAP TO BO
IT ALONE.",auto_ocr_sentiment,test
"Invincible, Vol. 1.pdf_p0400_panel_0.jpg",neutral,"Wal
a BY
wer:

""hit
Wet

wer

A

J Foal fw]",auto_ocr_sentiment,test
"Invincible, Vol. 1.pdf_p0309_panel_1.jpg",sadness,"y LL...

I FEEL LIKE I SHOULD
HAVE DONE SOMETHING.
I CANNOT IMAGINE WHAT
YOU’RE GOING THROUGH.
SINCE OUR HOME WORLD

WAS DESTROYED MY
PEOPLE HAVE BEEN TAKING

STEVS TO ENSURE OUR
SURVIVAL. WE HAVE
BREEDING CAMPS ANP

CHILD RAISING é
COLONIES.

MET MY CS
FATHER. 9 at ce",auto_ocr_sentiment,test
"Invincible, Vol. 1.pdf_p0202_panel_2.jpg",neutral,"OH...
SURE...
IF YOU WANT.
YOU STILL PO
THAT #",auto_ocr_sentiment,test
"Invincible, Vol. 1.pdf_p0070_panel_2.jpg",neutral,,auto_ocr_sentiment,test
"Invincible, Vol. 1.pdf_p0211_panel_1.jpg",surprise,"WHO AKE
YOU CALLING
UGLY?!

      
  
   
 

ed

 

  
   
  

\ [Ze
—
ZO \VGFE
CEO
Ss Ak

‘ i
a
i *S
4

y",auto_ocr_sentiment,test
"Invincible, Vol. 1.pdf_p0325_panel_3.jpg",anger,"WE’RE GOING OUT, MAN

WE'RE TOTALLY A COUPLE!

AND I’VE GOT YOU AND

YOUR DAD TO THANK
FOR IT!",auto_ocr_sentiment,test
"Invincible, Vol. 1.pdf_p0253_panel_0.jpg",neutral,"UPON MY ARRIVAL, I SPENT DAYS
SURVEYING MY NEW HOME.

:

i

STILL
snasumimsaeusl
U aeeneee

es
Coo

Ee
EARTH WAS A VIBRANT NEST
OF INDIVIDUALITY THAT WAS

VERY MUCH ALIEN TO Me.

|
:",auto_ocr_sentiment,test
"Invincible, Vol. 1.pdf_p0514_panel_0.jpg",surprise,"MAN--THAT WAS 7 DON’T MENTION IT,
A GREAT FLICK. IT's VI RICK. WE DON’T

BEEN ALONG TIME i} REALLY KNOW ALL
SINCE T SAW A Movie THAT MANY PEOPLE
THAT SWEET! THANKS HERE. y",auto_ocr_sentiment,test
"Invincible, Vol. 1.pdf_p0784_panel_2.jpg",neutral,,auto_ocr_sentiment,test
"Invincible, Vol. 1.pdf_p0055_panel_6.jpg",neutral,,auto_ocr_sentiment,test
"Invincible, Vol. 1.pdf_p0494_panel_4.jpg",anger,"UNFORTUNATE.

I’ve GOT
TO MEET WITH
DONALD INA
COUPLE MINUTES.
I’LL COME BACK
TO SEE YOU
BEFORE I
GO. (",auto_ocr_sentiment,test
"Invincible, Vol. 1.pdf_p0650_panel_1.jpg",surprise,"WHAT ARE
YOu--?!
DAP?!",auto_ocr_sentiment,test
"Invincible, Vol. 1.pdf_p0357_panel_4.jpg",neutral,"aotaceceet Ml |
IDENTITY 4
HERE! _
I’M YOUR
MOTHER. I CAN
TELL WHOMEVER
I WANT. BESIDES...
THIS IS
SUPERPATRIOT’S
WIFE.

M

    

OM! T’Ve KINDA I",auto_ocr_sentiment,test
"Invincible, Vol. 1.pdf_p0454_panel_1.jpg",neutral,"IS IS

 
  
      
 
 
      
   

1ANIAC.
=EN HIM
IRNACE,
IYS ARE AND
TO HAVE LASTLY--Tt
T TIME HE’LL TETHER TYR.
PAY. = wertaINLy ‘ NOT SURE EXA
PUT YOUR WHAT IT IS TI
NAMESAKE HE POES... E
10 THE TEST, HE DOES |

INVINCIBLE.",auto_ocr_sentiment,test
"Invincible, Vol. 1.pdf_p0088_panel_4.jpg",sadness,"SORRY... THE
SIGNAL WATCH
IS IN THE SHOP.
JEEZ, WHAT PO

YOU EXPECT

HIM TO CALL",auto_ocr_sentiment,test
"Invincible, Vol. 1.pdf_p0552_panel_4.jpg",neutral,"rALL VervKe mio MMC.

i

t "" nA
MUNK
Ha N

SEA)
QS f

f)

ae
ve

. LOY
N h",auto_ocr_sentiment,test
"Invincible, Vol. 1.pdf_p0307_panel_1.jpg",surprise,"WHAT PO
YOU MEAN?
WARN ME OF

WHAT?",auto_ocr_sentiment,test
"Invincible, Vol. 1.pdf_p0351_panel_1.jpg",anger,"YOU SHOULDN’T
BE PISSED. WE PUT
YOU TOGETHER! we
BROUGHT YOU BACK
TO LIFE! IF IT WASN'T

FOR US--YOU’D STILL",auto_ocr_sentiment,test
"Invincible, Vol. 1.pdf_p0283_panel_0.jpg",neutral,,auto_ocr_sentiment,test
"Invincible, Vol. 1.pdf_p0198_panel_0.jpg",neutral,,auto_ocr_sentiment,test
"Invincible, Vol. 1.pdf_p0495_panel_4.jpg",neutral,"VIRTUALLY NONE. HER
TRANSFORMATIONS ARE
MAGICAL IN NATURE.
THAT IS SOMETHING I’M
NOT PROGRAMMED TO

COMPREHEND.",auto_ocr_sentiment,test
"Invincible, Vol. 1.pdf_p0971_panel_3.jpg",neutral,,auto_ocr_sentiment,test
"Invincible, Vol. 1.pdf_p0477_panel_2.jpg",sadness,"WwW, 1 @ ori Ge

YOU GOTTA BE MovEP

IN SOON, ANP I NEED
TO GO TO SLEEP.

MOVING YOUR
STUFF IN
HERE?

nerf

ee |) \
x SRO SAK OD NY
SSS OE RY",auto_ocr_sentiment,test
"Invincible, Vol. 1.pdf_p0213_panel_3.jpg",neutral,,auto_ocr_sentiment,test
"Invincible, Vol. 1.pdf_p0574_panel_1.jpg",neutral,"SHE
KINDA
FigugeD
(T OU

ANYWAY.",auto_ocr_sentiment,test
"Invincible, Vol. 1.pdf_p0455_panel_1.jpg",neutral,,auto_ocr_sentiment,test
"Invincible, Vol. 1.pdf_p1000_panel_1.jpg",surprise,"YEAH. I
SAW YOU ALL
OVER THE NEWS
TODAY --THAT
DOESN’T SEEM
LIKE “FALLING
APART” TO",auto_ocr_sentiment,test
"Invincible, Vol. 1.pdf_p0172_panel_1.jpg",neutral,"Me... Tina a LITLE SHAKEN BY ALL
THIS. THE NIGHT BEFORE LAST I
WAS CALLED TO THE TAILOR’S SHOP...
HE’S A CLOSE PERSONAL FRIEND OF
MINE. HE HAD BEEN DEVELOPING A
SUIT FOR SAMSON, TO RESTORE
THE POWERS HE LOST BEFORE
THE GUARDIANS KICKED

HIM OUT.

THE
SUIT HAD

BEEN
STOLEN.",auto_ocr_sentiment,test
"Invincible, Vol. 1.pdf_p0773_panel_7.jpg",neutral,,auto_ocr_sentiment,test
"Invincible, Vol. 1.pdf_p0327_panel_1.jpg",anger,"EVENTS. I'VE BEEN MADE AWARE
EVERYTHING THAT’S BEEN GOin
ON WITH YOU AND I’P LIKE TO
OFFER MY CONDOLENCES
FOR YOUR LOSS.",auto_ocr_sentiment,test
"Invincible, Vol. 1.pdf_p0274_panel_4.jpg",anger,"IM
TIRED OF
THIS GAME. IF
YOU CHOOSE TO
STAND AGAINST
Me... YOU CAN I CAN
DIE WITH ALWAYS
THEM, PRODUCE
a MORE
OFFSPRING.",auto_ocr_sentiment,test
"Invincible, Vol. 1.pdf_p0221_panel_1.jpg",anger,"THE NAME’S
INVINCIBLE.

SURE YOU
WON’T HAVE
ANY TROUBLE
REMEMBERING
IT AFTER
I KICK
YOUR--",auto_ocr_sentiment,test
"Invincible, Vol. 1.pdf_p0856_panel_2.jpg",sadness,"YOU’VE GOT
TO UNDERSTAND--
I OWE YOU FOR
STRANDING ME
DOWN HERE.",auto_ocr_sentiment,test
"Invincible, Vol. 1.pdf_p0524_panel_8.jpg",surprise,"q

WHA
UP? YOU’RE
ACTING

\ NERVOUS. ff",auto_ocr_sentiment,test
"Invincible, Vol. 1.pdf_p0293_panel_3.jpg",neutral,,auto_ocr_sentiment,test
"Invincible, Vol. 1.pdf_p0383_panel_2.jpg",neutral,,auto_ocr_sentiment,test
"Invincible, Vol. 1.pdf_p0731_panel_3.jpg",neutral,"NOTHING REALLY.
YOU KNOW HOW IT
IS. I DON’T THINK
YOUR PROFESSOR
EVEN NOTICEP YOU
WERE GONE. YOU
SHOULD BE ABLE
TO DOWNLOAD ALL
YOUR HOMEWORK
AND CATCH UP RIC
IN SHORT S",auto_ocr_sentiment,test
"Invincible, Vol. 1.pdf_p0058_panel_4.jpg",surprise,"OH, I°LL BE WASHING,
TONIGHT. HOW MANY

DISHES DID I HAVE TO
HAND BACK TO YOU
LAST NIGHT?",auto_ocr_sentiment,test
"Invincible, Vol. 1.pdf_p1080_panel_0.jpg",neutral,"SOAMI GATHERING © :
THAT YOU'RE NOT 3 \Eemeney «LOOK, I--TALKING \
NG TOGETHER 4 ABOUT THIS WITH

WITH EVE? BECAUSE

I’VE BEEN
EVE--AND IF I THOUGHT
I COULD PATCH ;
THINGS UP BETWEEN 4@

US, I WOULP.",auto_ocr_sentiment,test
"Invincible, Vol. 1.pdf_p0058_panel_5.jpg",anger,"L WAS THINKING... NOW THAT YOU Ke
AN ACTIVE SUPER-HERO, YOU’VE GOT
MORE IMPORTANT THINGS TO PO THAN
FLIP BURGERS. I DON’T SEE ANY
REASON WHY YOU GAN’T JUST QUIT.
IT’S NOT LIKE YOU EVER REALLY
NEEPEP THE MONEY. aa",auto_ocr_sentiment,test
"Invincible, Vol. 1.pdf_p0939_panel_3.jpg",neutral,,auto_ocr_sentiment,test
"Invincible, Vol. 1.pdf_p0797_panel_4.jpg",neutral,,auto_ocr_sentiment,test
"Invincible, Vol. 1.pdf_p0422_panel_7.jpg",neutral,"ASSUME

ICE YOU'RE

ow oon ee I START

S WON’T B

)MUGH OFA COLLEGE IN

ROBLEM... TWO WEEKS
AND A PAY--
WHEN WOULD

I LEAVE",auto_ocr_sentiment,test
"Invincible, Vol. 1.pdf_p0096_panel_3.jpg",neutral,,auto_ocr_sentiment,test
"Invincible, Vol. 1.pdf_p0412_panel_1.jpg",neutral,"Ww
c&
Sat!
rot
o=>
aq
i",auto_ocr_sentiment,test
"Invincible, Vol. 1.pdf_p0541_panel_3.jpg",neutral,"NO. I WATCH THE
NEWS. THERE’S A
NEW SUPERVILLAIN
ON THERE EVERY
WEEK. THE CHRO-
NOPILE, MEGA-
BRAIN, SEBASTIAN
KAHN... LI SEE
VILLAINS ON TV--
BUT NONE OF THE
GUYS YOU
MENTIONED.",auto_ocr_sentiment,test
"Invincible, Vol. 1.pdf_p0838_panel_0.jpg",neutral,,auto_ocr_sentiment,test
"Invincible, Vol. 1.pdf_p0831_panel_7.jpg",neutral,"THAT'S THE THING... T
NOW EVE LIKES ME...
ARENTLY ALOT... BUT
SHE DOESN’T KNOW
THAT I KNOW.

    
   

AND
THEN THERE’S
AMBER.",auto_ocr_sentiment,test
"Invincible, Vol. 1.pdf_p0578_panel_0.jpg",neutral,,auto_ocr_sentiment,test
"Invincible, Vol. 1.pdf_p0260_panel_3.jpg",neutral,,auto_ocr_sentiment,test
"Invincible, Vol. 1.pdf_p0185_panel_2.jpg",neutral,,auto_ocr_sentiment,test
"Invincible, Vol. 1.pdf_p0515_panel_3.jpg",neutral,"DON'T SWEAT IT, ¥
GIRLFRIEND. JUST
BECAUSE WE DON’T
DO OUR HOMEWORK
POESN’T MEAN WE

CARE IF YOU DO
IT. HAVE
FUN.",auto_ocr_sentiment,test
"Invincible, Vol. 1.pdf_p1019_panel_5.jpg",neutral,"You’Re
NOT GOING",auto_ocr_sentiment,test
"Invincible, Vol. 1.pdf_p0470_panel_2.jpg",neutral,,auto_ocr_sentiment,test
"Invincible, Vol. 1.pdf_p0203_panel_4.jpg",neutral,"IT’S ACTUALLY COLP
THEN COLP, LIKE A
COLORFUL SWEATER,
BUT YOU SHOULD
REALLY TALK NOLAN
INTO GETTING ONE OF
MY IONIC CLEANSING
MACHINES. IT’D SURE
SAVE YOU ALOT
OF WORK.

 
  
   
     
 
   

Eo ete ai",auto_ocr_sentiment,test
"Invincible, Vol. 1.pdf_p0377_panel_0.jpg",fear,"THIS ISN’T
RIGHT. I MUST
HAVE RETURNED
US TO THE WRONG
PIMENSION.

PEAR LORD.
TO WHAT HORRIBLE
PLACE HAVE YOU",auto_ocr_sentiment,test
"Invincible, Vol. 1.pdf_p0921_panel_4.jpg",neutral,,auto_ocr_sentiment,test
"Invincible, Vol. 1.pdf_p0449_panel_2.jpg",surprise,"WHOA, WHOA, WHOA!

I NEED YOUR HELP. I

AIN’T HERE FOR A FIGHT.

I NEEV YOU TO HELP ME

TAKE DOWN MACHINE

HEAD ONCE AND
FOR ALL.",auto_ocr_sentiment,test
"Invincible, Vol. 1.pdf_p0458_panel_5.jpg",neutral,,auto_ocr_sentiment,test
"Invincible, Vol. 1.pdf_p0385_panel_4.jpg",neutral,,auto_ocr_sentiment,test
"Invincible, Vol. 1.pdf_p0507_panel_3.jpg",neutral,"PLL TELL YOU ¥
ALL ABOUT IT
WHEN T GET

   
   
 
     
 
   
   
   
   
   

  
  
 
 
 

  
   
   

SOUNDS

INE, BACK TO THE i

-AND PENTAGON. ¢ BONS TO

3. WE

3. WE DISPATCH A

J FOR TEAM TO TAKE

) FOR CARE OF THOSE

HRE STIFES. I’LL

oe SEE YOU WHEN {

, YOU GET BACK 4

, m HERE. 4

OKAY. N
T’LL SEE
YOU INA FEW
MINUTES.

pe

Seni rT; fe Us ai _—s
See ae A
M4 Oar? v1

iS",auto_ocr_sentiment,test
"Invincible, Vol. 1.pdf_p1002_panel_5.jpg",neutral,"WELL, H
MOTHER'S ALIEN
RACE ONLY LIVED
FOR A MATTER
OF MONTHS.

 
  
     
     
 
 
 

THANKFUL
THAT DAD’S
VILTRUMITE DNA
WILL SLOW THAT
DOWN AS HE
GETS OLDER.",auto_ocr_sentiment,test
"Invincible, Vol. 1.pdf_p0588_panel_0.jpg",neutral,"IT WORKED-- I CAN FEEL THE KNOWLEPGE
THE PROCESS : OF A THOUSANP WORLDS
WAS A FLOWING THROUGH MY BRAIN--
MA SUCCESS. MORE INFORMATION BEGOMES
i. AVAILABLE TO ME EVERY
os SECOND--",auto_ocr_sentiment,test
"Invincible, Vol. 1.pdf_p0585_panel_0.jpg",neutral,,auto_ocr_sentiment,test
"Invincible, Vol. 1.pdf_p0364_panel_3.jpg",neutral,"ell

Wy | ‘
ita a | =
wa y
1 Sa a:",auto_ocr_sentiment,test
"Invincible, Vol. 1.pdf_p0192_panel_1.jpg",fear,"HIS SKULL?
BUT HE WOULDN’T

BE DOWN TOA ~
SKULL YET... HE’S
ONLY BEEN DEAD

A FEW DAYS.

   
 

SO? YOU
WANT TO WAIT

UNTIL THE DIRT
OVER HIM SETTLES?
OR UNTIL SOMEONE
ELSE GETS THE
IDEAZ",auto_ocr_sentiment,test
"Invincible, Vol. 1.pdf_p0226_panel_0.jpg",neutral,,auto_ocr_sentiment,test
"Invincible, Vol. 1.pdf_p0720_panel_1.jpg",neutral,"NEXT TIME I GO TO ANOTHER
PLANET, REMIND ME TO PACK
4 MORE STUFF. YOU WOULDN’T
\ BELIEVE WHAT THESE

PEOVLE USED AS
TOOTHPASTE. IT WAG...

I’M JUST
GLAD YOU’RE
OKAY.

MOM, WE
REALLY NEED
TO TALK. ON

THIS OTHER
PLANET, WELL...",auto_ocr_sentiment,test
"Invincible, Vol. 1.pdf_p0796_panel_0.jpg",neutral,,auto_ocr_sentiment,test
"Invincible, Vol. 1.pdf_p0627_panel_5.jpg",neutral,,auto_ocr_sentiment,test
"Invincible, Vol. 1.pdf_p0087_panel_1.jpg",neutral,"DJUKYKISINGLY,
YOUR PHYSICS TEACHER,
DAVIP HILES IS A FORMER
WEAPONS ENGINEER FOR
GLOBALTECH, A MILITARY

SANCTIONED RESEARCH
FIRM.

IT’S NOT
DEFINITIVE EVIDENCE
OF HIS GUILT, BUT I’M

99.8% SURE THAT
HE’S WHO YOU’RE
LOOKING
FOR.",auto_ocr_sentiment,test
"Invincible, Vol. 1.pdf_p1012_panel_0.jpg",neutral,,auto_ocr_sentiment,test
"Invincible, Vol. 1.pdf_p0835_panel_4.jpg",disgust,"A THING ABOUT
WORKING HERE
IN THE LIBRARY...
MY ROOMMATE’S
A NIGHTMARE.
AND UH... I’M
PRETTY BAD WIT.
sor LATE FINES.",auto_ocr_sentiment,test
"Invincible, Vol. 1.pdf_p0514_panel_8.jpg",neutral,"IT
CERTAINLY
SEEMS
THAT WAY,
DOESN’T
ITZ",auto_ocr_sentiment,test
"Invincible, Vol. 1.pdf_p0729_panel_10.jpg",surprise,"KIGHT 10 GO--BUT
THAT I SHOULPN’T
DO THIS

> AGAIN?

THAT’S
KINDA SILLY.

VID IT EVEN MISS

ANYTHING WHEN
I WAS GONE

MONTHS 2",auto_ocr_sentiment,test
"Invincible, Vol. 1.pdf_p0831_panel_3.jpg",disgust,"AN OLDER
VERSION OF

HER FROM
THE FUTURE
TOLD ME. 4",auto_ocr_sentiment,test
"Invincible, Vol. 1.pdf_p0713_panel_0.jpg",neutral,,auto_ocr_sentiment,test
"Invincible, Vol. 1.pdf_p0409_panel_2.jpg",neutral,,auto_ocr_sentiment,test
"Invincible, Vol. 1.pdf_p0613_panel_8.jpg",neutral,"STILL, THOUGH--IT'S
KINDA WEIRP FOR HIM
NOT TO GO BACK TO
HIS DOKM KOOM.
MAYBE WE SHOULD
ASK CHRIS IF HE’S
TALKED TO RICK’S
PARENTS.",auto_ocr_sentiment,test
"Invincible, Vol. 1.pdf_p0481_panel_1.jpg",neutral,"| SAHEMIZ |

PLEASE
TAKE YOUR
SEAT QUICKLY.
I HOPE THIS ISN’T
AN INDICATION OF |
YOUR PUNCTUALITY
INGENERAL,
. YOUNG MAN. 4",auto_ocr_sentiment,test
"Invincible, Vol. 1.pdf_p0477_panel_1.jpg",surprise,"; WHAT?
WILLIAM, ARE
YOU SCOLPING
Mez I KNOW
CLASSES START
TOMORROW. T’LL
MOVE IN WHEN
I’M GOOP ANP
READY.",auto_ocr_sentiment,test
"Invincible, Vol. 1.pdf_p0638_panel_4.jpg",sadness,"EVEN IF
I COULDP--
EARTH WOULD
NEVER HAVE ME--
NOT AFTER WHAT
I’VE DONE. I CAN
NEVER GO BACK

THERE.",auto_ocr_sentiment,test
"Invincible, Vol. 1.pdf_p0515_panel_4.jpg",neutral,,auto_ocr_sentiment,test
"Invincible, Vol. 1.pdf_p0077_panel_4.jpg",neutral,"IT’S THESE MALL
BOMBINGS. UM...
WELL... THIS IS
GOING TO SOUND
WEIRD, BUT...
SOMEONE IS
TURNING KIDS
FROM OUR
SCHOOL INTO
HUMAN

BOMBS.",auto_ocr_sentiment,test
"Invincible, Vol. 1.pdf_p0558_panel_0.jpg",neutral,"HIS ATTENTION
ELSEWHERE...

WITH HIS MISSION |
NOW COMPLETED
ALLEN NOW TURNS

 

ooo OWARP REST
/ AND RELAXATION!",auto_ocr_sentiment,test
"Invincible, Vol. 1.pdf_p0529_panel_0.jpg",neutral,,auto_ocr_sentiment,test
"Invincible, Vol. 1.pdf_p0753_panel_8.jpg",neutral,"GO RIGHT
IN. I’LL Give
YOU THE",auto_ocr_sentiment,test
"Invincible, Vol. 1.pdf_p0769_panel_2.jpg",neutral,,auto_ocr_sentiment,test
"Invincible, Vol. 1.pdf_p1040_panel_3.jpg",neutral,"“FUNDAMENTAL
DIFFERENCES 2”

     
 
   

YOU",auto_ocr_sentiment,test
"Invincible, Vol. 1.pdf_p0255_panel_4.jpg",neutral,"2 FOUN? MYSELF ON AVVENTUKE

AFTER ADVENTURE AFTER A TIME, — ""
I REALIZED THAT MY TRUE MOTIVES I WAS LIV'NG THE LIE A BIT TOO WELL.
HAD BEGUN TO SLIP FROM MY MIND. |",auto_ocr_sentiment,test
"Invincible, Vol. 1.pdf_p0763_panel_3.jpg",neutral,"I DON’T I Mes
KNOW. FINE. KNOW
WHAT DO YOU / RELA;

MEANZ IT Me",auto_ocr_sentiment,test
"Invincible, Vol. 1.pdf_p0227_panel_6.jpg",neutral,,auto_ocr_sentiment,test
"Invincible, Vol. 1.pdf_p0774_panel_6.jpg",neutral,AS FAST AS,auto_ocr_sentiment,test
"Invincible, Vol. 1.pdf_p0970_panel_0.jpg",sadness,"NEEDS TO DO
SOMETHING!",auto_ocr_sentiment,test
"Invincible, Vol. 1.pdf_p0986_panel_1.jpg",neutral,,auto_ocr_sentiment,test
"Invincible, Vol. 1.pdf_p0681_panel_5.jpg",neutral,"GOOD. I'VE GOT MY POWERS
BACK. I’VE BEEN WORSE. MY
POWER LEVELS ARE BACK
DOWN TO NORMAL. OR WHAT

TH RE BEFOR
EY WERE BE ety

BEING IN THE COMA, IT GAVE
MY BODY A CHANCE TO HEAL--
RESET ITSELF OR SOMETHING.
ALL THAT TIME WITHOUT POWERS
SORT OF BUILD UP IN ME, GAVE ME
THAT SUPDEN BURST OF EXTRA
POWER NEEDED TO PUSH

OMNIPOTUS BACK INTO
HIS UNIVERSE.

le LOST THEM. gp
AWE

BS SON | ‘
OO
Rees / SSN

Y¥ BUT IT’S GONE
Now. I’M BACK TO
BEING REGULAR
OLD BLACK
~ SAMSON.",auto_ocr_sentiment,test
"Invincible, Vol. 1.pdf_p0912_panel_0.jpg",neutral,"Sere .
ea
= ="")

o
t
<
¢
ty
w
>
0

i
W
wy
VW
5
v",auto_ocr_sentiment,test
"Invincible, Vol. 1.pdf_p0545_panel_0.jpg",neutral,"WITH ALL THAT--ALL
THIS SUPERHERO
STUFF--HOW DO YOU
EVEN HAVE TIME
TO GO TO
SCHOOL?

e
¥

0
Y

NN \

=",auto_ocr_sentiment,test
"Invincible, Vol. 1.pdf_p0236_panel_6.jpg",neutral,,auto_ocr_sentiment,test
"Invincible, Vol. 1.pdf_p0431_panel_0.jpg",sadness,"eo hag 2 My, nh
TN

x
a

ia
a

a

id

~
Pn",auto_ocr_sentiment,test
"Invincible, Vol. 1.pdf_p0719_panel_5.jpg",neutral,,auto_ocr_sentiment,test
"Invincible, Vol. 1.pdf_p0261_panel_3.jpg",neutral,,auto_ocr_sentiment,test
"Invincible, Vol. 1.pdf_p0622_panel_1.jpg",anger,"WE'RE AIMING A
SATELLITE AT YOU
RIGHT NOW--SEE
IE YOU CAN GET
HIM TO TAKE OFF
THE MASK SOWE |
CAN GET A SHOT f

OF HIM.

THEN
WE CAN
COMPARE IT
TO KNOWN
ALIEN RACES
. IN OUR DATA-
>» BASE.",auto_ocr_sentiment,test
"Invincible, Vol. 1.pdf_p0999_panel_4.jpg",neutral,,auto_ocr_sentiment,test
"Invincible, Vol. 1.pdf_p0923_panel_2.jpg",neutral,"WELL, IT'S
GOOD TO SEE
YOU. YOU WANT
SOMETHING
TO PRINK
HAVE YOU",auto_ocr_sentiment,test
"Invincible, Vol. 1.pdf_p0053_panel_1.jpg",fear,"YOU'RE TOTALLY CLUELESS! WHY
PO YOU THINK TOPP JEFFERSON
WOULD Be NICE TO

YOU?

 
    
  
   

OFF THE TOP
OF MY HEAD... I THINK
IT MAY HAVE SOMETHING
TO 0O WITH YOU BEING AN
EXTREMELY ATTRACTIVE GIRL.",auto_ocr_sentiment,test
"Invincible, Vol. 1.pdf_p0637_panel_3.jpg",neutral,,auto_ocr_sentiment,test
"Invincible, Vol. 1.pdf_p0830_panel_0.jpg",neutral,"A BUNCH OF STUFF. Y¥
STUFF TI CAN’T TALK TO
MY MOM ABOUT... AND
MY FRIEND WILLIAM IS

BEING A JERK RIGHT

NOW... SO YOU GOT

' NOMINATED

GOOD TO
KNOW I’M

SO T REALLY PON’T
HAVE ANYONE ELSE
TI COULD TALK TO. i
I’D REALLY
APPRECIATE IT. IT’S GIRL

gg STUFF.",auto_ocr_sentiment,test
"Invincible, Vol. 1.pdf_p0526_panel_5.jpg",neutral,"MARK’S
HIGH SCHOOL--
MARK’S
COLLEGE.

W
9
=
iW
&
S
z
9
y",auto_ocr_sentiment,test
"Invincible, Vol. 1.pdf_p0823_panel_6.jpg",neutral,"TOU LOCK min
AND ARE ADOP
HIM, DESPITE

FACT THAT HE
\ NO BLOOP RELJ
. TO YOU. I TH
-RED THAT ABOU
LD. COVERS IT
N

1M
HE

    
  
  
  

PID I
LEAVE
ANYTHING

OUT?",auto_ocr_sentiment,test
"Invincible, Vol. 1.pdf_p0206_panel_2.jpg",anger,"EVE! MARK!
I’M $0 GLAD I
FOUNP YOU. We’RE
HAVING TRYOUTS FOR

THE NEW GUARPIANS
OF THE GLOBE TODAY
ANP T’D LIKE YOU
BOTH TO Be",auto_ocr_sentiment,test
"Invincible, Vol. 1.pdf_p0227_panel_1.jpg",neutral,"$0 T’LL

See YOU IN WOULDN’T
PHYSICS MISS IT FOR
LATER? THE WORLD.

 

iol]

r
i
a
rl
|
]
|
{

ee eed",auto_ocr_sentiment,test
"Invincible, Vol. 1.pdf_p0322_panel_4.jpg",neutral,,auto_ocr_sentiment,test
"Invincible, Vol. 1.pdf_p0348_panel_5.jpg",neutral,"NOT. LUNDERSTAND... ° I’LL MEET YOU AT THE COFFEE
f FATHER A FEW YEARS SHOP ON THE FIRST FLOOR. I’ve
KNOW WHAT YOU’RE GOT A MEETING, BUT T’LL Be

ING THROUGH. DOWN IN ABOUT AN",auto_ocr_sentiment,test
"Invincible, Vol. 1.pdf_p0092_panel_2.jpg",neutral,,auto_ocr_sentiment,test
"Invincible, Vol. 1.pdf_p0999_panel_2.jpg",neutral,"I KNEW IT--READING
THOSE STUPID BOOKS
AGAIN, IF YOU’RE HERE
AT ALL, YOU’RE READING
THOSE STUPID BOOKS.
I SWEAR YOU MUST
HAVE READ THOSE

\N
SIX TIMES EACH
. BY Now. :
Yen

 
     

IT'S
RIPICULOUS.

       
         
     

 

 

IMPORTANT, }
S OMASIET CAAA. s",auto_ocr_sentiment,test
"Invincible, Vol. 1.pdf_p0665_panel_3.jpg",neutral,"BETWEEN THE TWO OF
US, WE MIGHT STAND
A CHANGE.",auto_ocr_sentiment,test
"Invincible, Vol. 1.pdf_p0525_panel_6.jpg",neutral,"tT
Ml

(ACO)
nn
peg

|",auto_ocr_sentiment,test
"Invincible, Vol. 1.pdf_p1084_panel_2.jpg",neutral,,auto_ocr_sentiment,test
"Invincible, Vol. 1.pdf_p0048_panel_0.jpg",neutral,"ta ™ ~ 4«, “ —
a a a a ett men ae
. . ri a - re ""
L: | Pines;
ee etd ied i
1 ap ner es Pee odin > .
a "" 1

f .

“ L
a — te
a
. . i]

we ANS
= ny eS ety, SE

= Se 14 a) a,

—

Hy
a
_———t— ——+
=
a
a
time etial

 

] ° :
. ~
. ~ °
. . °
. . . ’
-* . an e",auto_ocr_sentiment,test
"Invincible, Vol. 1.pdf_p0894_panel_6.jpg",neutral,,auto_ocr_sentiment,test
"Invincible, Vol. 1.pdf_p0711_panel_4.jpg",neutral,,auto_ocr_sentiment,test
"Invincible, Vol. 1.pdf_p0176_panel_3.jpg",neutral,"VJeed, NALS NO Weal Lt
MEANT... AND I DIPN’T BLOW
UP MISTER HILES, HE BLEW

SELF D KEE",auto_ocr_sentiment,test
"Invincible, Vol. 1.pdf_p0664_panel_8.jpg",neutral,"TAAL, THOUGH,
POESN’T HELP
AN

APOLOGY
JUST ISN’T
GOING TO",auto_ocr_sentiment,test
"Invincible, Vol. 1.pdf_p0279_panel_1.jpg",neutral,,auto_ocr_sentiment,test
"Invincible, Vol. 1.pdf_p0836_panel_4.jpg",neutral,"IT WAS... GOOP FOR
ME, TOO... SEEING
HIM LIKE THAT.
KNOWING THE FATHER
I KNEW WASN’T A
COMPLETE",auto_ocr_sentiment,test
"Invincible, Vol. 1.pdf_p1083_panel_6.jpg",neutral,,auto_ocr_sentiment,test
"Invincible, Vol. 1.pdf_p0792_panel_0.jpg",anger,"HAS
D.

NOW HE OPENS
ANOTHER PORTAL AS
SOON AS I COME OUT

OF ONE. I DON’T EVEN
SEE HIM. I DON’T SEE
Y MOM OR MY BROTHER.
I DON’T KNOW WHAT’S 4
3 GOING ON.

\LIZING THIS
G. I HAVE TO
A WAY TO STOP v
T HIM PUTTING A
ZONT OF ME...
POES SOMETHING

¥ PCOP | @",auto_ocr_sentiment,test
"Invincible, Vol. 1.pdf_p1055_panel_0.jpg",neutral,,auto_ocr_sentiment,test
"Invincible, Vol. 1.pdf_p0530_panel_7.jpg",neutral,,auto_ocr_sentiment,test
"Invincible, Vol. 1.pdf_p0731_panel_1.jpg",surprise,"ANP HERE I
THOUGHT YOU
WERE HERE TO
See ME?",auto_ocr_sentiment,test
"Invincible, Vol. 1.pdf_p0120_panel_0.jpg",neutral,,auto_ocr_sentiment,test
"Invincible, Vol. 1.pdf_p0494_panel_0.jpg",anger,Ma SLU ass,auto_ocr_sentiment,test
"Invincible, Vol. 1.pdf_p0664_panel_0.jpg",anger,"THE MODERN VILTRUM ) F ozone To

, LW:
IVILIZATION IS BUILT
| : VILTRUM LAW--THIS
| AROUND THE NOTION OF CHILD, YOUR BROTHER, |
WOULD BE EXECUTED |

    

Me Se PL PLATTS
be POWER REV ARE DETECTED IN AN INDIVIPUAL
THEY ARE TO BE EXECUTEP

Il] THE LOSER OF A FIGHT IS

KILLED--THEN HE WAS WEAK,
AND PESERVED To Die. THE /
WINNER IS AWARPEDP A MEDAL 4
FOR STRENGTHENING VC@
THE EMPIRE. :",auto_ocr_sentiment,test
"Invincible, Vol. 1.pdf_p0856_panel_1.jpg",anger,"BUT YOU--
I CAN’T BELIeve
I’VE GOTTEN THE

CHANCE TO RUN
INTO YOU AGAIN.
(T'S--IT’S LIKE
FATE.",auto_ocr_sentiment,test
"Invincible, Vol. 1.pdf_p0460_panel_5.jpg",neutral,,auto_ocr_sentiment,test
"Invincible, Vol. 1.pdf_p1110_panel_4.jpg",neutral,"t

SS

{
rr”
wo

PALL
bw [| i vy
. - yy <5 i
Al e
SS [| |
yp © fg Fi C2 NJ
;
w 4 — |
_ oO
ee TS \s
<a C7 . ne ‘
_2 Y le : \
. ~ r OS a 7
=H
_ A",auto_ocr_sentiment,test
"Invincible, Vol. 1.pdf_p0526_panel_0.jpg",neutral,OUT THE,auto_ocr_sentiment,test
"Invincible, Vol. 1.pdf_p0434_panel_3.jpg",anger,"AVUUING TO. AAR

YOU GUYS
SPEAKING
ENGLISH?!",auto_ocr_sentiment,test
"Invincible, Vol. 1.pdf_p0089_panel_2.jpg",neutral,,auto_ocr_sentiment,test
"Invincible, Vol. 1.pdf_p0090_panel_1.jpg",anger,"Yes... fT. I
CAN’T THINK OF
A MORE FITTING
SEGUE INTO MY

CONFESSION...

YOU SEE... IT
WAS THE CONSTANT

PESTERING AND BELITTLING
FROM THINGS LIKE WHAT YOU
SEE BEFORE YOU THAT CAUSED

MY SON TO COMMIT SUICIDE.
MY SON’S SUICIDE RESULTING

IN MY PIVORCE... AND MY

PIVORCE LED TO ME
LOSING MY JOB.",auto_ocr_sentiment,test
"Invincible, Vol. 1.pdf_p0300_panel_0.jpg",joy,"\
rr Toy
mH — =

163 rT ae
guait rt wi ;

 
  
  
  
 
   
       
   
   

   
 

3 .
- i '
al
a_i

1

  
 
   
 

    

eo : Wea wh
—_ y// \\ f KO NS
——— A Se |

tn,
AD

 

    
 

i

 

LIGHTS.",auto_ocr_sentiment,test
"Invincible, Vol. 1.pdf_p0093_panel_2.jpg",neutral,,auto_ocr_sentiment,test
"Invincible, Vol. 1.pdf_p0020_panel_2.jpg",neutral,,auto_ocr_sentiment,test
"Invincible, Vol. 1.pdf_p0142_panel_2.jpg",neutral,"NOT
VREPARED
TO DEAL
WITH THIS

TONIGHT.",auto_ocr_sentiment,test
"Invincible, Vol. 1.pdf_p0395_panel_2.jpg",surprise,"WHY DON’T
WE JUST GO TO
BURGER MART?#
WE KNOW THEY’RE
STILL OVEN AND T THINK
THEY’RE CHEAPER
THAN SHAKE
DELUXE.",auto_ocr_sentiment,test
"Invincible, Vol. 1.pdf_p0177_panel_1.jpg",fear,"YEP--
DEREK SANDERS.
I CAN’T BELIEVE
YOU DIDN’T KNOW

THIS WAS HIS FIRST
DAY BACK. THE
WHOLE SCHOOL IS
TALKING ABOUT

 

WHAT’S IT BEEN-- A
MONTH-- MONTH AND
A HALF? THE GUY HAD
MOST OF HIS ORGANS

REARKANGEP AND

TURNED INTO BOMB
TIMERS... I FIGURED
He’D BE OUT THE
REST OF THE

YEAR!

 
      
   
   
   
     
   
    
 
  

I READ IN THE NEWSPAPER
THAT ALL THE JUNK THAT WAS
PUT IN HIM IS KEEPING HIM
ALIVE. ALL THE BOMB STUFF
WAS TAKEN OUT AND NOW

HE'S PETTY MUCH BACK
TO NORMAL... ASIDE
FROM HAVING A MAN

METAL TORSO. YOU SAVED HIS
LIFE WHEN YOU
STOPPED MISTER

HILES. HE’S PROBABLY

COMING OVER HERE
TO THANK You.

 
 
   

HE POESN’T KNOW
WHO I AM, WILLIAM,
JEEZ, WILL You
KEEP IT DOWN!",auto_ocr_sentiment,test
"Invincible, Vol. 1.pdf_p0527_panel_1.jpg",neutral,,auto_ocr_sentiment,test
"Invincible, Vol. 1.pdf_p0183_panel_0.jpg",neutral,,auto_ocr_sentiment,test
"Invincible, Vol. 1.pdf_p1034_panel_1.jpg",neutral,"THey NN
WERE UNDER \
THE COUGH",auto_ocr_sentiment,test
"Invincible, Vol. 1.pdf_p0625_panel_8.jpg",neutral,,auto_ocr_sentiment,test
"Invincible, Vol. 1.pdf_p0933_panel_3.jpg",anger,"NO EXCEPTIONS
MAPE--MY
PECISIONS ARE
FINAL.",auto_ocr_sentiment,test
"Invincible, Vol. 1.pdf_p0536_panel_3.jpg",fear,"NO--T
KNOW Ha
THING Hé
I WANT Te
ABOUT Y<
TO KI
A

 
  
  
 
   
  
  
  
 
   

YOU’VE
IST OF
= NEWS.
W ME--
ERHERO
IS ALL
ISED.",auto_ocr_sentiment,test
"Invincible, Vol. 1.pdf_p0032_panel_0.jpg",neutral,"lt eeeenemteeeesns seater ronan
fo .

 

g
y
Cu.
<I
>
=",auto_ocr_sentiment,test
"Invincible, Vol. 1.pdf_p0456_panel_1.jpg",neutral,,auto_ocr_sentiment,test
"Invincible, Vol. 1.pdf_p0481_panel_3.jpg",neutral,,auto_ocr_sentiment,test
"Invincible, Vol. 1.pdf_p0278_panel_5.jpg",neutral,,auto_ocr_sentiment,test
"Invincible, Vol. 1.pdf_p0198_panel_1.jpg",neutral,,auto_ocr_sentiment,test
"Invincible, Vol. 1.pdf_p0870_panel_0.jpg",anger,"I HAVE NOTHING
TO PROVE Here!
KILLING EVERY ONE
OF YOU WOULD

BRING ME NO
MEASURE OF
JOY!

   
 

AR
ME, MINIONS!
OUR TIME
HERE IS
PONE!",auto_ocr_sentiment,test
"Invincible, Vol. 1.pdf_p1063_panel_2.jpg",anger,"S0, YOUR FATHER
WAS TAKEN INTO
CUSTODY THEN? THE
VILTRUMITES TOOK

YEAH, THEY
TOOK HIM AWAY--
SAID HE WAS
GOING TO BE
EXECUTED.

 

I STILL CAN’T
BELIEVE HE FOUGHT
AGAINST THEM--
THAT’S JUST... I DON’T
KNOW. WE DON’T REALLY
HEAR ALOT ABOUT
ROGUE VILTRUMITES--
THIS IS--IT’S
JUST REALLY
INTERESTING.",auto_ocr_sentiment,test
"Invincible, Vol. 1.pdf_p0957_panel_4.jpg",neutral,"QUICKLY --KILL
THE SEQUIPS IN
HERE WITH US ' WHAT
BEFORE THEY DID YOU Pa
COME TO. a

TO THEM?",auto_ocr_sentiment,test
"Invincible, Vol. 1.pdf_p0006_panel_3.jpg",neutral,,auto_ocr_sentiment,test
"Invincible, Vol. 1.pdf_p1075_panel_1.jpg",neutral,,auto_ocr_sentiment,test
"Invincible, Vol. 1.pdf_p0506_panel_2.jpg",neutral,,auto_ocr_sentiment,test
"Invincible, Vol. 1.pdf_p1035_panel_5.jpg",neutral,,auto_ocr_sentiment,test
"Invincible, Vol. 1.pdf_p0376_panel_2.jpg",surprise,"WHAT

IN THE
WORLP WAS

THAT?",auto_ocr_sentiment,test
"Invincible, Vol. 1.pdf_p0245_panel_2.jpg",fear,"WHEN THE VPUST SETTLED OUK
POPULATION HAD BEEN CUT
NEARLY IN HALF... BUT WHAT
EMERGED FROM THE ASHES OF
OUR OLD SOCIETY WAS A FIERCE,
UNBEATABLE WARRIOR RACE.

   
       
     
 
   
 
 
   
 
 
  
   

ONCE OUR BATTLE-SCARRED PLANET HAD BEEN
REPAIRED... WE SET OUR SIGHTS OUTWARD. IT
WAS PROPOSED THAT WE BRING OUR NEW
WORLD ORDER TO OTHER WORLDS.

OUR GOAL WAS TO ESTABLISH AND
EXVAND A PLANETARY EMPIRE.

i ee!

>

    
        

IT WAS AGREED UPON UNANIMOUSLY.",auto_ocr_sentiment,test
"Invincible, Vol. 1.pdf_p0022_panel_0.jpg",neutral,"PRINCIPAL'S

OFFICE",auto_ocr_sentiment,test
"Invincible, Vol. 1.pdf_p0738_panel_2.jpg",neutral,,auto_ocr_sentiment,test
"Invincible, Vol. 1.pdf_p0833_panel_2.jpg",neutral,,auto_ocr_sentiment,test
"Invincible, Vol. 1.pdf_p0010_panel_0.jpg",neutral,,auto_ocr_sentiment,test
"Invincible, Vol. 1.pdf_p0977_panel_2.jpg",neutral,,auto_ocr_sentiment,test
"Invincible, Vol. 1.pdf_p0054_panel_0.jpg",neutral,,auto_ocr_sentiment,test
"Invincible, Vol. 1.pdf_p0401_panel_0.jpg",anger,"IS THIS
SOME KIND OF

 

THE INVASION WHILE
wm, WE WERE INCARCERATED |

BUT WE HAD NO IDEA
THE DAMAGE WAS
~ THIS SEVERE.",auto_ocr_sentiment,test
"Invincible, Vol. 1.pdf_p0901_panel_5.jpg",anger,"I’M GLAD YOU BROUGHT THAT UP.
I HAVEN‘T STOPPER WORKING ON I THINK I MAY ACTUALLY
CURING YOUR AGING PROBLEM-- Be ABLE TO CURE YOU--

IN FACT, I’VE RECENTLY MADE _A_ IF IT WORKS, YOU'LL Be
A BREAKTHROUGH. me AGING NORMALLY IN

: ii f 5 P PONT TAKE
. ) \ M7 THIS THE WRONG \
\ XS eer |
| \ SG ) eS = (a

BEEN LIKE THIS
FORALONG
TIME.",auto_ocr_sentiment,test
"Invincible, Vol. 1.pdf_p0366_panel_4.jpg",neutral,,auto_ocr_sentiment,test
"Invincible, Vol. 1.pdf_p0222_panel_2.jpg",neutral,,auto_ocr_sentiment,test
"Invincible, Vol. 1.pdf_p0791_panel_5.jpg",neutral,,auto_ocr_sentiment,test
"Invincible, Vol. 1.pdf_p0561_panel_1.jpg",neutral,,auto_ocr_sentiment,test
"Invincible, Vol. 1.pdf_p1096_panel_2.jpg",anger,"A MEMBER
CANNOT ALLOW

OT
ANYONE UNDER THE
PROTECTION OF
ANOTHER MEMBER ,
y BE HELD BY THEIR 4
ae GOVERNMENT.

THOSE
ARE THE Jf
RULES. YOU
UNDERSTAND
THE RULES,
DON’T

YOU--4",auto_ocr_sentiment,test
"Invincible, Vol. 1.pdf_p0329_panel_4.jpg",surprise,"OH, COME
GUYS! IT’S
THAT HARE
BELIEVE. €
ANP I ARE",auto_ocr_sentiment,test
"Invincible, Vol. 1.pdf_p0363_panel_3.jpg",anger,"FRUST Me LM reeliNnes
ENOUGH PAIN JUST LISTENING
TO YOU RAMBLE. “FEEL THE FURY \

OF FURNACE 2"" I MEAN REALLY. Do

4 YOU KNOW HOW MANY TIMES t’ VE

HEARD “FEEL THE puRy or"" IN

THE LAST MONTH

THE GUYS THAT aoe
IT--SHEESH!

   
   
 
   
   
   
   
 
 

 
 

         
 

   
 

£ AS
= 2

  
   
   

LET’S
JUST SAY
YOU'RE NOT

IN GOOD
COMPANY.",auto_ocr_sentiment,test
"Invincible, Vol. 1.pdf_p0829_panel_6.jpg",neutral,"FOR YOU?
OF COURSE
I DO.",auto_ocr_sentiment,test
"Invincible, Vol. 1.pdf_p0017_panel_3.jpg",neutral,,auto_ocr_sentiment,test
"Invincible, Vol. 1.pdf_p0536_panel_9.jpg",neutral,,auto_ocr_sentiment,test
"Invincible, Vol. 1.pdf_p0316_panel_1.jpg",neutral,"THE ADVANCED
AGING WASN’T THIS
IMMEDIATE LAST TIME. THE
ACCELERATED TIME MUST
ACCUMULATE WHILE THEY’RE
HERE... AND THE BANDS
JUST BLOCK THE
SIDE EFFECTS.",auto_ocr_sentiment,test
"Invincible, Vol. 1.pdf_p0576_panel_0.jpg",neutral,,auto_ocr_sentiment,test
"Invincible, Vol. 1.pdf_p0522_panel_10.jpg",neutral,"t
' DON’T KNOW
ANYTHING
EITHER. MY
PARENTS ARE

DID YOU?",auto_ocr_sentiment,test
"Invincible, Vol. 1.pdf_p0537_panel_0.jpg",neutral,"OKAY--YOU KNOW
NOW THAT MY PAD
WAS OMNI-MAN,
THE DEFENDER OF
DEMOCRACY OR
WHATEVER
THEY CALLED",auto_ocr_sentiment,test
"Invincible, Vol. 1.pdf_p0817_panel_3.jpg",surprise,"y MY MON--_
MY BROTHER?! }
WHERE ARE f
THEY 2! a",auto_ocr_sentiment,test
"Invincible, Vol. 1.pdf_p0544_panel_3.jpg",anger,"CALLED CECILZ
OH, NO--HE’S A
SPOOKY GOVERN-
MENT GUY--REALLY

NICE THOUGH. fT
LIKE HIM.",auto_ocr_sentiment,test
"Invincible, Vol. 1.pdf_p0476_panel_11.jpg",neutral,,auto_ocr_sentiment,test
"Invincible, Vol. 1.pdf_p0634_panel_0.jpg",neutral,,auto_ocr_sentiment,test
"Invincible, Vol. 1.pdf_p0830_panel_1.jpg",neutral,"NY
SPECIALTY.",auto_ocr_sentiment,test
"Invincible, Vol. 1.pdf_p1025_panel_3.jpg",neutral,,auto_ocr_sentiment,test
"Invincible, Vol. 1.pdf_p0555_panel_3.jpg",neutral,,auto_ocr_sentiment,test
"Invincible, Vol. 1.pdf_p0400_panel_5.jpg",neutral,"\ -— . “|
OU’VE
MADE A WISE
CHOICE. f
} AN)
)

i ,
ai
oS
C_",auto_ocr_sentiment,test
"Invincible, Vol. 1.pdf_p0302_panel_0.jpg",neutral,,auto_ocr_sentiment,test
"Invincible, Vol. 1.pdf_p0237_panel_3.jpg",neutral,,auto_ocr_sentiment,test
"Invincible, Vol. 1.pdf_p0786_panel_2.jpg",neutral,,auto_ocr_sentiment,test
"Invincible, Vol. 1.pdf_p0201_panel_6.jpg",neutral,,auto_ocr_sentiment,test
"Invincible, Vol. 1.pdf_p0456_panel_0.jpg",neutral,,auto_ocr_sentiment,test
"Invincible, Vol. 1.pdf_p0518_panel_4.jpg",neutral,,auto_ocr_sentiment,test
"Invincible, Vol. 1.pdf_p0879_panel_3.jpg",neutral,,auto_ocr_sentiment,test
"Invincible, Vol. 1.pdf_p0405_panel_5.jpg",neutral,"WITH
EVERYTHING
CECIL’S GOT ME
DOING. I DON’T
KNOW IF LT HAVE
TIME FOR
COLLEGE.

t",auto_ocr_sentiment,test
"Invincible, Vol. 1.pdf_p0089_panel_7.jpg",anger,",

I’LL SHOW
YOU TO THE
FOURTH
MISSING
STUDENT. I
ASSURE YOU,
I HAVE NO
INTENTION OF
RESISTING.

  

YES.
ONE OF
THEM HASN’T
CEEN REVORTED
MISSING
YET.",auto_ocr_sentiment,test
"Invincible, Vol. 1.pdf_p0339_panel_2.jpg",neutral,"Ci
— Ae i om A
tT} om fn
by La
i
_ f 5 it \
Ke ky
Tr",auto_ocr_sentiment,test
"Invincible, Vol. 1.pdf_p0833_panel_5.jpg",anger,"BUT IT JUST

WOULDN’T BE FAIR

TO AMBER. T CAN’T
BREAK HER HEART
BECAUSE EVE FELL

FOR ME WHILE SHE
WAS PUSHING
Me AWAY.",auto_ocr_sentiment,test
"Invincible, Vol. 1.pdf_p1036_panel_4.jpg",surprise,"SQ... YOU NEEVEV TC
K TO Me ABOUT =
SOMETHING AND IT CAN’T AS ALL THAT.
WAIT? YOU PROVE ALL AT LEAST I
THE WAY UP HERE
FOR THIS?

THINK T LIKE
b THE SOUND
OF THIS...",auto_ocr_sentiment,test
"Invincible, Vol. 1.pdf_p1012_panel_1.jpg",neutral,"€’S OUT. HE DOESN’T
SUALLY GO DOWN FOR
A NAP THIS EASY. I
GUESS FLYING MAKES
HIM TIRED.

AT FIRST MORE THAN
NOW. I HAVE TO REALLY
PUSH IT WITH MY SPEED

TO BREAK A SWEAT FLYING.

IT’S HARP TO EXPLAIN
IF YOU CAN’T
VO IT.

SO... WHAT
ARE WE GOING |
TO DO WITH
THE LITTLE
GUY?",auto_ocr_sentiment,test
"Invincible, Vol. 1.pdf_p0808_panel_1.jpg",anger,"50--YOU'RE NOT JUST
f HIS MINDLESS PAWN AFTER
ALL--YOU’/RE WORKING WITH
THIS LITTLE CREEP! I KINDA
LIKEP THE THOUGHT OF You
BEING TAKEN OVER--
CONTROLLED--MADE TO
WORK WITH THE LIKES
OF US.

I LIKE
THE THOUGHT
OF YOU BEING

PEAD EVEN

ETTER.

YOU HAVE NO HOPE--

STRONG. THIS WON’T
TAKE BUT A FEW
SECONDS.",auto_ocr_sentiment,test
"Invincible, Vol. 1.pdf_p0147_panel_0.jpg",neutral,"AFTER ALONG WEEK OF

LATE NIGHT SUPER-HEROICS,
SATURDAYS ARE AN
EXCELLENT TIME TO CATCH
UP ON YOUR SLEEP.",auto_ocr_sentiment,test
"Invincible, Vol. 1.pdf_p1020_panel_4.jpg",neutral,,auto_ocr_sentiment,test
"Invincible, Vol. 1.pdf_p0015_panel_3.jpg",neutral,,auto_ocr_sentiment,test
"Invincible, Vol. 1.pdf_p0343_panel_8.jpg",sadness,"GET TO WORK... WE
NEED TO GET HIM OUT
OF THERE AS SOON
AS POSSIBLE.

   
 
   
   

I’M SURE
THAT BOY IS
SCAREP TO

DEATH RIGHT",auto_ocr_sentiment,test
"Invincible, Vol. 1.pdf_p0568_panel_5.jpg",neutral,SS,auto_ocr_sentiment,test
"Invincible, Vol. 1.pdf_p0514_panel_6.jpg",anger,"OH, CRUD!
LOOK AT THE
TIME! I GOTTA
GO GUYS. I’M
SUPPOSED
TO BE SOME-
WHERE.",auto_ocr_sentiment,test
"Invincible, Vol. 1.pdf_p0707_panel_2.jpg",neutral,,auto_ocr_sentiment,test
"Invincible, Vol. 1.pdf_p0528_panel_3.jpg",surprise,"OH, HEY :
RUS--DIPN’T © T
SEE YOU",auto_ocr_sentiment,test
"Invincible, Vol. 1.pdf_p0615_panel_10.jpg",neutral,,auto_ocr_sentiment,test
"Invincible, Vol. 1.pdf_p0239_panel_1.jpg",neutral,,auto_ocr_sentiment,test
"Invincible, Vol. 1.pdf_p0525_panel_1.jpg",neutral,,auto_ocr_sentiment,test
"Invincible, Vol. 1.pdf_p0030_panel_3.jpg",neutral,"THE FINAL STEP WAS TO SEND A TEAM OF
SCIENTISTS DOWN TO THE PLANET’S
SURFACE TO ASSIST IN THE ADVANCEMENT
OF THE CIVILIZATION’S TECHNOLOGIES.

  

BEHINP ON THE PLANET
MONITORING ITS PROGRESS.",auto_ocr_sentiment,test
"Invincible, Vol. 1.pdf_p1018_panel_1.jpg",neutral,,auto_ocr_sentiment,test
"Invincible, Vol. 1.pdf_p0574_panel_2.jpg",neutral,,auto_ocr_sentiment,test
"Invincible, Vol. 1.pdf_p0685_panel_5.jpg",neutral,"HIS GRANPFATHER'S

DIE. THEY’RE IN
A SMALL
TOWN.",auto_ocr_sentiment,test
"Invincible, Vol. 1.pdf_p0212_panel_4.jpg",neutral,,auto_ocr_sentiment,test
"Invincible, Vol. 1.pdf_p0637_panel_1.jpg",neutral,,auto_ocr_sentiment,test
"Invincible, Vol. 1.pdf_p0263_panel_0.jpg",neutral,"YOU'RE
NOT THINKING

THIS THROUGH.
WE HAVE A
RESPONSIBILITY
TO OUR HOME
WORLD. YOU MAY
NOT UNDERSTAND
NOW, BUT--",auto_ocr_sentiment,test
"Invincible, Vol. 1.pdf_p0724_panel_4.jpg",fear,"ARE BOTH CLONES.
T KNOW IN THE PAST
THE DISPUTE
BETWEEN WHICH
OF US WAS THE
CLONE AND WHICH
ONE WASN’T
PROVE OUR
AMBITION.

   
 
 
     
     

WE WERE
CONSTANTLY TRYING
TO IMPRESS THE
OTHER TO PROVE THAT
WE WERE SUPERIOR.",auto_ocr_sentiment,test
"Invincible, Vol. 1.pdf_p0516_panel_4.jpg",neutral,"LE >
\",auto_ocr_sentiment,test
"Invincible, Vol. 1.pdf_p0538_panel_2.jpg",neutral,,auto_ocr_sentiment,test
"Invincible, Vol. 1.pdf_p0939_panel_5.jpg",neutral,,auto_ocr_sentiment,test
"Invincible, Vol. 1.pdf_p0444_panel_0.jpg",surprise,"THROWING IN THE | ees""

TOWEL! THE
NIGHT IS STILL
YOUNG! 4

zs | ‘i
4) wo

. or
AW, RUS-- SG
YOU'RE SUCH J
APA
POOPER! 4

SS Mae
Ui

f

TZ",auto_ocr_sentiment,test
"Invincible, Vol. 1.pdf_p0753_panel_0.jpg",neutral,"YOU CAN
OVEN YOUR

 

JUST-- *
JUST TELL ¥
ME WHEN

WE'RE ON THE J
. GROUND.

fa

    
 

a",auto_ocr_sentiment,test
"Invincible, Vol. 1.pdf_p0333_panel_3.jpg",neutral,,auto_ocr_sentiment,test
"Invincible, Vol. 1.pdf_p0062_panel_1.jpg",neutral,"I GUESS
I COULPN’T
COMPLAIN IF
THEY NEVER
INCREASED

AT ALL.",auto_ocr_sentiment,test
"Invincible, Vol. 1.pdf_p0349_panel_5.jpg",neutral,"PROCLAMATION OF
INTENT. WHERE YOU
WILL CONFESS YOUR
DESIRE TO BECOME

AQUARIA’S MATE. THEN
THAT LEADS INTO THE
HEROIC CONQUEST.
IT’S AN ANCIENT RITUAL
DATING BACK TO THE
BEGINNING OF OUR
CIVILIZATION.",auto_ocr_sentiment,test
"Invincible, Vol. 1.pdf_p0726_panel_0.jpg",neutral,"se. eee

> ss AW He",auto_ocr_sentiment,test
"Invincible, Vol. 1.pdf_p0908_panel_0.jpg",neutral,"SOMETIME LATER. THE
LEADER OF THE COALITION
OF PLANETS, THE GREAT
THAEDPUS HAS ARRIVED TO
CHECK IN ON THE NEWLY

HEALEP ALLEN THE ALIEN.

RIGHT THIS
WAY, SIR. HE’S
JUST THROUGH
THESE DOORS g
HEAD.",auto_ocr_sentiment,test
"Invincible, Vol. 1.pdf_p0462_panel_5.jpg",fear,"AH. MOM BOUGHT

ASHER--AND A CAR
JAS GONE. I’M GOING
USING THE REST
R MY BOOKS.

   
 
 
 
  
 
 

aT

     

I START
COLLEGE IN",auto_ocr_sentiment,test
"Invincible, Vol. 1.pdf_p0373_panel_0.jpg",neutral,,auto_ocr_sentiment,test
"Invincible, Vol. 1.pdf_p0450_panel_3.jpg",neutral,"w O
&_ zwen
yi sage
oe P2709
LES ots 2
sogecaees
x Wosurou

BAS: Qu
Eso 2 Ow
S05 “Zr
\Z5t2 on
agaesaas
oUF Sz
0 L2uF

nH e2r",auto_ocr_sentiment,test
"Invincible, Vol. 1.pdf_p0981_panel_3.jpg",neutral,"YOU--YOU DIDA W

YOU'VE =
REMARKABLE REALLY PROVEN
JOB OUT HERE, A YOURSELE.",auto_ocr_sentiment,test
"Invincible, Vol. 1.pdf_p0350_panel_2.jpg",fear,"HEY, WHAT’S THE
WORP? YOU GETTING
ME OUT OF HERE?

   
     
 
     
 
 
 
     

YOU’RE STILL
THERE! I THOUGHT
FOR SURE OUR LEGAL
TEAM WOULD HAVE
FIGURED SOMETHING
OUT AND CONTACTED {f
YOU BY NOW.",auto_ocr_sentiment,test
"Invincible, Vol. 1.pdf_p0998_panel_3.jpg",neutral,"YOUR FATHER, \",auto_ocr_sentiment,test
"Invincible, Vol. 1.pdf_p1078_panel_4.jpg",neutral,"W HOW
UNCOMFORTABLE |]-
“ARM-PITTING”
S4",auto_ocr_sentiment,test
"Invincible, Vol. 1.pdf_p0378_panel_1.jpg",fear,"THEY’RE NOT THAT
TOUGH AT ALL, BUT THEY’RE
EVERYWHERE. [T SEEMS
LIKE FOR EVERY ONE OF
THESE THINGS I KNOCK
DOWN, THREE MORE TAKE
ITS PLACE.

   
 
   
       
   

AT THIS
RATE... THEY’RE
GOING TO BEAT
US.",auto_ocr_sentiment,test
"Invincible, Vol. 1.pdf_p0685_panel_4.jpg",fear,"BOYFRIEND RUNS
TO SAY GOOPBYE
VD LETS YOU KNOW
ON ALAST MINUTE
TRIP--CAN’T TELL
HEN HE’LL Be
C AND CAN’T

 
 
 
 
 
 
  
    

Y HE CAN’T

y EVEN MAKE

IT TO A PAY
PHONE",auto_ocr_sentiment,test
"Invincible, Vol. 1.pdf_p0835_panel_9.jpg",neutral,,auto_ocr_sentiment,test
"Invincible, Vol. 1.pdf_p0514_panel_1.jpg",disgust,"SEKIOUSLY, THOUGH.
MY ROOMMATE IS A
REAL JERK. HE'S
ALWAYS NAGGING ME
ABOUT HOW MUCH I
SLEEP. IT'S REALLY
CRAPYPY LIVING WITH
THE GUY--HE’S
WORSE THAN MY
FATHER.",auto_ocr_sentiment,test
"Invincible, Vol. 1.pdf_p0318_panel_5.jpg",neutral,,auto_ocr_sentiment,test
"Invincible, Vol. 1.pdf_p0835_panel_0.jpg",neutral,"OH, IT’S :
upvosep ) ff |
THE LIBRARY OF PAYTON-NOBLE TO BE--

UNIVERSITY. WHERE AMBER __ | | OH--
BENNETT, GIRLERIEND OF MARK . : WHERE
GRAYSON, IS CURRENTLY . ! | IS \T#!
LOOKING FOR A BOOK. , | y

EE a",auto_ocr_sentiment,test
"Invincible, Vol. 1.pdf_p0013_panel_4.jpg",neutral,,auto_ocr_sentiment,test
"Invincible, Vol. 1.pdf_p0772_panel_3.jpg",neutral,,auto_ocr_sentiment,test
"Invincible, Vol. 1.pdf_p0897_panel_0.jpg",neutral,,auto_ocr_sentiment,test
"Invincible, Vol. 1.pdf_p0557_panel_1.jpg",neutral,"Yes, [ntS (S AN CACELLENT FUKTH
POINT. OUR KNOWLEDGE ON WE MUS

THE INNER WORKINGS OF THESI
THE VILTRUM EMPIRE ARE VILTRUI
QUESTIONABLE AT BEST. ATTEMPF

IT |S TRUE THAT WE
DO NOT KNOW THEIR
CURRENT
STATUS.

THEM TO
THEY \
VAL
AL

     
     
     
    
 
  
 
 
 
 
 
 
 
 
  

ONE
INVING
OFFSPR
EARTH IS
TO OL

ANY THIN
PREVENT
TAKEOV
WILL
ASS",auto_ocr_sentiment,test
"Invincible, Vol. 1.pdf_p0730_panel_4.jpg",neutral,,auto_ocr_sentiment,test
"Invincible, Vol. 1.pdf_p1031_panel_1.jpg",fear,"AFTEK I WAS IN AFKICA
WITH YOU--WHEN TI FLEW
HOME TO FIGHT ANGSTROM
LEVY. HE TRAPVED ME IN
SOME ALTERNATE DIMENSION.

IT TOOK THE GUARDIANS
OF THE GLOBE OVER A
PECAPE BUT THEY
SAVED ME.

 
 
 
 
 
 
   
 
    
 
 
 
 
 
 
 
 
 
 
 
 
       
 
   
  

  
    
  
   
 
   
  

YOU WERE
WITH THEM. THEY
CAME BACK IN TIME
TO WHERE I WAG...
ONLY MOMENTS AFTER
I’D BEEN STUCK IN
THE DIMENSION...
AND THEY SAveP
I SAW You-- Me.
AN OLPER YOU.
SHE TOLD ME HOW
YOU FELT ABOUT ME--
URGED ME TO LET YOU SHE'D BEEN,
KNOW HOW I FELT I DON’T KNOW,
WHETHER I LIKED OBSESSED WITH ME
YOU OR NOT--JUST WHILE I WAS GONE ALL
TO GIVE YOU THOSE YEARS. SHE
CLOSURE. SEEMED REALLY
DISTRESSED OVER IT.
SHE TOLD ME ALL
ABOUT HER--YOUR
FEELINGS.",auto_ocr_sentiment,test
"Invincible, Vol. 1.pdf_p0747_panel_1.jpg",anger,". OH, HE’S GOTTA ~
BE LOVING THAT. ON
if THE RIDE HERE ALL WE
AH HAD WAS THIS NUTRIENT
PASTE STUFF
THAT WAS JUST
PISGUSTING.
.- ANS)

 

yy

ay:
=",auto_ocr_sentiment,test
"Invincible, Vol. 1.pdf_p0844_panel_2.jpg",neutral,,auto_ocr_sentiment,test
"Invincible, Vol. 1.pdf_p0703_panel_2.jpg",neutral,,auto_ocr_sentiment,test
"Invincible, Vol. 1.pdf_p0572_panel_0.jpg",anger,", TRY AMON
COLLEGE K
BE A Bic

GROWING

GET AWAY
BUT, SOl
YOU Cs
HEF
<

I DON’T
KNOW, A",auto_ocr_sentiment,test
"Invincible, Vol. 1.pdf_p0298_panel_3.jpg",neutral,,auto_ocr_sentiment,test
"Invincible, Vol. 1.pdf_p0812_panel_1.jpg",fear,"MARK... YOU--
YOU LOOK
. HORRIBLE. 4",auto_ocr_sentiment,test
"Invincible, Vol. 1.pdf_p0530_panel_6.jpg",neutral,,auto_ocr_sentiment,test
"Invincible, Vol. 1.pdf_p0424_panel_3.jpg",anger,"YEAH--AND
MY MOM PACKED
> SOME SANDWICHES
FOR THE TRIP. I’M
LING YOU, THOUGH--
I HAD TO TELL MY
IRLERIEND MY MOM
NV I WERE LEAVING
TOWN ON A FAMILY
EMERGENCY--I
DON’T THINK SHE
BOUGHT IT.

YOU GET
BACK.",auto_ocr_sentiment,test
"Invincible, Vol. 1.pdf_p0968_panel_0.jpg",neutral,,auto_ocr_sentiment,test
"Invincible, Vol. 1.pdf_p0813_panel_2.jpg",neutral,"ENOUGH. WE *
HAVE ALREADY
SAID TOO MUCH.
We CANNOT

SEVERELY.",auto_ocr_sentiment,test
"Invincible, Vol. 1.pdf_p0215_panel_2.jpg",neutral,,auto_ocr_sentiment,test
"Invincible, Vol. 1.pdf_p1101_panel_1.jpg",neutral,,auto_ocr_sentiment,test
"Invincible, Vol. 1.pdf_p0537_panel_4.jpg",neutral,"NOPE. IN FACT, UP
UNTIL THE POINT
WHERE HE SAT ME
DOWN TO TELL ME--1
HAD NO CLUE WHAT

WAS GOING
> ON.",auto_ocr_sentiment,test
"Invincible, Vol. 1.pdf_p0406_panel_3.jpg",neutral,,auto_ocr_sentiment,test
"Invincible, Vol. 1.pdf_p0573_panel_4.jpg",neutral,OF COUKSE.,auto_ocr_sentiment,test
"Invincible, Vol. 1.pdf_p0642_panel_4.jpg",neutral,,auto_ocr_sentiment,test
"Invincible, Vol. 1.pdf_p0683_panel_2.jpg",neutral,"GRACE WAS A

WONPERFUL WOMAN
WE WERE ALL
UPSET OVER HER

PASSING.",auto_ocr_sentiment,test
"Invincible, Vol. 1.pdf_p0545_panel_3.jpg",neutral,,auto_ocr_sentiment,test
"Invincible, Vol. 1.pdf_p0842_panel_0.jpg",neutral,,auto_ocr_sentiment,test
"Invincible, Vol. 1.pdf_p0307_panel_0.jpg",anger,"INVINCIBLE,
THANK HEAVENS!
WHEN YOU DION’T

IMMEDIATELY SHOW
UP I THOUGHT I

WAS TOO LATE! I
HAVE TO WARN
You!",auto_ocr_sentiment,test
"Invincible, Vol. 1.pdf_p0089_panel_1.jpg",neutral,"VANGEKOUS COULV
HE BE?",auto_ocr_sentiment,test
"Invincible, Vol. 1.pdf_p0041_panel_4.jpg",neutral,"WELL, OUK RIVDE'S HERE,

BUT I CAN SEE THAT A
BRIEF INTRODUCTION You've \
MET ATOM

a

SPLOPE. oy

M-- I MEAN,
INVINCIBLE.",auto_ocr_sentiment,test
"Invincible, Vol. 1.pdf_p1068_panel_5.jpg",neutral,,auto_ocr_sentiment,test
"Invincible, Vol. 1.pdf_p0695_panel_2.jpg",anger,"HAT MAKES YOU “™ y HOW CAN Y: ‘
THINK YOU KNOW WHAT 4 THINK [T WOULDPN’T

1S NORMAL?! HOW CAN 1 BE BETTERTO FEEL |

YOU PRESUME YOUR NOTHING AT TIMES
WAYS ARE RIGHT?! § , LIKE THESE?! .",auto_ocr_sentiment,test
"Invincible, Vol. 1.pdf_p0470_panel_4.jpg",surprise,"YEAH. YOU’RE
MAKING ABSOLUTELY
PER T SENSE.
I'VE NEVER EVEN
LOOKED AT STUFF
THAT WAY.

 
     

I
THINK IT’S
A GOOD
IDEA.",auto_ocr_sentiment,test
"Invincible, Vol. 1.pdf_p0649_panel_1.jpg",neutral,"WHAT PO YOU
MEAN BY THAT?
WHAT AM I
HERE TO
Po?

   
   
       
 
  
       
   

 
 

WHAT DO ™
You Neep ME ¥
HERE FOR THAT
YOU COULDN’T §
poBYYouR- g
SELF?",auto_ocr_sentiment,test
"Invincible, Vol. 1.pdf_p0161_panel_0.jpg",neutral,"I AM
FINE... WERE
IT NOT FOR
YOUR DELAY TI
WOULD Be",auto_ocr_sentiment,test
"Invincible, Vol. 1.pdf_p0937_panel_5.jpg",neutral,,auto_ocr_sentiment,test
"Invincible, Vol. 1.pdf_p0767_panel_2.jpg",neutral,",

 

%
Daw
i Sar Sh)",auto_ocr_sentiment,test
"Invincible, Vol. 1.pdf_p0015_panel_2.jpg",neutral,,auto_ocr_sentiment,test
"Invincible, Vol. 1.pdf_p1086_panel_1.jpg",neutral,,auto_ocr_sentiment,test
"Invincible, Vol. 1.pdf_p0750_panel_5.jpg",fear,"ALWAYS THOUGHT
SHE WENT OUT WITH J
WILLIAM TO GET A |

   

  

I ALWAYS
KINDA THOUGHT
SHE HAD A
TLIAIGA COC YOU.

 

(",auto_ocr_sentiment,test
"Invincible, Vol. 1.pdf_p0532_panel_4.jpg",anger,"HAVE CREATED
IS NOT MERELY
A PROCESS WITH
WHICH TO RE-
ANIMATE LIFE--
BUT IT IS THE
ULTIMATE
KILLING
MACHINE.

A WEAPO
OF WAR WI
LIMITLES

VPOTENTIA",auto_ocr_sentiment,test
"Invincible, Vol. 1.pdf_p0788_panel_2.jpg",neutral,,auto_ocr_sentiment,test
"Invincible, Vol. 1.pdf_p0762_panel_9.jpg",neutral,"HOW ARE
THINGS GOING
BETWEEN",auto_ocr_sentiment,test
"Invincible, Vol. 1.pdf_p0383_panel_3.jpg",surprise,"HEY,
BUPPY.

WHO’D A
THOUGHT, HUH?
ALIEN INVADERS
GOT US THE DAY
OFF OF SCHOOL.",auto_ocr_sentiment,test
"Invincible, Vol. 1.pdf_p1089_panel_2.jpg",neutral,,auto_ocr_sentiment,test
"Invincible, Vol. 1.pdf_p0524_panel_1.jpg",anger,"STILL HERE, SMART
GUY? DON’T YOU HAVE
SOMETHING BETTER
TO Doz

PRESENT. I
THOUGHT I
WAS ALONE",auto_ocr_sentiment,test
"Invincible, Vol. 1.pdf_p0890_panel_1.jpg",neutral,"' HOLD THESE GUYS |
BACK--T'LL FINISH

WILLIAM.",auto_ocr_sentiment,test
"Invincible, Vol. 1.pdf_p0769_panel_4.jpg",neutral,,auto_ocr_sentiment,test
"Invincible, Vol. 1.pdf_p0089_panel_0.jpg",surprise,es wil! THAT POCA Ye AC UN ETON F—O—— aay,auto_ocr_sentiment,test
"Invincible, Vol. 1.pdf_p1017_panel_5.jpg",neutral,"YOUR DAD. YOU GOT
A PLACE WE CAN TALK?
I’D REALLY LIKE TO GET 4

OUT OF SPACE FOR AT aim
LEAST A FEW MINUTES
DURING THIS
VISIT.",auto_ocr_sentiment,test
"Invincible, Vol. 1.pdf_p0553_panel_3.jpg",neutral,"THE VIL LIKUMITe IN THEIR *
MIDST.* (

  
   
  

**SEE ISSUE 5, INVINCIHEADS

i
.

YOU MIGHT AS WELL CHECK OUT ISSUE IB WHILE YOU’RE AT IT.",auto_ocr_sentiment,test
"Invincible, Vol. 1.pdf_p0689_panel_1.jpg",neutral,,auto_ocr_sentiment,test
"Invincible, Vol. 1.pdf_p0399_panel_6.jpg",neutral,,auto_ocr_sentiment,test
"Invincible, Vol. 1.pdf_p0972_panel_6.jpg",neutral,,auto_ocr_sentiment,test
"Invincible, Vol. 1.pdf_p0447_panel_0.jpg",neutral,il,auto_ocr_sentiment,test
"Invincible, Vol. 1.pdf_p0706_panel_0.jpg",neutral,"Zp
bor

\\ eae
s",auto_ocr_sentiment,test
"Invincible, Vol. 1.pdf_p1100_panel_1.jpg",neutral,,auto_ocr_sentiment,test
"Invincible, Vol. 1.pdf_p0033_panel_1.jpg",neutral,"» THINGS ARE GOING TO
START TO CHANGE FOR
YOU IN A FEW YEARS
AS YOU HIT
PUBERTY.

 
 
 
 
 
 
 
  
 
 
 
 
 
 
 
 
 
 
 
 
 
 
 
  
 

 
   
 
   
   
 
   
 
 
 
   
 

YOU’RE
GOING TO
START TO GET
ACNE.

YOUR
VOICE WILL
START TO
CRACK AND
EVENTUALLY

CHANGE.
YOU'LL
BEGIN TO
GROW HAIR
IN STRANGE

AND New

PLACES.

YOU'RE
GOING TO
START LOOKING
AT GIRLS INA
WHOLE NEW LIGHT.",auto_ocr_sentiment,test
"Invincible, Vol. 1.pdf_p0587_panel_2.jpg",neutral,,auto_ocr_sentiment,test
"Invincible, Vol. 1.pdf_p0979_panel_2.jpg",neutral,,auto_ocr_sentiment,test
"Invincible, Vol. 1.pdf_p0741_panel_3.jpg",neutral,"I THINK
f we couLp
| PROBABLY } |
“WR PO THAT. 7

eta, aa 2",auto_ocr_sentiment,test
"Invincible, Vol. 1.pdf_p0762_panel_7.jpg",neutral,"So...
AMBER STILL
SLEEPING?

WHERE IS

SHE?",auto_ocr_sentiment,test
"Invincible, Vol. 1.pdf_p1008_panel_7.jpg",neutral,"U DIDN'T
SEEM TO
WORRY TOO
MUCH ABOUT
THAT STUFF
WITH ME.",auto_ocr_sentiment,test
"Invincible, Vol. 1.pdf_p0901_panel_0.jpg",neutral,"AN UNPISCLOSED
LOCATION IN UTAH.

THE SECRET UNDERGROUND
MOUNTAIN BASE OF THE
GUARPIANS OF 7 THE GLOBE.",auto_ocr_sentiment,test
"Invincible, Vol. 1.pdf_p0718_panel_4.jpg",fear,"DON’T YOU SEE
HOW MUCH T’ve
AGED SINCE YOU

GOT HERE? I
UNPERSTAND THAT
TO YOU NOT MUCH

TIME HAS
PASSED--BUT
FOR ME--

 
 
 
    
  
  

MARK, BY
YOUR STANDARDS
I DON’T HAVE MUCH
TIME LEFT TO Live.
BY HIS STANDARDS",auto_ocr_sentiment,test
"Invincible, Vol. 1.pdf_p0368_panel_1.jpg",neutral,,auto_ocr_sentiment,test
"Invincible, Vol. 1.pdf_p0871_panel_1.jpg",neutral,"z. DN
IMPRESSED AN
THAT POESN’T
HAPPEN OFTEN
FEEL PROUD.

AR
LOOK
WORK?
ROOM F
THE G

él",auto_ocr_sentiment,test
"Invincible, Vol. 1.pdf_p0971_panel_4.jpg",neutral,"RA ete
BAY) By",auto_ocr_sentiment,test
"Invincible, Vol. 1.pdf_p0411_panel_2.jpg",neutral,"Ry
Jal sva, |
TF Ya

 

f}
i
i
‘|
/)

f",auto_ocr_sentiment,test
"Invincible, Vol. 1.pdf_p0253_panel_4.jpg",fear,"WN ON

IT SEEMED ITS PEOPLE WERE
ALMOST ALWAYS IN SOME KIND
OF DANGER.

 

 
  
 
 
 
  
  
 
  
 
  
  
 
  

EVERY TIME I TURNED AROUND
THERE WAS ANEW THREAT OUT
TO CONQUER THE PLANET
CEFORE VILTRUM EVEN HAD

A CHANCE.

WE HAD LAID CLAIM
TO THIS PLANET... I
WAS NOT ABOUT TO

LET IT FALL TO
ANOTHER INVADER.

AFTER ONLY A FEW MONTHS, MY
LIFE HAP SETTLED INTO A ROUTINE
THAT INVOLVED LITTLE MORE THAN
ENDING THREAT AFTER THREAT TO
THE HUMAN RACE.",auto_ocr_sentiment,test
"Invincible, Vol. 1.pdf_p0041_panel_5.jpg",neutral,,auto_ocr_sentiment,test
"Invincible, Vol. 1.pdf_p0730_panel_3.jpg",fear,"+ APY KECIATE

EVERYTHING YOU’VE
DONE FOR MY MOTHER
IND ME. REALLY, I PO--
BUT I’LL START TRUSTING
YOUR JUDGMENT MORE
AFTER I DO SOMETHING
WRONG. RIGHT NOW I
DON’T THINK MY
JUPGMENT WAS
IN THE WRONG
HERE.

  
   
 
 
 
  
  
  
 
   
 
     

I’VE GOT

A COUPLE MORE

STOPS. IF YOU

NEED ME, YOU

KNOW WHERE

TO FIND
Me.",auto_ocr_sentiment,test
"Invincible, Vol. 1.pdf_p0936_panel_4.jpg",neutral,,auto_ocr_sentiment,test
"Invincible, Vol. 1.pdf_p0522_panel_6.jpg",neutral,ABOUT IT.,auto_ocr_sentiment,test
"Invincible, Vol. 1.pdf_p0461_panel_3.jpg",neutral,,auto_ocr_sentiment,test
"Invincible, Vol. 1.pdf_p0074_panel_0.jpg",neutral,,auto_ocr_sentiment,test
"Invincible, Vol. 1.pdf_p0519_panel_6.jpg",neutral,,auto_ocr_sentiment,test
"Invincible, Vol. 1.pdf_p1021_panel_4.jpg",fear,"N'T KNOW IF PURE-

P VILTRUMITES ARE
NITH THEIR POWERS-——
MING DION’T COME
iTi IT WAS WELL
NTO PUBERTY. —

   

=
cael 9",auto_ocr_sentiment,test
"Invincible, Vol. 1.pdf_p0293_panel_0.jpg",neutral,"FOC LAN, “AK THOUGHT. RS KNOW F EXIST. 1M ALSO IN
Rewaan'| (i <A) KNOW T EXIST. 17M ALSO IN.
|

\ OF THE GLOBE IN THEIe NEw
| \ GOVERNMENT-SANCTIONEP
| i ENTITY, AND THE NEWLY
tj |. Y
A )
; [| = , a A
f S ; , j

    

   

    

REINSTATED GUARP
> ORGANIZATION.",auto_ocr_sentiment,test
"Invincible, Vol. 1.pdf_p1003_panel_7.jpg",neutral,,auto_ocr_sentiment,test
"Invincible, Vol. 1.pdf_p0018_panel_4.jpg",neutral,"ALL TOO WELL. I HEAR
THAT ALL THE TIME,
EVERYONE WANTS
IGONIA COSTUMES
BUT NO ONE KNOWS LOOK,

WHAT THAT ICONIC IS A
MEANS. LITTLE TRICKY TO

PO, BUT YOUR PAP
IS WELL... YOUR DAD,
SO I'LL GIVE ITA SHOT,
BUT I’M GOING TO NEED
TO KNOW WHAT YOUR
NAME IS GOING TO
BE, THAT
HELPS...

HAVE
YOU PECIDED
ON A NAME, YET?",auto_ocr_sentiment,test
"Invincible, Vol. 1.pdf_p0839_panel_7.jpg",neutral,SAVAGE,auto_ocr_sentiment,test
"Invincible, Vol. 1.pdf_p1112_panel_6.jpg",neutral,"4

a

| cy

aa
a ma
1

“> f
IN! ’ ds
z | ry) 7...

TY —",auto_ocr_sentiment,test
